{
"type": "FeatureCollection",
"name": "hexagons_raw",
"crs": { "type": "name", "properties": { "name": "urn:ogc:def:crs:OGC:1.3:CRS84" } },
"features": [
{ "type": "Feature", "properties": { "h3_id": "880b9a0d83fffff", "h3_resolution": 8, "center_lat": 55.958764587388245, "center_lng": 92.707672398237818 }, "geometry": { "type": "Polygon", "coordinates": [ [ [ 92.700757096138503, 55.961950813545535 ], [ 92.699606194206396, 55.957019744855842 ], [ 92.706520824715327, 55.953833584616113 ], [ 92.714586424490918, 55.955578037457279 ], [ 92.715738928508657, 55.960508816451707 ], [ 92.708824230844527, 55.963695432343791 ], [ 92.700757096138503, 55.961950813545535 ] ] ] } },
{ "type": "Feature", "properties": { "h3_id": "880ab49363fffff", "h3_resolution": 8, "center_lat": 56.102962473923199, "center_lng": 93.163850481439781 }, "geometry": { "type": "Polygon", "coordinates": [ [ [ 93.156962288267422, 56.106170722103812 ], [ 93.155757451472411, 56.101253688932971 ], [ 93.162644981896904, 56.098045508742047 ], [ 93.170737387735315, 56.099753907140716 ], [ 93.171943821261081, 56.1046706434825 ], [ 93.165056252403446, 56.107879278297339 ], [ 93.156962288267422, 56.106170722103812 ] ] ] } },
{ "type": "Feature", "properties": { "h3_id": "880b9a76c9fffff", "h3_resolution": 8, "center_lat": 56.043146633705504, "center_lng": 92.773465105404938 }, "geometry": { "type": "Polygon", "coordinates": [ [ [ 92.766543362600743, 56.046336186398378 ], [ 92.765382963881862, 56.04140884030501 ], [ 92.772304034352828, 56.038219353340153 ], [ 92.780385566941291, 56.039956756775304 ], [ 92.781547571785879, 56.04488381223387 ], [ 92.774626438097371, 56.048073754935658 ], [ 92.766543362600743, 56.046336186398378 ] ] ] } },
{ "type": "Feature", "properties": { "h3_id": "880b9a74cbfffff", "h3_resolution": 8, "center_lat": 56.039593957183307, "center_lng": 92.88768952555445 }, "geometry": { "type": "Polygon", "coordinates": [ [ [ 92.880780969949853, 56.042788954600333 ], [ 92.879608144818107, 56.037864033144444 ], [ 92.886516031539472, 56.034669102286216 ], [ 92.894596799490529, 56.036398637575701 ], [ 92.89577122645143, 56.041323266543195 ], [ 92.888863283814345, 56.044518652752828 ], [ 92.880780969949853, 56.042788954600333 ] ] ] } },
{ "type": "Feature", "properties": { "h3_id": "880b9a3945fffff", "h3_resolution": 8, "center_lat": 56.043714500502347, "center_lng": 92.689185281325763 }, "geometry": { "type": "Polygon", "coordinates": [ [ [ 92.682254161540868, 56.046900019611719 ], [ 92.681102997264489, 56.041970840899658 ], [ 92.688033442240808, 56.038785386917901 ], [ 92.696115120278506, 56.0405286556852 ], [ 92.697267893679552, 56.045457545131924 ], [ 92.690337380098441, 56.04864345512047 ], [ 92.682254161540868, 56.046900019611719 ] ] ] } },
{ "type": "Feature", "properties": { "h3_id": "880b9a29adfffff", "h3_resolution": 8, "center_lat": 56.103808297679343, "center_lng": 93.079627862015528 }, "geometry": { "type": "Polygon", "coordinates": [ [ [ 93.072730162696516, 56.107012558352004 ], [ 93.071534523658315, 56.102093655924023 ], [ 93.078431557717948, 56.098889462651833 ], [ 93.086524274813499, 56.100603716926528 ], [ 93.087721513673984, 56.105522323875171 ], [ 93.080824435801631, 56.108726972071324 ], [ 93.072730162696516, 56.107012558352004 ] ] ] } },
{ "type": "Feature", "properties": { "h3_id": "880b9a0ddbfffff", "h3_resolution": 8, "center_lat": 55.977877081421028, "center_lng": 92.666161442644906 }, "geometry": { "type": "Polygon", "coordinates": [ [ [ 92.659238482287137, 55.981061361152491 ], [ 92.658091616220389, 55.976129898505803 ], [ 92.665013903180792, 55.972945684249368 ], [ 92.67308312624796, 55.974692476834711 ], [ 92.674231597283182, 55.979623650490211 ], [ 92.667309240461975, 55.982808320595261 ], [ 92.659238482287137, 55.981061361152491 ] ] ] } },
{ "type": "Feature", "properties": { "h3_id": "880b9a7645fffff", "h3_resolution": 8, "center_lat": 55.986902837764539, "center_lng": 92.729576851665911 }, "geometry": { "type": "Polygon", "coordinates": [ [ [ 92.72265940078546, 55.990090172900004 ], [ 92.721505339714327, 55.985160342125162 ], [ 92.728422118755617, 55.981973072843807 ], [ 92.736493024895594, 55.983715178700258 ], [ 92.737648689399109, 55.988644719466805 ], [ 92.730731844510231, 55.991832444428724 ], [ 92.72265940078546, 55.990090172900004 ] ] ] } },
{ "type": "Feature", "properties": { "h3_id": "880b9a7447fffff", "h3_resolution": 8, "center_lat": 55.983405844943412, "center_lng": 92.843680140622212 }, "geometry": { "type": "Polygon", "coordinates": [ [ [ 92.836775827124796, 55.986598621345998 ], [ 92.835609362311033, 55.981671209193905 ], [ 92.842513007401962, 55.978478499476637 ], [ 92.850583176057285, 55.980212746653912 ], [ 92.851751240035711, 55.985139866943456 ], [ 92.844847536375212, 55.988333031961567 ], [ 92.836775827124796, 55.986598621345998 ] ] ] } },
{ "type": "Feature", "properties": { "h3_id": "880b9a66d9fffff", "h3_resolution": 8, "center_lat": 56.090539656282004, "center_lng": 93.061052897402362 }, "geometry": { "type": "Polygon", "coordinates": [ [ [ 93.054155287314984, 56.093743007053533 ], [ 93.052962055336053, 56.088823327854975 ], [ 93.05985900003212, 56.085620044457556 ], [ 93.06794922186306, 56.087335985359722 ], [ 93.069144053331485, 56.092255369356771 ], [ 93.062247063664088, 56.095459107696037 ], [ 93.054155287314984, 56.093743007053533 ] ] ] } },
{ "type": "Feature", "properties": { "h3_id": "880b9a7619fffff", "h3_resolution": 8, "center_lat": 56.021697865705519, "center_lng": 92.760743982445533 }, "geometry": { "type": "Polygon", "coordinates": [ [ [ 92.753824320182929, 56.024886765408276 ], [ 92.752665899774755, 56.019958558753935 ], [ 92.759584890009592, 56.016769724855664 ], [ 92.767662364799051, 56.018508641952671 ], [ 92.768822390164047, 56.023436558145868 ], [ 92.761903335963453, 56.026625847746708 ], [ 92.753824320182929, 56.024886765408276 ] ] ] } },
{ "type": "Feature", "properties": { "h3_id": "880b9a741bfffff", "h3_resolution": 8, "center_lat": 56.018162755172035, "center_lng": 92.874919483773184 }, "geometry": { "type": "Polygon", "coordinates": [ [ [ 92.868012991069307, 56.0213570974908 ], [ 92.866842153822105, 56.016431313681736 ], [ 92.873747977941903, 56.013237037998223 ], [ 92.881824696164216, 56.014968090848157 ], [ 92.882997134081648, 56.019893582342533 ], [ 92.876091253288365, 56.023088313344871 ], [ 92.868012991069307, 56.0213570974908 ] ] ] } },
{ "type": "Feature", "properties": { "h3_id": "880b9a0ca7fffff", "h3_resolution": 8, "center_lat": 55.989790018834775, "center_lng": 92.699595552588534 }, "geometry": { "type": "Polygon", "coordinates": [ [ [ 92.692674335552027, 55.992975925303227 ], [ 92.6915234832436, 55.988045515248892 ], [ 92.698444027478274, 55.984859674400028 ], [ 92.706515491968872, 55.986603787863764 ], [ 92.70766794897483, 55.991533908401266 ], [ 92.70074733697237, 55.994720205035456 ], [ 92.692674335552027, 55.992975925303227 ] ] ] } },
{ "type": "Feature", "properties": { "h3_id": "880b9a2955fffff", "h3_resolution": 8, "center_lat": 56.091313052674067, "center_lng": 92.976808126499904 }, "geometry": { "type": "Polygon", "coordinates": [ [ [ 92.969901042621416, 56.094512403229714 ], [ 92.96871701969755, 56.089590864336969 ], [ 92.975623435682053, 56.086391580563166 ], [ 92.983713925128626, 56.088113380491187 ], [ 92.984899550609967, 56.093034625537427 ], [ 92.977993084271063, 56.096234364545232 ], [ 92.969901042621416, 56.094512403229714 ] ] ] } },
{ "type": "Feature", "properties": { "h3_id": "880b9a6667fffff", "h3_resolution": 8, "center_lat": 56.001962169626296, "center_lng": 93.039603798296241 }, "geometry": { "type": "Polygon", "coordinates": [ [ [ 93.032718147099544, 56.005164303110263 ], [ 93.031529737720078, 56.000241748164449 ], [ 93.038414725659521, 55.997039682590732 ], [ 93.046488169310265, 55.998759717298675 ], [ 93.047678172302597, 56.003681977253173 ], [ 93.040793138214539, 56.006884497533811 ], [ 93.032718147099544, 56.005164303110263 ] ] ] } },
{ "type": "Feature", "properties": { "h3_id": "880b9a2b0dfffff", "h3_resolution": 8, "center_lat": 56.085377789249648, "center_lng": 92.883257891653429 }, "geometry": { "type": "Polygon", "coordinates": [ [ [ 92.876341411996094, 56.088572671967647 ], [ 92.875167811997997, 56.083648894946087 ], [ 92.882083621201943, 56.080454078401466 ], [ 92.890173086906202, 56.082182583394641 ], [ 92.891348292339302, 56.087106068069048 ], [ 92.88443242681592, 56.090301340140783 ], [ 92.876341411996094, 56.088572671967647 ] ] ] } },
{ "type": "Feature", "properties": { "h3_id": "880b9a75edfffff", "h3_resolution": 8, "center_lat": 55.950253734253074, "center_lng": 92.950624518202744 }, "geometry": { "type": "Polygon", "coordinates": [ [ [ 92.94373736697942, 55.953451523222512 ], [ 92.942560114786218, 55.948525593329641 ], [ 92.94944660175814, 55.945327872051472 ], [ 92.957510392789544, 55.947055625877212 ], [ 92.958689237893509, 55.951981262131468 ], [ 92.951802699237007, 55.955179438241515 ], [ 92.94373736697942, 55.953451523222512 ] ] ] } },
{ "type": "Feature", "properties": { "h3_id": "880b9a2b27fffff", "h3_resolution": 8, "center_lat": 56.072850584357205, "center_lng": 92.933996001704656 }, "geometry": { "type": "Polygon", "coordinates": [ [ [ 92.927087172570779, 56.076047858523125 ], [ 92.925908354812691, 56.071124865878765 ], [ 92.93281651537545, 56.067927658338427 ], [ 92.940903546924162, 56.069652988172074 ], [ 92.942083967372284, 56.074575687631523 ], [ 92.935175753764781, 56.077773350485458 ], [ 92.927087172570779, 56.076047858523125 ] ] ] } },
{ "type": "Feature", "properties": { "h3_id": "880b9a75d3fffff", "h3_resolution": 8, "center_lat": 56.002702106993574, "center_lng": 92.955524449360141 }, "geometry": { "type": "Polygon", "coordinates": [ [ [ 92.948629369276333, 56.005900250913612 ], [ 92.947450134147459, 56.000975839347127 ], [ 92.954344548488265, 55.997777762746075 ], [ 92.96241824964028, 55.999503642758391 ], [ 92.963599081426636, 56.004427760686674 ], [ 92.956704615585906, 56.007626292283824 ], [ 92.948629369276333, 56.005900250913612 ] ] ] } },
{ "type": "Feature", "properties": { "h3_id": "880b9a293bfffff", "h3_resolution": 8, "center_lat": 56.093511214430556, "center_lng": 93.031072542054929 }, "geometry": { "type": "Polygon", "coordinates": [ [ [ 93.024171120957703, 56.096713148597409 ], [ 93.022981089902586, 56.091792879724466 ], [ 93.029881844632811, 56.088591012700412 ], [ 93.037972677494935, 56.090308959536259 ], [ 93.039164309335987, 56.095228933693505 ], [ 93.032263507713324, 56.098431255773598 ], [ 93.024171120957703, 56.096713148597409 ] ] ] } },
{ "type": "Feature", "properties": { "h3_id": "880b9a2b39fffff", "h3_resolution": 8, "center_lat": 56.097209856939415, "center_lng": 92.916799693627397 }, "geometry": { "type": "Polygon", "coordinates": [ [ [ 92.909885002643378, 56.100406363004488 ], [ 92.908707396402122, 56.095483651164848 ], [ 92.915621417543974, 56.092287211416632 ], [ 92.923713099315606, 56.094013028094103 ], [ 92.92489231069456, 56.098935447063226 ], [ 92.917978235347434, 56.102132342268675 ], [ 92.909885002643378, 56.100406363004488 ] ] ] } },
{ "type": "Feature", "properties": { "h3_id": "880b9a7401fffff", "h3_resolution": 8, "center_lat": 55.988606069611528, "center_lng": 92.867894400964914 }, "geometry": { "type": "Polygon", "coordinates": [ [ [ 92.86099191796221, 55.991800011669483 ], [ 92.859822660250359, 55.98687327517316 ], [ 92.866724475390072, 55.983679399930203 ], [ 92.874795605465209, 55.985411805987425 ], [ 92.875966461878022, 55.990338250237734 ], [ 92.869064589696123, 55.993532580720007 ], [ 92.86099191796221, 55.991800011669483 ] ] ] } },
{ "type": "Feature", "properties": { "h3_id": "880b9a2929fffff", "h3_resolution": 8, "center_lat": 56.065469044861082, "center_lng": 93.008948486295054 }, "geometry": { "type": "Polygon", "coordinates": [ [ [ 93.00204915971932, 56.068669867425569 ], [ 93.00086233495395, 56.063748343143097 ], [ 93.007760995390584, 56.060547587784249 ], [ 93.015846529018532, 56.062267901717448 ], [ 93.017034953250345, 56.067189131597218 ], [ 93.010136244571513, 56.070390341989473 ], [ 93.00204915971932, 56.068669867425569 ] ] ] } },
{ "type": "Feature", "properties": { "h3_id": "880b9a2967fffff", "h3_resolution": 8, "center_lat": 56.058826658953564, "center_lng": 92.99967577735211 }, "geometry": { "type": "Polygon", "coordinates": [ [ [ 92.992776499530592, 56.062027026463028 ], [ 92.991590875206654, 56.057105115245271 ], [ 92.998489486824639, 56.053904814928252 ], [ 93.006573771768771, 56.055625970830164 ], [ 93.007760995390584, 56.060547587784249 ], [ 93.00086233495395, 56.063748343143097 ], [ 92.992776499530592, 56.062027026463028 ] ] ] } },
{ "type": "Feature", "properties": { "h3_id": "880b9a75c1fffff", "h3_resolution": 8, "center_lat": 55.974623387289178, "center_lng": 92.933488588114074 }, "geometry": { "type": "Polygon", "coordinates": [ [ [ 92.926595609870574, 55.977820419198189 ], [ 92.925419559630356, 55.972894761882138 ], [ 92.932311872362945, 55.969697797355828 ], [ 92.940380288350667, 55.971426035215366 ], [ 92.941557933927953, 55.976351399205733 ], [ 92.934665568362306, 55.979548818705204 ], [ 92.926595609870574, 55.977820419198189 ] ] ] } },
{ "type": "Feature", "properties": { "h3_id": "880b9a0cb9fffff", "h3_resolution": 8, "center_lat": 56.014137436996052, "center_lng": 92.682278139092773 }, "geometry": { "type": "Polygon", "coordinates": [ [ [ 92.675351066322307, 56.017322564888964 ], [ 92.674201457614771, 56.01239243369595 ], [ 92.681127856311292, 56.009207371111032 ], [ 92.689203932845828, 56.010951983838154 ], [ 92.690355148688496, 56.015881825833056 ], [ 92.683428681041335, 56.019067344342652 ], [ 92.675351066322307, 56.017322564888964 ] ] ] } },
{ "type": "Feature", "properties": { "h3_id": "880b9a742dfffff", "h3_resolution": 8, "center_lat": 55.964242433206337, "center_lng": 92.885079187708172 }, "geometry": { "type": "Polygon", "coordinates": [ [ [ 92.878182540265541, 55.96743713822903 ], [ 92.877012069530821, 55.962510127287196 ], [ 92.883908050373634, 55.959315489388871 ], [ 92.891974558016827, 55.961047407376988 ], [ 92.893146625022595, 55.965974125758336 ], [ 92.88625058829534, 55.969169218755162 ], [ 92.878182540265541, 55.96743713822903 ] ] ] } },
{ "type": "Feature", "properties": { "h3_id": "880b9a2b65fffff", "h3_resolution": 8, "center_lat": 56.062487046136781, "center_lng": 92.885474912605233 }, "geometry": { "type": "Polygon", "coordinates": [ [ [ 92.878562397228691, 56.065681986826299 ], [ 92.877389184736643, 56.060757636861688 ], [ 92.884301030445556, 56.057562762538211 ], [ 92.892386144946315, 56.059291782783525 ], [ 92.893560961068957, 56.06421584033032 ], [ 92.886649059242714, 56.067411170092882 ], [ 92.878562397228691, 56.065681986826299 ] ] ] } },
{ "type": "Feature", "properties": { "h3_id": "880b9a762bfffff", "h3_resolution": 8, "center_lat": 55.989226569192326, "center_lng": 92.783764292365191 }, "geometry": { "type": "Polygon", "coordinates": [ [ [ 92.776852431369647, 55.992416499438932 ], [ 92.775692369574514, 55.987487922282682 ], [ 92.782603560234961, 55.98429805825473 ], [ 92.790674875272714, 55.986036315910894 ], [ 92.791836538775627, 55.990964602183347 ], [ 92.784925285713499, 55.994154921726789 ], [ 92.776852431369647, 55.992416499438932 ] ] ] } },
{ "type": "Feature", "properties": { "h3_id": "880b9a6655fffff", "h3_resolution": 8, "center_lat": 56.034458228474747, "center_lng": 93.016801850991456 }, "geometry": { "type": "Polygon", "coordinates": [ [ [ 93.009908418440091, 56.037659354963289 ], [ 93.008721597816148, 56.032737166640047 ], [ 93.015614365428505, 56.029536107651737 ], [ 93.023694001519914, 56.031256782131415 ], [ 93.024882419002267, 56.036178675878709 ], [ 93.017989603718306, 56.039380189765133 ], [ 93.009908418440091, 56.037659354963289 ] ] ] } },
{ "type": "Feature", "properties": { "h3_id": "880b9a7595fffff", "h3_resolution": 8, "center_lat": 55.991630434020152, "center_lng": 92.991164146873686 }, "geometry": { "type": "Polygon", "coordinates": [ [ [ 92.984274799885299, 55.994830245368313 ], [ 92.983091973226578, 55.989906329963105 ], [ 92.989980655860364, 55.986706586268248 ], [ 92.998052214541715, 55.988430303184352 ], [ 92.999236635764333, 55.993353924360989 ], [ 92.992347903924326, 55.99655412289296 ], [ 92.984274799885299, 55.994830245368313 ] ] ] } },
{ "type": "Feature", "properties": { "h3_id": "880b9a7459fffff", "h3_resolution": 8, "center_lat": 56.007764892161923, "center_lng": 92.826460319994368 }, "geometry": { "type": "Polygon", "coordinates": [ [ [ 92.819550162727538, 56.010956901039492 ], [ 92.818384918526661, 56.006029765190917 ], [ 92.825294406120676, 56.002837822688875 ], [ 92.833369197830763, 56.004572560637079 ], [ 92.834536043630251, 56.009499404938623 ], [ 92.827626496302244, 56.012691802882287 ], [ 92.819550162727538, 56.010956901039492 ] ] ] } },
{ "type": "Feature", "properties": { "h3_id": "880b9a7657fffff", "h3_resolution": 8, "center_lat": 56.015030193332223, "center_lng": 92.751507740239802 }, "geometry": { "type": "Polygon", "coordinates": [ [ [ 92.744588142453253, 56.018218637312685 ], [ 92.74343091579108, 56.01329004740397 ], [ 92.750349841490845, 56.010101669214471 ], [ 92.758426058568347, 56.011841425268429 ], [ 92.759584890009592, 56.016769724855664 ], [ 92.752665899774755, 56.019958558753935 ], [ 92.744588142453253, 56.018218637312685 ] ] ] } },
{ "type": "Feature", "properties": { "h3_id": "880b9a6629fffff", "h3_resolution": 8, "center_lat": 56.008604078038083, "center_lng": 93.048868442783842 }, "geometry": { "type": "Polygon", "coordinates": [ [ [ 93.041982745503532, 56.011806666241924 ], [ 93.040793138214539, 56.006884497533811 ], [ 93.047678172302597, 56.003681977253173 ], [ 93.055752859436666, 56.005401171025447 ], [ 93.056944060504861, 56.010323044603531 ], [ 93.050058980843204, 56.01352601958213 ], [ 93.041982745503532, 56.011806666241924 ] ] ] } },
{ "type": "Feature", "properties": { "h3_id": "880b9a7485fffff", "h3_resolution": 8, "center_lat": 56.027068260478352, "center_lng": 92.93837066761337 }, "geometry": { "type": "Polygon", "coordinates": [ [ [ 92.93146974651691, 56.030265643493479 ], [ 92.930291715533286, 56.025341507851934 ], [ 92.937191969622731, 56.022144191847346 ], [ 92.945270307530436, 56.023870556388836 ], [ 92.946449937606687, 56.028794398705422 ], [ 92.939549630865216, 56.031992169848536 ], [ 92.93146974651691, 56.030265643493479 ] ] ] } },
{ "type": "Feature", "properties": { "h3_id": "880b9a392bfffff", "h3_resolution": 8, "center_lat": 56.046047652391835, "center_lng": 92.743453946304712 }, "geometry": { "type": "Polygon", "coordinates": [ [ [ 92.736528423859497, 56.049235775432599 ], [ 92.735371239301983, 56.044307848806518 ], [ 92.742296088446636, 56.041119791259383 ], [ 92.750378187473331, 56.042859204538743 ], [ 92.751536979429702, 56.047786841021335 ], [ 92.744612065141382, 56.050975354411698 ], [ 92.736528423859497, 56.049235775432599 ] ] ] } },
{ "type": "Feature", "properties": { "h3_id": "880b9a74b1fffff", "h3_resolution": 8, "center_lat": 56.038892130227651, "center_lng": 92.971872344619641 }, "geometry": { "type": "Polygon", "coordinates": [ [ [ 92.964973216516157, 56.042091132522145 ], [ 92.963791190332302, 56.037168061929449 ], [ 92.970689652040321, 56.033969126787817 ], [ 92.978770190660455, 56.035692807215241 ], [ 92.979953815634701, 56.040615583961326 ], [ 92.973055303381514, 56.043814974169656 ], [ 92.964973216516157, 56.042091132522145 ] ] ] } },
{ "type": "Feature", "properties": { "h3_id": "880b9a773bfffff", "h3_resolution": 8, "center_lat": 55.953839397914031, "center_lng": 92.836681276228376 }, "geometry": { "type": "Polygon", "coordinates": [ [ [ 92.829780971365793, 55.957031773754153 ], [ 92.828616079189416, 55.952103412230457 ], [ 92.835515716366899, 55.948911103255867 ], [ 92.843580304834816, 55.950646700626429 ], [ 92.844746794208604, 55.955574770355945 ], [ 92.837847098097697, 55.958767534552251 ], [ 92.829780971365793, 55.957031773754153 ] ] ] } },
{ "type": "Feature", "properties": { "h3_id": "880ab49349fffff", "h3_resolution": 8, "center_lat": 56.115578470319079, "center_lng": 93.113204658421637 }, "geometry": { "type": "Polygon", "coordinates": [ [ [ 93.106308782223067, 56.118784348237114 ], [ 93.105109133846739, 56.113866519289786 ], [ 93.112004345407982, 56.110660708913976 ], [ 93.120099247222242, 56.112372272680439 ], [ 93.121300495101224, 56.117289805628182 ], [ 93.114405241848743, 56.12049607085185 ], [ 93.106308782223067, 56.118784348237114 ] ] ] } },
{ "type": "Feature", "properties": { "h3_id": "880b9a7511fffff", "h3_resolution": 8, "center_lat": 55.953190548573573, "center_lng": 92.920718000685739 }, "geometry": { "type": "Polygon", "coordinates": [ [ [ 92.913827072146248, 55.9563869232895 ], [ 92.91265300768957, 55.951460406848902 ], [ 92.919543271013467, 55.948264099592571 ], [ 92.927607652566749, 55.949993853877636 ], [ 92.928783311210708, 55.95492007716598 ], [ 92.921892994295547, 55.958116839364507 ], [ 92.913827072146248, 55.9563869232895 ] ] ] } },
{ "type": "Feature", "properties": { "h3_id": "880b9a74ddfffff", "h3_resolution": 8, "center_lat": 56.046247736141751, "center_lng": 92.896945917865764 }, "geometry": { "type": "Polygon", "coordinates": [ [ [ 92.890037306407422, 56.049443188923547 ], [ 92.888863283814345, 56.044518652752828 ], [ 92.89577122645143, 56.041323266543195 ], [ 92.903853247206442, 56.043051961203503 ], [ 92.90502887180142, 56.047976204746526 ], [ 92.898120873821853, 56.051172046300152 ], [ 92.890037306407422, 56.049443188923547 ] ] ] } },
{ "type": "Feature", "properties": { "h3_id": "880b9a0d9dfffff", "h3_resolution": 8, "center_lat": 55.9668817243885, "center_lng": 92.701908257033224 }, "geometry": { "type": "Polygon", "coordinates": [ [ [ 92.694991006923061, 55.970067692405721 ], [ 92.693840518041384, 55.965136715749004 ], [ 92.700757096138503, 55.961950813545535 ], [ 92.708824230844527, 55.963695432343791 ], [ 92.709976322622055, 55.968626119411233 ], [ 92.703059676977105, 55.971812477313264 ], [ 92.694991006923061, 55.970067692405721 ] ] ] } },
{ "type": "Feature", "properties": { "h3_id": "880b9a76e3fffff", "h3_resolution": 8, "center_lat": 56.03066385589343, "center_lng": 92.824213763542048 }, "geometry": { "type": "Polygon", "coordinates": [ [ [ 92.817299645582949, 56.033855806852188 ], [ 92.816134022060595, 56.028929240380144 ], [ 92.823047469561445, 56.025737355603667 ], [ 92.831126600707677, 56.027471581813714 ], [ 92.832293827629172, 56.032397856809858 ], [ 92.825380320186781, 56.035590197115219 ], [ 92.817299645582949, 56.033855806852188 ] ] ] } },
{ "type": "Feature", "properties": { "h3_id": "880b9a74e5fffff", "h3_resolution": 8, "center_lat": 56.005643373804482, "center_lng": 92.925582241245408 }, "geometry": { "type": "Polygon", "coordinates": [ [ [ 92.91868337416183, 56.008840100578318 ], [ 92.917507334270411, 56.003915102465726 ], [ 92.924405534643171, 56.000718442778883 ], [ 92.93247982850292, 56.002446326140834 ], [ 92.933657466333358, 56.007371031102167 ], [ 92.926759212547211, 56.010568145895881 ], [ 92.91868337416183, 56.008840100578318 ] ] ] } },
{ "type": "Feature", "properties": { "h3_id": "880b9a7509fffff", "h3_resolution": 8, "center_lat": 55.933216433517735, "center_lng": 92.893008936349219 }, "geometry": { "type": "Polygon", "coordinates": [ [ [ 92.886118171816165, 55.936411443320821 ], [ 92.884947683727731, 55.931483776580116 ], [ 92.891837782859653, 55.928288834197666 ], [ 92.899898425560835, 55.930021103633138 ], [ 92.901070507323652, 55.934948477638429 ], [ 92.894180352891809, 55.9381438749867 ], [ 92.886118171816165, 55.936411443320821 ] ] ] } },
{ "type": "Feature", "properties": { "h3_id": "880b9a0d95fffff", "h3_resolution": 8, "center_lat": 55.965439437588152, "center_lng": 92.716891691818716 }, "geometry": { "type": "Polygon", "coordinates": [ [ [ 92.709976322622055, 55.968626119411233 ], [ 92.708824230844527, 55.963695432343791 ], [ 92.715738928508657, 55.960508816451707 ], [ 92.723805784718962, 55.962252432024236 ], [ 92.72495947876088, 55.967182829256764 ], [ 92.718044714507656, 55.97036990079517 ], [ 92.709976322622055, 55.968626119411233 ] ] ] } },
{ "type": "Feature", "properties": { "h3_id": "880b9a76b7fffff", "h3_resolution": 8, "center_lat": 56.047713716698738, "center_lng": 92.88195405920618 }, "geometry": { "type": "Polygon", "coordinates": [ [ [ 92.875043552471027, 56.050908458200482 ], [ 92.87387113252089, 56.045983629646344 ], [ 92.880780969949853, 56.042788954600333 ], [ 92.888863283814345, 56.044518652752828 ], [ 92.890037306407422, 56.049443188923547 ], [ 92.883127412675321, 56.052638319368469 ], [ 92.875043552471027, 56.050908458200482 ] ] ] } },
{ "type": "Feature", "properties": { "h3_id": "880b9a74b9fffff", "h3_resolution": 8, "center_lat": 56.040366676245682, "center_lng": 92.956891446706678 }, "geometry": { "type": "Polygon", "coordinates": [ [ [ 92.949990421006248, 56.0435649695563 ], [ 92.948809994255953, 56.038641605360425 ], [ 92.955710353075617, 56.035443379086736 ], [ 92.963791190332302, 56.037168061929449 ], [ 92.964973216516157, 56.042091132522145 ], [ 92.958072806192675, 56.045289813918387 ], [ 92.949990421006248, 56.0435649695563 ] ] ] } },
{ "type": "Feature", "properties": { "h3_id": "880b9a7733fffff", "h3_resolution": 8, "center_lat": 55.952381684818945, "center_lng": 92.851645213916726 }, "geometry": { "type": "Polygon", "coordinates": [ [ [ 92.844746794208604, 55.955574770355945 ], [ 92.843580304834816, 55.950646700626429 ], [ 92.85047805733916, 55.947453682071341 ], [ 92.858542357376265, 55.949188278121177 ], [ 92.859710443312167, 55.954116055812364 ], [ 92.852812632829597, 55.957309529535216 ], [ 92.844746794208604, 55.955574770355945 ] ] ] } },
{ "type": "Feature", "properties": { "h3_id": "880b9a3933fffff", "h3_resolution": 8, "center_lat": 56.066043978407585, "center_lng": 92.7711875735381 }, "geometry": { "type": "Polygon", "coordinates": [ [ [ 92.764261857550935, 56.069233469000764 ], [ 92.763101085355316, 56.064306694460996 ], [ 92.770026128219456, 56.061117269402423 ], [ 92.77811200689176, 56.062854163102337 ], [ 92.779274387020834, 56.067780647079147 ], [ 92.772349280725507, 56.070970527962601 ], [ 92.764261857550935, 56.069233469000764 ] ] ] } },
{ "type": "Feature", "properties": { "h3_id": "880b9a748dfffff", "h3_resolution": 8, "center_lat": 56.028538502674799, "center_lng": 92.92339018041001 }, "geometry": { "type": "Polygon", "coordinates": [ [ [ 92.916487364096483, 56.031735176135697 ], [ 92.915310932847007, 56.026810747412924 ], [ 92.922213081668929, 56.023614140846433 ], [ 92.930291715533286, 56.025341507851934 ], [ 92.93146974651691, 56.030265643493479 ], [ 92.924567544084468, 56.033462705253825 ], [ 92.916487364096483, 56.031735176135697 ] ] ] } },
{ "type": "Feature", "properties": { "h3_id": "880b9a3907fffff", "h3_resolution": 8, "center_lat": 56.054163542916079, "center_lng": 92.737685869273633 }, "geometry": { "type": "Polygon", "coordinates": [ [ [ 92.730758391673163, 56.057351406353938 ], [ 92.729601619984464, 56.052423573480482 ], [ 92.736528423859497, 56.049235775432599 ], [ 92.744612065141382, 56.050975354411698 ], [ 92.745770445043931, 56.05590289724767 ], [ 92.738843575631677, 56.059091151185733 ], [ 92.730758391673163, 56.057351406353938 ] ] ] } },
{ "type": "Feature", "properties": { "h3_id": "880b9a7461fffff", "h3_resolution": 8, "center_lat": 55.967164744587855, "center_lng": 92.855148258011269 }, "geometry": { "type": "Polygon", "coordinates": [ [ [ 92.848247835971847, 55.970358030890473 ], [ 92.847080559689644, 55.965430435559455 ], [ 92.85398031416527, 55.962237216148665 ], [ 92.86204740289962, 55.963971136904959 ], [ 92.863216276726305, 55.968898440163407 ], [ 92.856316464455148, 55.97209211478134 ], [ 92.848247835971847, 55.970358030890473 ] ] ] } },
{ "type": "Feature", "properties": { "h3_id": "880b9a6621fffff", "h3_resolution": 8, "center_lat": 56.007119750923572, "center_lng": 93.063827859395886 }, "geometry": { "type": "Polygon", "coordinates": [ [ [ 93.056944060504861, 56.010323044603531 ], [ 93.055752859436666, 56.005401171025447 ], [ 93.062635995620454, 56.002197945383969 ], [ 93.070710377674956, 56.003916138722225 ], [ 93.071903171877665, 56.008837716928056 ], [ 93.065019991074919, 56.01204139721056 ], [ 93.056944060504861, 56.010323044603531 ] ] ] } },
{ "type": "Feature", "properties": { "h3_id": "880b9a7633fffff", "h3_resolution": 8, "center_lat": 56.009221384938733, "center_lng": 92.811474151649762 }, "geometry": { "type": "Polygon", "coordinates": [ [ [ 92.804562105335791, 56.012412681752032 ], [ 92.803398463370456, 56.007485254601207 ], [ 92.810309839528671, 56.004294024046679 ], [ 92.818384918526661, 56.006029765190917 ], [ 92.819550162727538, 56.010956901039492 ], [ 92.812638725875942, 56.01414858708943 ], [ 92.804562105335791, 56.012412681752032 ] ] ] } },
{ "type": "Feature", "properties": { "h3_id": "880b9a2b6dfffff", "h3_resolution": 8, "center_lat": 56.063952188414177, "center_lng": 92.870476056139253 }, "geometry": { "type": "Polygon", "coordinates": [ [ [ 92.863561644497508, 56.067146417015138 ], [ 92.862390036277418, 56.062221774877258 ], [ 92.869303777766163, 56.059027612525796 ], [ 92.877389184736643, 56.060757636861688 ], [ 92.878562397228691, 56.065681986826299 ], [ 92.871648598660656, 56.068876604671637 ], [ 92.863561644497508, 56.067146417015138 ] ] ] } },
{ "type": "Feature", "properties": { "h3_id": "880b9a758dfffff", "h3_resolution": 8, "center_lat": 55.971682223887697, "center_lng": 92.963407267158246 }, "geometry": { "type": "Polygon", "coordinates": [ [ [ 92.956518071034623, 55.974880670634917 ], [ 92.955338830759672, 55.96995560021351 ], [ 92.962227362338197, 55.966757221080677 ], [ 92.970295185297871, 55.968483457549745 ], [ 92.971476019630657, 55.973408234159066 ], [ 92.964587437128074, 55.976607068154287 ], [ 92.956518071034623, 55.974880670634917 ] ] ] } },
{ "type": "Feature", "properties": { "h3_id": "880b9a7435fffff", "h3_resolution": 8, "center_lat": 55.984213521801749, "center_lng": 92.912805818739088 }, "geometry": { "type": "Polygon", "coordinates": [ [ [ 92.905909005539513, 55.987409592136302 ], [ 92.904734953638865, 55.982483733110094 ], [ 92.911631100424046, 55.979287729939287 ], [ 92.919701353464191, 55.981017130762375 ], [ 92.92087700215086, 55.985942696810874 ], [ 92.913980801193148, 55.989139155057046 ], [ 92.905909005539513, 55.987409592136302 ] ] ] } },
{ "type": "Feature", "properties": { "h3_id": "880b9a7607fffff", "h3_resolution": 8, "center_lat": 55.997344918161978, "center_lng": 92.778012754261738 }, "geometry": { "type": "Polygon", "coordinates": [ [ [ 92.77109894426691, 56.000534591308629 ], [ 92.769939292132634, 55.995606106470461 ], [ 92.776852431369647, 55.992416499438932 ], [ 92.784925285713499, 55.994154921726789 ], [ 92.786086540367094, 55.999083115786746 ], [ 92.779173338338069, 56.002273178380491 ], [ 92.77109894426691, 56.000534591308629 ] ] ] } },
{ "type": "Feature", "properties": { "h3_id": "880b9a664dfffff", "h3_resolution": 8, "center_lat": 56.014524317185703, "center_lng": 92.989008766592505 }, "geometry": { "type": "Polygon", "coordinates": [ [ [ 92.982115480313624, 56.017724078889422 ], [ 92.980932254580196, 56.012800732087321 ], [ 92.987824875727426, 56.009601037844568 ], [ 92.995900772187298, 56.011324235523226 ], [ 92.997085594274566, 56.016247288166078 ], [ 92.99019292373103, 56.019447437332502 ], [ 92.982115480313624, 56.017724078889422 ] ] ] } },
{ "type": "Feature", "properties": { "h3_id": "880b9a7409fffff", "h3_resolution": 8, "center_lat": 55.990066828743018, "center_lng": 92.852919566754792 }, "geometry": { "type": "Polygon", "coordinates": [ [ [ 92.846015194748645, 55.993260060459725 ], [ 92.844847536375212, 55.988333031961567 ], [ 92.851751240035711, 55.985139866943456 ], [ 92.859822660250359, 55.98687327517316 ], [ 92.86099191796221, 55.991800011669483 ], [ 92.854088156302211, 55.994993631981181 ], [ 92.846015194748645, 55.993260060459725 ] ] ] } },
{ "type": "Feature", "properties": { "h3_id": "880b9a75b9fffff", "h3_resolution": 8, "center_lat": 55.983506523158503, "center_lng": 92.996868059475091 }, "geometry": { "type": "Polygon", "coordinates": [ [ [ 92.989980655860364, 55.986706586268248 ], [ 92.988797430795685, 55.981782579708636 ], [ 92.995684170475741, 55.978582584354847 ], [ 93.00375418422793, 55.98030614081388 ], [ 93.00493900304663, 55.98522985304092 ], [ 92.998052214541715, 55.988430303184352 ], [ 92.989980655860364, 55.986706586268248 ] ] ] } },
{ "type": "Feature", "properties": { "h3_id": "880b9a0c95fffff", "h3_resolution": 8, "center_lat": 56.022252537513481, "center_lng": 92.676500934074582 }, "geometry": { "type": "Polygon", "coordinates": [ [ [ 92.66957190763641, 56.025437405164979 ], [ 92.6684227143827, 56.020507367336442 ], [ 92.675351066322307, 56.017322564888964 ], [ 92.683428681041335, 56.019067344342652 ], [ 92.684579482243706, 56.023997093079466 ], [ 92.677651060958254, 56.027182351498091 ], [ 92.66957190763641, 56.025437405164979 ] ] ] } },
{ "type": "Feature", "properties": { "h3_id": "880b9a669bfffff", "h3_resolution": 8, "center_lat": 56.100824703771174, "center_lng": 93.109604530259972 }, "geometry": { "type": "Polygon", "coordinates": [ [ [ 93.10271064761811, 56.104030378973562 ], [ 93.101511809585389, 56.099112067746844 ], [ 93.108405027945111, 56.095906460175655 ], [ 93.116497126414956, 56.0976187090656 ], [ 93.117697562969411, 56.102536724328047 ], [ 93.110804302717511, 56.105742786707644 ], [ 93.10271064761811, 56.104030378973562 ] ] ] } },
{ "type": "Feature", "properties": { "h3_id": "880b9a2943fffff", "h3_resolution": 8, "center_lat": 56.084669165245913, "center_lng": 92.967533263518035 }, "geometry": { "type": "Polygon", "coordinates": [ [ [ 92.960626230506932, 56.087868060546185 ], [ 92.95944340894053, 56.08294613455945 ], [ 92.96634977399377, 56.079747306027663 ], [ 92.974439011728293, 56.081469948283697 ], [ 92.975623435682053, 56.086391580563166 ], [ 92.96871701969755, 56.089590864336969 ], [ 92.960626230506932, 56.087868060546185 ] ] ] } },
{ "type": "Feature", "properties": { "h3_id": "880b9a75dbfffff", "h3_resolution": 8, "center_lat": 56.004173595525877, "center_lng": 92.940554440147991 }, "geometry": { "type": "Polygon", "coordinates": [ [ [ 92.933657466333358, 56.007371031102167 ], [ 92.93247982850292, 56.002446326140834 ], [ 92.939376136090615, 55.999248957767591 ], [ 92.947450134147459, 56.000975839347127 ], [ 92.948629369276333, 56.005900250913612 ], [ 92.941733009232223, 56.009098074338468 ], [ 92.933657466333358, 56.007371031102167 ] ] ] } },
{ "type": "Feature", "properties": { "h3_id": "880b9a2b15fffff", "h3_resolution": 8, "center_lat": 56.105328914620856, "center_lng": 92.91106287440077 }, "geometry": { "type": "Polygon", "coordinates": [ [ [ 92.904146227697481, 56.108525163939007 ], [ 92.902969026206563, 56.103602546108739 ], [ 92.909885002643378, 56.100406363004488 ], [ 92.917978235347434, 56.102132342268675 ], [ 92.919157042792946, 56.107054667333351 ], [ 92.912241011763101, 56.110251305942782 ], [ 92.904146227697481, 56.108525163939007 ] ] ] } },
{ "type": "Feature", "properties": { "h3_id": "880b9a2917fffff", "h3_resolution": 8, "center_lat": 56.101633257053521, "center_lng": 93.025361420129954 }, "geometry": { "type": "Polygon", "coordinates": [ [ [ 93.01845804642673, 56.104834937352713 ], [ 93.017268414044281, 56.099914761856297 ], [ 93.024171120957703, 56.096713148597409 ], [ 93.032263507713324, 56.098431255773598 ], [ 93.033454741697611, 56.103351136658397 ], [ 93.026551987508881, 56.106553205021648 ], [ 93.01845804642673, 56.104834937352713 ] ] ] } },
{ "type": "Feature", "properties": { "h3_id": "880b9a75e5fffff", "h3_resolution": 8, "center_lat": 55.948782766722012, "center_lng": 92.965574499769062 }, "geometry": { "type": "Polygon", "coordinates": [ [ [ 92.958689237893509, 55.951981262131468 ], [ 92.957510392789544, 55.947055625877212 ], [ 92.964394990895897, 55.943857198274728 ], [ 92.972458485019914, 55.945583952192926 ], [ 92.973638922395793, 55.950509294565663 ], [ 92.966754273557569, 55.953708176944602 ], [ 92.958689237893509, 55.951981262131468 ] ] ] } },
{ "type": "Feature", "properties": { "h3_id": "880b9a294dfffff", "h3_resolution": 8, "center_lat": 56.071377702865917, "center_lng": 92.948990896919412 }, "geometry": { "type": "Polygon", "coordinates": [ [ [ 92.942083967372284, 56.074575687631523 ], [ 92.940903546924162, 56.069652988172074 ], [ 92.947809808386396, 56.066455070148251 ], [ 92.955896542563451, 56.068179396369111 ], [ 92.95707856505777, 56.073101802399755 ], [ 92.9501722515121, 56.076300175681489 ], [ 92.942083967372284, 56.074575687631523 ] ] ] } },
{ "type": "Feature", "properties": { "h3_id": "880b9a7413fffff", "h3_resolution": 8, "center_lat": 56.016698529442159, "center_lng": 92.889901734415503 }, "geometry": { "type": "Polygon", "coordinates": [ [ [ 92.882997134081648, 56.019893582342533 ], [ 92.881824696164216, 56.014968090848157 ], [ 92.888728628397871, 56.011773104699436 ], [ 92.896805054445551, 56.013503154824093 ], [ 92.897979092393754, 56.018428353759596 ], [ 92.891075104445434, 56.021623795172474 ], [ 92.882997134081648, 56.019893582342533 ] ] ] } },
{ "type": "Feature", "properties": { "h3_id": "880b9a6643fffff", "h3_resolution": 8, "center_lat": 56.027814818825654, "center_lng": 93.007535044148156 }, "geometry": { "type": "Polygon", "coordinates": [ [ [ 93.000641659779291, 56.031015490394402 ], [ 92.999456037981659, 56.026092915672983 ], [ 93.00634875734707, 56.022892311591313 ], [ 93.014427146940349, 56.024613827367332 ], [ 93.015614365428505, 56.029536107651737 ], [ 93.008721597816148, 56.032737166640047 ], [ 93.000641659779291, 56.031015490394402 ] ] ] } },
{ "type": "Feature", "properties": { "h3_id": "880b9a7611fffff", "h3_resolution": 8, "center_lat": 56.020246944601794, "center_lng": 92.775740164306683 }, "geometry": { "type": "Polygon", "coordinates": [ [ [ 92.768822390164047, 56.023436558145868 ], [ 92.767662364799051, 56.018508641952671 ], [ 92.774579467396833, 56.015319094330145 ], [ 92.782656658544951, 56.017057007294952 ], [ 92.783818288230975, 56.021984632781589 ], [ 92.776901122628686, 56.02517463605345 ], [ 92.768822390164047, 56.023436558145868 ] ] ] } },
{ "type": "Feature", "properties": { "h3_id": "880b9a7583fffff", "h3_resolution": 8, "center_lat": 55.984982255720297, "center_lng": 92.981909412397741 }, "geometry": { "type": "Polygon", "coordinates": [ [ [ 92.975020115124934, 55.9881816122099 ], [ 92.973838484455712, 55.983257311560557 ], [ 92.980727117310224, 55.980058022711269 ], [ 92.988797430795685, 55.981782579708636 ], [ 92.989980655860364, 55.986706586268248 ], [ 92.983091973226578, 55.989906329963105 ], [ 92.975020115124934, 55.9881816122099 ] ] ] } },
{ "type": "Feature", "properties": { "h3_id": "880b9a66d1fffff", "h3_resolution": 8, "center_lat": 56.089051310974568, "center_lng": 93.076039757228472 }, "geometry": { "type": "Polygon", "coordinates": [ [ [ 93.069144053331485, 56.092255369356771 ], [ 93.06794922186306, 56.087335985359722 ], [ 93.074844260856693, 56.084131994467128 ], [ 93.082934175514836, 56.085846932729979 ], [ 93.084130605823916, 56.090766021282803 ], [ 93.077235522818924, 56.093970467059854 ], [ 93.069144053331485, 56.092255369356771 ] ] ] } },
{ "type": "Feature", "properties": { "h3_id": "880b9a6617fffff", "h3_resolution": 8, "center_lat": 56.044771695749652, "center_lng": 93.065289970978995 }, "geometry": { "type": "Polygon", "coordinates": [ [ [ 93.058400246944316, 56.047975145655116 ], [ 93.057207833338126, 56.043054320793871 ], [ 93.064096893535961, 56.039850938645749 ], [ 93.072178412128764, 56.041567926634876 ], [ 93.073372421635824, 56.046488456157263 ], [ 93.066483316833285, 56.049692293072134 ], [ 93.058400246944316, 56.047975145655116 ] ] ] } },
{ "type": "Feature", "properties": { "h3_id": "880b9a7557fffff", "h3_resolution": 8, "center_lat": 55.947998284085145, "center_lng": 92.896523975486858 }, "geometry": { "type": "Polygon", "coordinates": [ [ [ 92.889631214034139, 55.951193495969974 ], [ 92.888459936881731, 55.946266303087263 ], [ 92.895352032575133, 55.943071158533002 ], [ 92.903415460716985, 55.944802751899658 ], [ 92.904588332523019, 55.949729652012593 ], [ 92.897696181714707, 55.952925251571649 ], [ 92.889631214034139, 55.951193495969974 ] ] ] } },
{ "type": "Feature", "properties": { "h3_id": "880b9a763dfffff", "h3_resolution": 8, "center_lat": 55.995892730011306, "center_lng": 92.792998463704805 }, "geometry": { "type": "Polygon", "coordinates": [ [ [ 92.786086540367094, 55.999083115786746 ], [ 92.784925285713499, 55.994154921726789 ], [ 92.791836538775627, 55.990964602183347 ], [ 92.799909108504821, 55.992702021234336 ], [ 92.801071965042411, 55.997629924271017 ], [ 92.794160650147532, 56.000820699323356 ], [ 92.786086540367094, 55.999083115786746 ] ] ] } },
{ "type": "Feature", "properties": { "h3_id": "880b9a29a5fffff", "h3_resolution": 8, "center_lat": 56.102317355706838, "center_lng": 93.094617304881808 }, "geometry": { "type": "Polygon", "coordinates": [ [ [ 93.087721513673984, 56.105522323875171 ], [ 93.086524274813499, 56.100603716926528 ], [ 93.093419401250515, 56.097398816274094 ], [ 93.101511809585389, 56.099112067746844 ], [ 93.10271064761811, 56.104030378973562 ], [ 93.095815478328831, 56.107235734492306 ], [ 93.087721513673984, 56.105522323875171 ] ] ] } },
{ "type": "Feature", "properties": { "h3_id": "880b9a746bfffff", "h3_resolution": 8, "center_lat": 55.975285467945767, "center_lng": 92.849415374731876 }, "geometry": { "type": "Polygon", "coordinates": [ [ [ 92.842513007401962, 55.978478499476637 ], [ 92.84134613662691, 55.973550995632763 ], [ 92.848247835971847, 55.970358030890473 ], [ 92.856316464455148, 55.97209211478134 ], [ 92.857484933584544, 55.977019326657661 ], [ 92.850583176057285, 55.980212746653912 ], [ 92.842513007401962, 55.978478499476637 ] ] ] } },
{ "type": "Feature", "properties": { "h3_id": "880b9a7669fffff", "h3_resolution": 8, "center_lat": 55.978785479707248, "center_lng": 92.735337620447623 }, "geometry": { "type": "Polygon", "coordinates": [ [ [ 92.728422118755617, 55.981973072843807 ], [ 92.727267645692507, 55.977043149737973 ], [ 92.734182475968339, 55.97385562255927 ], [ 92.742251844942714, 55.975597562895757 ], [ 92.743407920626979, 55.980527195887383 ], [ 92.736493024895594, 55.983715178700258 ], [ 92.728422118755617, 55.981973072843807 ] ] ] } },
{ "type": "Feature", "properties": { "h3_id": "880b9a0db7fffff", "h3_resolution": 8, "center_lat": 55.954431308560842, "center_lng": 92.752605772841022 }, "geometry": { "type": "Polygon", "coordinates": [ [ [ 92.745696113456432, 55.957619673555911 ], [ 92.744540407161651, 55.952689474688526 ], [ 92.751449396397092, 55.949501175962283 ], [ 92.759514156389301, 55.951242620651826 ], [ 92.760671462874598, 55.956172529087851 ], [ 92.753762409356952, 55.959361283309057 ], [ 92.745696113456432, 55.957619673555911 ] ] ] } },
{ "type": "Feature", "properties": { "h3_id": "880b9a7497fffff", "h3_resolution": 8, "center_lat": 56.055135610519997, "center_lng": 92.960436323084508 }, "geometry": { "type": "Polygon", "coordinates": [ [ [ 92.953533296024276, 56.058334104762267 ], [ 92.95235207180167, 56.053411219328481 ], [ 92.959254431622341, 56.05021279203357 ], [ 92.967338067162231, 56.051936795053301 ], [ 92.968520891802143, 56.056859386849261 ], [ 92.961618480668037, 56.060058269306417 ], [ 92.953533296024276, 56.058334104762267 ] ] ] } },
{ "type": "Feature", "properties": { "h3_id": "880b9a393dfffff", "h3_resolution": 8, "center_lat": 56.052714318350048, "center_lng": 92.752696032573866 }, "geometry": { "type": "Polygon", "coordinates": [ [ [ 92.745770445043931, 56.05590289724767 ], [ 92.744612065141382, 56.050975354411698 ], [ 92.751536979429702, 56.047786841021335 ], [ 92.759620338374944, 56.049525414673404 ], [ 92.760780325854839, 56.054452667226087 ], [ 92.753855346993177, 56.057641636453624 ], [ 92.745770445043931, 56.05590289724767 ] ] ] } },
{ "type": "Feature", "properties": { "h3_id": "880b9a0d8bfffff", "h3_resolution": 8, "center_lat": 55.960205581215426, "center_lng": 92.692690288000634 }, "geometry": { "type": "Polygon", "coordinates": [ [ [ 92.685773105946538, 55.963391093514716 ], [ 92.684623806730912, 55.958459735375435 ], [ 92.691540316714409, 55.955274288876439 ], [ 92.699606194206396, 55.957019744855842 ], [ 92.700757096138503, 55.961950813545535 ], [ 92.693840518041384, 55.965136715749004 ], [ 92.685773105946538, 55.963391093514716 ] ] ] } },
{ "type": "Feature", "properties": { "h3_id": "880b9a74c3fffff", "h3_resolution": 8, "center_lat": 56.03812755825021, "center_lng": 92.902677887273427 }, "geometry": { "type": "Polygon", "coordinates": [ [ [ 92.89577122645143, 56.041323266543195 ], [ 92.894596799490529, 56.036398637575701 ], [ 92.901502791913956, 56.033202995957872 ], [ 92.909583266436371, 56.034931528054265 ], [ 92.910759294585617, 56.039855864289187 ], [ 92.903853247206442, 56.043051961203503 ], [ 92.89577122645143, 56.041323266543195 ] ] ] } },
{ "type": "Feature", "properties": { "h3_id": "880b9a282bfffff", "h3_resolution": 8, "center_lat": 56.128958683950586, "center_lng": 92.978196679424968 }, "geometry": { "type": "Polygon", "coordinates": [ [ [ 92.971283629398059, 56.132158178827282 ], [ 92.970098405802219, 56.127237696813737 ], [ 92.977010786791894, 56.124038268437644 ], [ 92.985108441916495, 56.125758866755547 ], [ 92.98629527086122, 56.130679054957568 ], [ 92.979382839516745, 56.133878938696391 ], [ 92.971283629398059, 56.132158178827282 ] ] ] } },
{ "type": "Feature", "properties": { "h3_id": "880b9a3969fffff", "h3_resolution": 8, "center_lat": 56.03559960730216, "center_lng": 92.694962606687639 }, "geometry": { "type": "Polygon", "coordinates": [ [ [ 92.688033442240808, 56.038785386917901 ], [ 92.686881862756664, 56.033856114438393 ], [ 92.693810352820037, 56.030670400054106 ], [ 92.701890490757293, 56.032413502232949 ], [ 92.703043678551396, 56.037342485340773 ], [ 92.696115120278506, 56.0405286556852 ], [ 92.688033442240808, 56.038785386917901 ] ] ] } },
{ "type": "Feature", "properties": { "h3_id": "880b9a76c1fffff", "h3_resolution": 8, "center_lat": 56.041693545401792, "center_lng": 92.788467424057714 }, "geometry": { "type": "Polygon", "coordinates": [ [ [ 92.781547571785879, 56.04488381223387 ], [ 92.780385566941291, 56.039956756775304 ], [ 92.787304747363677, 56.036766555788311 ], [ 92.795385995066965, 56.038502954619922 ], [ 92.796549605400045, 56.043429719198301 ], [ 92.789630362722576, 56.046620375868784 ], [ 92.781547571785879, 56.04488381223387 ] ] ] } },
{ "type": "Feature", "properties": { "h3_id": "880b9a74d3fffff", "h3_resolution": 8, "center_lat": 56.059551614712312, "center_lng": 92.915466055887165 }, "geometry": { "type": "Polygon", "coordinates": [ [ [ 92.908557334442193, 56.062747978201273 ], [ 92.907380915330819, 56.057824213316664 ], [ 92.91428896807912, 56.054627916426533 ], [ 92.922373494316105, 56.056354929135352 ], [ 92.923551515774051, 56.061278401113654 ], [ 92.916643408831192, 56.064475153332687 ], [ 92.908557334442193, 56.062747978201273 ] ] ] } },
{ "type": "Feature", "properties": { "h3_id": "880b9a76a5fffff", "h3_resolution": 8, "center_lat": 56.019625267253033, "center_lng": 92.859935049536205 }, "geometry": { "type": "Polygon", "coordinates": [ [ [ 92.853026664929004, 56.02281889853181 ], [ 92.851857428991025, 56.017892822652392 ], [ 92.858765144530395, 56.014699257892381 ], [ 92.866842153822105, 56.016431313681736 ], [ 92.868012991069307, 56.0213570974908 ], [ 92.86110521789729, 56.024551117624156 ], [ 92.853026664929004, 56.02281889853181 ] ] ] } },
{ "type": "Feature", "properties": { "h3_id": "880b9a74a7fffff", "h3_resolution": 8, "center_lat": 56.016000106263874, "center_lng": 92.974038352893345 }, "geometry": { "type": "Polygon", "coordinates": [ [ [ 92.967143170509644, 56.019199160194169 ], [ 92.965961541772714, 56.014275519475895 ], [ 92.972856058540088, 56.011076532890819 ], [ 92.980932254580196, 56.012800732087321 ], [ 92.982115480313624, 56.017724078889422 ], [ 92.97522091319324, 56.020923520454176 ], [ 92.967143170509644, 56.019199160194169 ] ] ] } },
{ "type": "Feature", "properties": { "h3_id": "880b9a76edfffff", "h3_resolution": 8, "center_lat": 56.017339950131522, "center_lng": 92.805726009285266 }, "geometry": { "type": "Polygon", "coordinates": [ [ [ 92.798812012801406, 56.020530989985353 ], [ 92.797648779430659, 56.015603655450505 ], [ 92.804562105335791, 56.012412681752032 ], [ 92.812638725875942, 56.01414858708943 ], [ 92.813803562294737, 56.019075630427466 ], [ 92.806890175306449, 56.022267059668337 ], [ 92.798812012801406, 56.020530989985353 ] ] ] } },
{ "type": "Feature", "properties": { "h3_id": "880b9a29e1fffff", "h3_resolution": 8, "center_lat": 56.106785049012892, "center_lng": 93.049642330060763 }, "geometry": { "type": "Polygon", "coordinates": [ [ [ 93.042740815887925, 56.109987893309729 ], [ 93.041548378442769, 56.105068400651376 ], [ 93.048449226379319, 56.101865623523871 ], [ 93.056542557680615, 56.103581884058968 ], [ 93.057736596246897, 56.108501081723574 ], [ 93.050835702575498, 56.111704313889796 ], [ 93.042740815887925, 56.109987893309729 ] ] ] } },
{ "type": "Feature", "properties": { "h3_id": "880b9a3921fffff", "h3_resolution": 8, "center_lat": 56.037931408973542, "center_lng": 92.749219656617427 }, "geometry": { "type": "Polygon", "coordinates": [ [ [ 92.742296088446636, 56.041119791259383 ], [ 92.741138491479887, 56.036191771085633 ], [ 92.748061386774722, 56.033003454397068 ], [ 92.756141943967634, 56.03474270212957 ], [ 92.757301147518717, 56.039670432053889 ], [ 92.750378187473331, 56.042859204538743 ], [ 92.742296088446636, 56.041119791259383 ] ] ] } },
{ "type": "Feature", "properties": { "h3_id": "880b9a751bfffff", "h3_resolution": 8, "center_lat": 55.961313281510051, "center_lng": 92.915001400421247 }, "geometry": { "type": "Polygon", "coordinates": [ [ [ 92.908108529432241, 55.964509403422696 ], [ 92.906934866792781, 55.959582977845557 ], [ 92.913827072146248, 55.9563869232895 ], [ 92.921892994295547, 55.958116839364507 ], [ 92.923068251930928, 55.96304297189387 ], [ 92.916175992602561, 55.966239481439018 ], [ 92.908108529432241, 55.964509403422696 ] ] ] } },
{ "type": "Feature", "properties": { "h3_id": "880b9a7719fffff", "h3_resolution": 8, "center_lat": 55.964869430787402, "center_lng": 92.801004767848667 }, "geometry": { "type": "Polygon", "coordinates": [ [ [ 92.79409874858753, 55.968060130191155 ], [ 92.792937460547421, 55.963131277310502 ], [ 92.799842810739648, 55.959940644435747 ], [ 92.807909510385855, 55.961678409109382 ], [ 92.809072397702209, 55.966606970789996 ], [ 92.802166986276518, 55.969798059040322 ], [ 92.79409874858753, 55.968060130191155 ] ] ] } },
{ "type": "Feature", "properties": { "h3_id": "880b9a764dfffff", "h3_resolution": 8, "center_lat": 55.988347287371049, "center_lng": 92.714587283171454 }, "geometry": { "type": "Polygon", "coordinates": [ [ [ 92.70766794897483, 55.991533908401266 ], [ 92.706515491968872, 55.986603787863764 ], [ 92.713434153844943, 55.983417232570453 ], [ 92.721505339714327, 55.985160342125162 ], [ 92.72265940078546, 55.990090172900004 ], [ 92.715740672101873, 55.993277183926388 ], [ 92.70766794897483, 55.991533908401266 ] ] ] } },
{ "type": "Feature", "properties": { "h3_id": "880b9a7547fffff", "h3_resolution": 8, "center_lat": 55.92655595202973, "center_lng": 92.883777458485397 }, "geometry": { "type": "Polygon", "coordinates": [ [ [ 92.876886749759493, 55.929750506846254 ], [ 92.875717452738243, 55.924822457150093 ], [ 92.882607496001611, 55.921627969741266 ], [ 92.890666892335545, 55.923361077097979 ], [ 92.891837782859653, 55.928288834197666 ], [ 92.884947683727731, 55.931483776580116 ], [ 92.876886749759493, 55.929750506846254 ] ] ] } },
{ "type": "Feature", "properties": { "h3_id": "880b9a0dd3fffff", "h3_resolution": 8, "center_lat": 55.976438655636791, "center_lng": 92.68115267719952 }, "geometry": { "type": "Polygon", "coordinates": [ [ [ 92.674231597283182, 55.979623650490211 ], [ 92.67308312624796, 55.974692476834711 ], [ 92.680003533247515, 55.971507547573779 ], [ 92.688072480362322, 55.973253336215208 ], [ 92.689222555735256, 55.978184220633459 ], [ 92.682302079835026, 55.981369605691228 ], [ 92.674231597283182, 55.979623650490211 ] ] ] } },
{ "type": "Feature", "properties": { "h3_id": "880b9a6607fffff", "h3_resolution": 8, "center_lat": 56.023369424662171, "center_lng": 93.052440860053125 }, "geometry": { "type": "Polygon", "coordinates": [ [ [ 93.045553172486265, 56.026572216456564 ], [ 93.044362762550193, 56.021650525774596 ], [ 93.051249786569883, 56.018447801813913 ], [ 93.059327266087067, 56.020166313841173 ], [ 93.060519270779693, 56.025087709358097 ], [ 93.053632201382214, 56.028290888055572 ], [ 93.045553172486265, 56.026572216456564 ] ] ] } },
{ "type": "Feature", "properties": { "h3_id": "880b9a7621fffff", "h3_resolution": 8, "center_lat": 55.981107871265351, "center_lng": 92.789513473108784 }, "geometry": { "type": "Polygon", "coordinates": [ [ [ 92.782603560234961, 55.98429805825473 ], [ 92.781443089235538, 55.979369388985397 ], [ 92.788352332196609, 55.976179268318141 ], [ 92.796422108349446, 55.977917361494782 ], [ 92.79758418024565, 55.982845739774845 ], [ 92.790674875272714, 55.986036315910894 ], [ 92.782603560234961, 55.98429805825473 ] ] ] } },
{ "type": "Feature", "properties": { "h3_id": "880b9a7423fffff", "h3_resolution": 8, "center_lat": 55.977557715518117, "center_lng": 92.903561165669572 }, "geometry": { "type": "Polygon", "coordinates": [ [ [ 92.89666440715159, 55.980753330756421 ], [ 92.895491549502097, 55.975827087519477 ], [ 92.902387641543626, 55.972631539431816 ], [ 92.910456646159886, 55.974361779540985 ], [ 92.911631100424046, 55.979287729939287 ], [ 92.904734953638865, 55.982483733110094 ], [ 92.89666440715159, 55.980753330756421 ] ] ] } },
{ "type": "Feature", "properties": { "h3_id": "880b9a295dfffff", "h3_resolution": 8, "center_lat": 56.092789826375913, "center_lng": 92.961809318608786 }, "geometry": { "type": "Polygon", "coordinates": [ [ [ 92.954900332257878, 56.095988466499378 ], [ 92.953717912537172, 56.09106663400388 ], [ 92.960626230506932, 56.087868060546185 ], [ 92.96871701969755, 56.089590864336969 ], [ 92.969901042621416, 56.094512403229714 ], [ 92.962992673335137, 56.09771143197753 ], [ 92.954900332257878, 56.095988466499378 ] ] ] } },
{ "type": "Feature", "properties": { "h3_id": "880b9a0c83fffff", "h3_resolution": 8, "center_lat": 56.015577170909268, "center_lng": 92.667273780051246 }, "geometry": { "type": "Polygon", "coordinates": [ [ [ 92.660344823469146, 56.018761582570498 ], [ 92.659196822529168, 56.013831162425674 ], [ 92.666125104555491, 56.010646815954829 ], [ 92.674201457614771, 56.01239243369595 ], [ 92.675351066322307, 56.017322564888964 ], [ 92.6684227143827, 56.020507367336442 ], [ 92.660344823469146, 56.018761582570498 ] ] ] } },
{ "type": "Feature", "properties": { "h3_id": "880b9a6633fffff", "h3_resolution": 8, "center_lat": 56.035159431498187, "center_lng": 93.085951446410689 }, "geometry": { "type": "Polygon", "coordinates": [ [ [ 93.079065570552899, 56.038363838491016 ], [ 93.077871166343215, 56.033443217119377 ], [ 93.084756379270999, 56.0302388781015 ], [ 93.092836039861481, 56.031954705836625 ], [ 93.094032038512921, 56.036875031523572 ], [ 93.087146782316225, 56.040079825202795 ], [ 93.079065570552899, 56.038363838491016 ] ] ] } },
{ "type": "Feature", "properties": { "h3_id": "880b9a2931fffff", "h3_resolution": 8, "center_lat": 56.08538882502166, "center_lng": 93.036781314009275 }, "geometry": { "type": "Polygon", "coordinates": [ [ [ 93.029881844632811, 56.088591012700412 ], [ 93.028691415357386, 56.083670650654327 ], [ 93.035590218789338, 56.080468530220791 ], [ 93.043679498191011, 56.082186316868651 ], [ 93.044871527436896, 56.08710638409503 ], [ 93.037972677494935, 56.090308959536259 ], [ 93.029881844632811, 56.088591012700412 ] ] ] } },
{ "type": "Feature", "properties": { "h3_id": "880b9a2907fffff", "h3_resolution": 8, "center_lat": 56.080232456116164, "center_lng": 93.012512563597483 }, "geometry": { "type": "Polygon", "coordinates": [ [ [ 93.005611237889084, 56.083433480118892 ], [ 93.004423611097621, 56.078512435984663 ], [ 93.011324270309217, 56.075311479098239 ], [ 93.019412604544414, 56.077031111315989 ], [ 93.020601831785413, 56.081951861012605 ], [ 93.01370112452571, 56.085153272972107 ], [ 93.005611237889084, 56.083433480118892 ] ] ] } },
{ "type": "Feature", "properties": { "h3_id": "880b9a75c9fffff", "h3_resolution": 8, "center_lat": 55.976091406136639, "center_lng": 92.918525969035983 }, "geometry": { "type": "Polygon", "coordinates": [ [ [ 92.911631100424046, 55.979287729939287 ], [ 92.910456646159886, 55.974361779540985 ], [ 92.917350848778128, 55.97116552300502 ], [ 92.925419559630356, 55.972894761882138 ], [ 92.926595609870574, 55.977820419198189 ], [ 92.919701353464191, 55.981017130762375 ], [ 92.911631100424046, 55.979287729939287 ] ] ] } },
{ "type": "Feature", "properties": { "h3_id": "880b9a2b03fffff", "h3_resolution": 8, "center_lat": 56.098679768025313, "center_lng": 92.901792090111186 }, "geometry": { "type": "Polygon", "coordinates": [ [ [ 92.894875498514324, 56.101875561817366 ], [ 92.893699498054758, 56.09695255735155 ], [ 92.900615419322591, 56.093756829759926 ], [ 92.908707396402122, 56.095483651164848 ], [ 92.909885002643378, 56.100406363004488 ], [ 92.902969026206563, 56.103602546108739 ], [ 92.894875498514324, 56.101875561817366 ] ] ] } },
{ "type": "Feature", "properties": { "h3_id": "880b9a2b05fffff", "h3_resolution": 8, "center_lat": 56.083910472967702, "center_lng": 92.898262873311012 }, "geometry": { "type": "Polygon", "coordinates": [ [ [ 92.891348292339302, 56.087106068069048 ], [ 92.890173086906202, 56.082182583394641 ], [ 92.897086997910748, 56.078987054583209 ], [ 92.905176169887582, 56.080714555017416 ], [ 92.906352980112956, 56.085637747100144 ], [ 92.899439013752115, 56.088833731383666 ], [ 92.891348292339302, 56.087106068069048 ] ] ] } },
{ "type": "Feature", "properties": { "h3_id": "880b9a665dfffff", "h3_resolution": 8, "center_lat": 56.035937905666103, "center_lng": 93.001827548324982 }, "geometry": { "type": "Polygon", "coordinates": [ [ [ 92.994932216797054, 56.039138324549668 ], [ 92.993746993675956, 56.034215841893463 ], [ 93.000641659779291, 56.031015490394402 ], [ 93.008721597816148, 56.032737166640047 ], [ 93.009908418440091, 56.037659354963289 ], [ 93.003013703707694, 56.040860161416809 ], [ 92.994932216797054, 56.039138324549668 ] ] ] } },
{ "type": "Feature", "properties": { "h3_id": "880b9a2905fffff", "h3_resolution": 8, "center_lat": 56.073591231729814, "center_lng": 93.003236251737448 }, "geometry": { "type": "Polygon", "coordinates": [ [ [ 92.996334974589743, 56.076791800637864 ], [ 92.995148549132963, 56.071870369230524 ], [ 93.00204915971932, 56.068669867425569 ], [ 93.010136244571513, 56.070390341989473 ], [ 93.011324270309217, 56.075311479098239 ], [ 93.004423611097621, 56.078512435984663 ], [ 92.996334974589743, 56.076791800637864 ] ] ] } },
{ "type": "Feature", "properties": { "h3_id": "880b9a75cbfffff", "h3_resolution": 8, "center_lat": 55.982745917966902, "center_lng": 92.927771924488624 }, "geometry": { "type": "Polygon", "coordinates": [ [ [ 92.92087700215086, 55.985942696810874 ], [ 92.919701353464191, 55.981017130762375 ], [ 92.926595609870574, 55.977820419198189 ], [ 92.934665568362306, 55.979548818705204 ], [ 92.935842813195819, 55.984474091532434 ], [ 92.928948503572641, 55.987671258116933 ], [ 92.92087700215086, 55.985942696810874 ] ] ] } },
{ "type": "Feature", "properties": { "h3_id": "880b9a759dfffff", "h3_resolution": 8, "center_lat": 55.993105754063123, "center_lng": 92.976202011416646 }, "geometry": { "type": "Polygon", "coordinates": [ [ [ 92.969310770273509, 55.996304858388214 ], [ 92.968129538820293, 55.991380648997392 ], [ 92.975020115124934, 55.9881816122099 ], [ 92.983091973226578, 55.989906329963105 ], [ 92.984274799885299, 55.994830245368313 ], [ 92.977384173419381, 55.998029737048817 ], [ 92.969310770273509, 55.996304858388214 ] ] ] } },
{ "type": "Feature", "properties": { "h3_id": "880b9a2933fffff", "h3_resolution": 8, "center_lat": 56.092026290993786, "center_lng": 93.04606382515712 }, "geometry": { "type": "Polygon", "coordinates": [ [ [ 93.039164309335987, 56.095228933693505 ], [ 93.037972677494935, 56.090308959536259 ], [ 93.044871527436896, 56.08710638409503 ], [ 93.052962055336053, 56.088823327854975 ], [ 93.054155287314984, 56.093743007053533 ], [ 93.047256391441366, 56.096946037493773 ], [ 93.039164309335987, 56.095228933693505 ] ] ] } },
{ "type": "Feature", "properties": { "h3_id": "880b9a0c85fffff", "h3_resolution": 8, "center_lat": 56.00078563074964, "center_lng": 92.66382852972491 }, "geometry": { "type": "Polygon", "coordinates": [ [ [ 92.656901596442623, 56.003969846749428 ], [ 92.655754371123209, 55.99903895136071 ], [ 92.662680630217196, 55.995854800641609 ], [ 92.670754184894747, 55.997601089419319 ], [ 92.671903016987514, 56.002531695889786 ], [ 92.664976687808888, 56.005716302544506 ], [ 92.656901596442623, 56.003969846749428 ] ] ] } },
{ "type": "Feature", "properties": { "h3_id": "880b9a2b31fffff", "h3_resolution": 8, "center_lat": 56.095738229185123, "center_lng": 92.931805100599306 }, "geometry": { "type": "Polygon", "coordinates": [ [ [ 92.92489231069456, 56.098935447063226 ], [ 92.923713099315606, 56.094013028094103 ], [ 92.930625219865092, 56.090815876649295 ], [ 92.938716605218858, 56.092540688815106 ], [ 92.939897421091104, 56.097462814669434 ], [ 92.932985247299669, 56.100660421515961 ], [ 92.92489231069456, 56.098935447063226 ] ] ] } },
{ "type": "Feature", "properties": { "h3_id": "880b9a6631fffff", "h3_resolution": 8, "center_lat": 56.028522436097155, "center_lng": 93.076677030691741 }, "geometry": { "type": "Polygon", "coordinates": [ [ [ 93.069791198613842, 56.031726388406433 ], [ 93.068597994426923, 56.026805379842905 ], [ 93.075483163508906, 56.023601495495633 ], [ 93.083561580807526, 56.025318165083995 ], [ 93.084756379270999, 56.0302388781015 ], [ 93.077871166343215, 56.033443217119377 ], [ 93.069791198613842, 56.031726388406433 ] ] ] } },
{ "type": "Feature", "properties": { "h3_id": "880b9a6605fffff", "h3_resolution": 8, "center_lat": 56.016728675679275, "center_lng": 93.043172620252363 }, "geometry": { "type": "Polygon", "coordinates": [ [ [ 93.036284978573818, 56.01993101271497 ], [ 93.035095767437298, 56.015008935456827 ], [ 93.041982745503532, 56.011806666241924 ], [ 93.050058980843204, 56.01352601958213 ], [ 93.051249786569883, 56.018447801813913 ], [ 93.044362762550193, 56.021650525774596 ], [ 93.036284978573818, 56.01993101271497 ] ] ] } },
{ "type": "Feature", "properties": { "h3_id": "880b9a0dd1fffff", "h3_resolution": 8, "center_lat": 55.969761145211905, "center_lng": 92.671934913687878 }, "geometry": { "type": "Polygon", "coordinates": [ [ [ 92.665013903180792, 55.972945684249368 ], [ 92.663866621983402, 55.968014129151754 ], [ 92.67078695951659, 55.964829655693272 ], [ 92.67885464789272, 55.966576281573602 ], [ 92.680003533247515, 55.971507547573779 ], [ 92.67308312624796, 55.974692476834711 ], [ 92.665013903180792, 55.972945684249368 ] ] ] } },
{ "type": "Feature", "properties": { "h3_id": "880b9a0cb1fffff", "h3_resolution": 8, "center_lat": 56.012695982165113, "center_lng": 92.697280337167996 }, "geometry": { "type": "Polygon", "coordinates": [ [ [ 92.690355148688496, 56.015881825833056 ], [ 92.689203932845828, 56.010951983838154 ], [ 92.696128447733358, 56.007766205595701 ], [ 92.704204246631903, 56.009509813519308 ], [ 92.705357068976838, 56.014439366069929 ], [ 92.698432486100941, 56.0176256001849 ], [ 92.690355148688496, 56.015881825833056 ] ] ] } },
{ "type": "Feature", "properties": { "h3_id": "880b9a7425fffff", "h3_resolution": 8, "center_lat": 55.962778712061834, "center_lng": 92.900041384470001 }, "geometry": { "type": "Polygon", "coordinates": [ [ [ 92.893146625022595, 55.965974125758336 ], [ 92.891974558016827, 55.961047407376988 ], [ 92.89886865134649, 55.957852060921049 ], [ 92.906934866792781, 55.959582977845557 ], [ 92.908108529432241, 55.964509403422696 ], [ 92.901214381173077, 55.967705204922574 ], [ 92.893146625022595, 55.965974125758336 ] ] ] } },
{ "type": "Feature", "properties": { "h3_id": "880b9a7545fffff", "h3_resolution": 8, "center_lat": 55.919894249757341, "center_lng": 92.874548418268617 }, "geometry": { "type": "Polygon", "coordinates": [ [ [ 92.867657765918239, 55.923088349579579 ], [ 92.866489659436539, 55.918159917167017 ], [ 92.873379646263203, 55.914965884739473 ], [ 92.881437796188862, 55.916699829786189 ], [ 92.882607496001611, 55.921627969741266 ], [ 92.875717452738243, 55.924822457150093 ], [ 92.867657765918239, 55.923088349579579 ] ] ] } },
{ "type": "Feature", "properties": { "h3_id": "880b9a7623fffff", "h3_resolution": 8, "center_lat": 55.987773959711816, "center_lng": 92.798746513601671 }, "geometry": { "type": "Polygon", "coordinates": [ [ [ 92.791836538775627, 55.990964602183347 ], [ 92.790674875272714, 55.986036315910894 ], [ 92.79758418024565, 55.982845739774845 ], [ 92.80565521034525, 55.984582994492428 ], [ 92.806818474920831, 55.989510989636145 ], [ 92.799909108504821, 55.992702021234336 ], [ 92.791836538775627, 55.990964602183347 ] ] ] } },
{ "type": "Feature", "properties": { "h3_id": "880b9a7717fffff", "h3_resolution": 8, "center_lat": 55.961959977227892, "center_lng": 92.83094612542989 }, "geometry": { "type": "Polygon", "coordinates": [ [ [ 92.824043876051121, 55.965152098202836 ], [ 92.822879390093149, 55.960223827966892 ], [ 92.829780971365793, 55.957031773754153 ], [ 92.837847098097697, 55.958767534552251 ], [ 92.839013182062274, 55.96369551309909 ], [ 92.832111541469033, 55.966888022580164 ], [ 92.824043876051121, 55.965152098202836 ] ] ] } },
{ "type": "Feature", "properties": { "h3_id": "880b9a7519fffff", "h3_resolution": 8, "center_lat": 55.954656394018379, "center_lng": 92.905761467852329 }, "geometry": { "type": "Polygon", "coordinates": [ [ [ 92.89886865134649, 55.957852060921049 ], [ 92.897696181714707, 55.952925251571649 ], [ 92.904588332523019, 55.949729652012593 ], [ 92.91265300768957, 55.951460406848902 ], [ 92.913827072146248, 55.9563869232895 ], [ 92.906934866792781, 55.959582977845557 ], [ 92.89886865134649, 55.957852060921049 ] ] ] } },
{ "type": "Feature", "properties": { "h3_id": "880b9a7451fffff", "h3_resolution": 8, "center_lat": 56.006306684454621, "center_lng": 92.8414443113804 }, "geometry": { "type": "Polygon", "coordinates": [ [ [ 92.834536043630251, 56.009499404938623 ], [ 92.833369197830763, 56.004572560637079 ], [ 92.840276796391151, 56.001379906645184 ], [ 92.848351299707318, 56.003113641610511 ], [ 92.849519746468005, 56.008040194120419 ], [ 92.842612089132672, 56.011233303499935 ], [ 92.834536043630251, 56.009499404938623 ] ] ] } },
{ "type": "Feature", "properties": { "h3_id": "880b9a76ebfffff", "h3_resolution": 8, "center_lat": 56.032120801928642, "center_lng": 92.809219293914154 }, "geometry": { "type": "Polygon", "coordinates": [ [ [ 92.802303284967707, 56.035312040068703 ], [ 92.801139265482362, 56.030385182365762 ], [ 92.808054603486866, 56.027194010291133 ], [ 92.816134022060595, 56.028929240380144 ], [ 92.817299645582949, 56.033855806852188 ], [ 92.810384246675909, 56.037047434509546 ], [ 92.802303284967707, 56.035312040068703 ] ] ] } },
{ "type": "Feature", "properties": { "h3_id": "880b9a74edfffff", "h3_resolution": 8, "center_lat": 56.007111441155658, "center_lng": 92.91060785421719 }, "geometry": { "type": "Polygon", "coordinates": [ [ [ 92.90370709432753, 56.010307458668507 ], [ 92.902532653015214, 56.005382167648328 ], [ 92.909432745710276, 56.002186217106392 ], [ 92.917507334270411, 56.003915102465726 ], [ 92.91868337416183, 56.008840100578318 ], [ 92.911783227096038, 56.0120365062823 ], [ 92.90370709432753, 56.010307458668507 ] ] ] } },
{ "type": "Feature", "properties": { "h3_id": "880b9a3967fffff", "h3_resolution": 8, "center_lat": 56.032710650973399, "center_lng": 92.724977139703171 }, "geometry": { "type": "Polygon", "coordinates": [ [ [ 92.718051749137231, 56.035897862282532 ], [ 92.716896953667373, 56.030969168792524 ], [ 92.723821670815525, 56.027782022949744 ], [ 92.731901249897007, 56.029523114785498 ], [ 92.733057652407894, 56.034451518411686 ], [ 92.726132868976777, 56.037639120109596 ], [ 92.718051749137231, 56.035897862282532 ] ] ] } },
{ "type": "Feature", "properties": { "h3_id": "880b9a74c1fffff", "h3_resolution": 8, "center_lat": 56.031473849310551, "center_lng": 92.893422636894712 }, "geometry": { "type": "Polygon", "coordinates": [ [ [ 92.886516031539472, 56.034669102286216 ], [ 92.885342801681119, 56.029744088132851 ], [ 92.892248738575773, 56.026548901819041 ], [ 92.900327961039721, 56.028278274397778 ], [ 92.901502791913956, 56.033202995957872 ], [ 92.894596799490529, 56.036398637575701 ], [ 92.886516031539472, 56.034669102286216 ] ] ] } },
{ "type": "Feature", "properties": { "h3_id": "880b9a3923fffff", "h3_resolution": 8, "center_lat": 56.044598002925603, "center_lng": 92.758460612292041 }, "geometry": { "type": "Polygon", "coordinates": [ [ [ 92.751536979429702, 56.047786841021335 ], [ 92.750378187473331, 56.042859204538743 ], [ 92.757301147518717, 56.039670432053889 ], [ 92.765382963881862, 56.04140884030501 ], [ 92.766543362600743, 56.046336186398378 ], [ 92.759620338374944, 56.049525414673404 ], [ 92.751536979429702, 56.047786841021335 ] ] ] } },
{ "type": "Feature", "properties": { "h3_id": "880b9a74a9fffff", "h3_resolution": 8, "center_lat": 56.018946554841257, "center_lng": 92.944090942834933 }, "geometry": { "type": "Polygon", "coordinates": [ [ [ 92.937191969622731, 56.022144191847346 ], [ 92.93601353680485, 56.017219964026772 ], [ 92.942911843431702, 56.014022394134038 ], [ 92.950988635326496, 56.015748597013932 ], [ 92.952168666424797, 56.02067253140509 ], [ 92.945270307530436, 56.023870556388836 ], [ 92.937191969622731, 56.022144191847346 ] ] ] } },
{ "type": "Feature", "properties": { "h3_id": "880b9a7495fffff", "h3_resolution": 8, "center_lat": 56.048488174236091, "center_lng": 92.95117111349191 }, "geometry": { "type": "Polygon", "coordinates": [ [ [ 92.944268138256675, 56.051686213294822 ], [ 92.943088113073941, 56.046762941680946 ], [ 92.949990421006248, 56.0435649695563 ], [ 92.958072806192675, 56.045289813918387 ], [ 92.959254431622341, 56.05021279203357 ], [ 92.95235207180167, 56.053411219328481 ], [ 92.944268138256675, 56.051686213294822 ] ] ] } },
{ "type": "Feature", "properties": { "h3_id": "880b9a76a7fffff", "h3_resolution": 8, "center_lat": 56.026282722268931, "center_lng": 92.869184091880172 }, "geometry": { "type": "Polygon", "coordinates": [ [ [ 92.862275649701601, 56.02947680893439 ], [ 92.86110521789729, 56.024551117624156 ], [ 92.868012991069307, 56.0213570974908 ], [ 92.876091253288365, 56.023088313344871 ], [ 92.877263286575513, 56.028013712445428 ], [ 92.870355456342651, 56.031208187944856 ], [ 92.862275649701601, 56.02947680893439 ] ] ] } },
{ "type": "Feature", "properties": { "h3_id": "880b9a74d5fffff", "h3_resolution": 8, "center_lat": 56.044780041143746, "center_lng": 92.911935587516851 }, "geometry": { "type": "Polygon", "coordinates": [ [ [ 92.90502887180142, 56.047976204746526 ], [ 92.903853247206442, 56.043051961203503 ], [ 92.910759294585617, 56.039855864289187 ], [ 92.918841021124493, 56.04158355567219 ], [ 92.920018247079895, 56.04650750634336 ], [ 92.913112145318507, 56.049704058546617 ], [ 92.90502887180142, 56.047976204746526 ] ] ] } },
{ "type": "Feature", "properties": { "h3_id": "880b9a7667fffff", "h3_resolution": 8, "center_lat": 55.975890583199629, "center_lng": 92.765303292482955 }, "geometry": { "type": "Polygon", "coordinates": [ [ [ 92.758391557877331, 55.979079602368877 ], [ 92.757233880204979, 55.974150259736781 ], [ 92.764144944356985, 55.970961306759428 ], [ 92.772213749899734, 55.972701240928991 ], [ 92.773373028926699, 55.977630292956306 ], [ 92.766461901236454, 55.980819701462245 ], [ 92.758391557877331, 55.979079602368877 ] ] ] } },
{ "type": "Feature", "properties": { "h3_id": "880b9a7469fffff", "h3_resolution": 8, "center_lat": 55.968623333483094, "center_lng": 92.840179528209518 }, "geometry": { "type": "Polygon", "coordinates": [ [ [ 92.833277219570647, 55.971815909739561 ], [ 92.832111541469033, 55.966888022580164 ], [ 92.839013182062274, 55.96369551309909 ], [ 92.847080559689644, 55.965430435559455 ], [ 92.848247835971847, 55.970358030890473 ], [ 92.84134613662691, 55.973550995632763 ], [ 92.833277219570647, 55.971815909739561 ] ] ] } },
{ "type": "Feature", "properties": { "h3_id": "880b9a29a3fffff", "h3_resolution": 8, "center_lat": 56.117072009836981, "center_lng": 93.098212635030634 }, "geometry": { "type": "Polygon", "coordinates": [ [ [ 93.091314848799072, 56.120277180374899 ], [ 93.090116800576638, 56.115359055670453 ], [ 93.097013921681707, 56.112153952559368 ], [ 93.105109133846739, 56.113866519289786 ], [ 93.106308782223067, 56.118784348237114 ], [ 93.099411618465794, 56.121989906253994 ], [ 93.091314848799072, 56.120277180374899 ] ] ] } },
{ "type": "Feature", "properties": { "h3_id": "880b9a763bfffff", "h3_resolution": 8, "center_lat": 56.010676162114308, "center_lng": 92.796485807923077 }, "geometry": { "type": "Polygon", "coordinates": [ [ [ 92.789571873032472, 56.013866746405654 ], [ 92.788409833939255, 56.008939028197545 ], [ 92.795323098191147, 56.005748510048143 ], [ 92.803398463370456, 56.007485254601207 ], [ 92.804562105335791, 56.012412681752032 ], [ 92.797648779430659, 56.015603655450505 ], [ 92.789571873032472, 56.013866746405654 ] ] ] } },
{ "type": "Feature", "properties": { "h3_id": "880b9a743dfffff", "h3_resolution": 8, "center_lat": 55.985679415469008, "center_lng": 92.897837528524832 }, "geometry": { "type": "Polygon", "coordinates": [ [ [ 92.890938824926437, 55.988874776836013 ], [ 92.889766370450559, 55.983948625075818 ], [ 92.89666440715159, 55.980753330756421 ], [ 92.904734953638865, 55.982483733110094 ], [ 92.905909005539513, 55.987409592136302 ], [ 92.899010913709773, 55.990605341585912 ], [ 92.890938824926437, 55.988874776836013 ] ] ] } },
{ "type": "Feature", "properties": { "h3_id": "880b9a2869fffff", "h3_resolution": 8, "center_lat": 56.118623519880217, "center_lng": 92.929611815558388 }, "geometry": { "type": "Polygon", "coordinates": [ [ [ 92.922695060371225, 56.12182068022841 ], [ 92.921515455215896, 56.116898836384301 ], [ 92.928431540262324, 56.113701742277115 ], [ 92.936527284087461, 56.115426036567072 ], [ 92.937708495542338, 56.120347587366616 ], [ 92.930792357056205, 56.123545136964069 ], [ 92.922695060371225, 56.12182068022841 ] ] ] } },
{ "type": "Feature", "properties": { "h3_id": "880b9a7411fffff", "h3_resolution": 8, "center_lat": 56.010042440382776, "center_lng": 92.880652522050852 }, "geometry": { "type": "Polygon", "coordinates": [ [ [ 92.873747977941903, 56.013237037998223 ], [ 92.872576735706517, 56.008311161894781 ], [ 92.879480611653563, 56.005116631017671 ], [ 92.887555786304375, 56.00684752101558 ], [ 92.888728628397871, 56.011773104699436 ], [ 92.881824696164216, 56.014968090848157 ], [ 92.873747977941903, 56.013237037998223 ] ] ] } },
{ "type": "Feature", "properties": { "h3_id": "880b9a0c9dfffff", "h3_resolution": 8, "center_lat": 56.023691844157938, "center_lng": 92.661493083122238 }, "geometry": { "type": "Polygon", "coordinates": [ [ [ 92.654562172389362, 56.026875995173015 ], [ 92.653414587716895, 56.02194566849915 ], [ 92.660344823469146, 56.018761582570498 ], [ 92.6684227143827, 56.020507367336442 ], [ 92.66957190763641, 56.025437405164979 ], [ 92.662641601575018, 56.028621947116704 ], [ 92.654562172389362, 56.026875995173015 ] ] ] } },
{ "type": "Feature", "properties": { "h3_id": "880b9a0db9fffff", "h3_resolution": 8, "center_lat": 55.957321876892394, "center_lng": 92.722652350177398 }, "geometry": { "type": "Polygon", "coordinates": [ [ [ 92.715738928508657, 55.960508816451707 ], [ 92.714586424490918, 55.955578037457279 ], [ 92.72149917504963, 55.952391163932717 ], [ 92.729564496002709, 55.954134613845994 ], [ 92.730718601474791, 55.959065102899586 ], [ 92.723805784718962, 55.962252432024236 ], [ 92.715738928508657, 55.960508816451707 ] ] ] } },
{ "type": "Feature", "properties": { "h3_id": "880b9a294bfffff", "h3_resolution": 8, "center_lat": 56.086144641321667, "center_lng": 92.952535759232006 }, "geometry": { "type": "Polygon", "coordinates": [ [ [ 92.945626824710629, 56.089342826133738 ], [ 92.944445606176615, 56.084420606683537 ], [ 92.951353872253307, 56.081222488523814 ], [ 92.95944340894053, 56.08294613455945 ], [ 92.960626230506932, 56.087868060546185 ], [ 92.953717912537172, 56.09106663400388 ], [ 92.945626824710629, 56.089342826133738 ] ] ] } },
{ "type": "Feature", "properties": { "h3_id": "880b9a75e3fffff", "h3_resolution": 8, "center_lat": 55.963558522429913, "center_lng": 92.969114616233654 }, "geometry": { "type": "Polygon", "coordinates": [ [ [ 92.962227362338197, 55.966757221080677 ], [ 92.961047722579593, 55.961832059804699 ], [ 92.967934312349684, 55.95863342887106 ], [ 92.976000592602517, 55.960359504441129 ], [ 92.977181825610032, 55.965284371800948 ], [ 92.970295185297871, 55.968483457549745 ], [ 92.962227362338197, 55.966757221080677 ] ] ] } },
{ "type": "Feature", "properties": { "h3_id": "880b9a2b1dfffff", "h3_resolution": 8, "center_lat": 56.106798406071377, "center_lng": 92.896051764160035 }, "geometry": { "type": "Polygon", "coordinates": [ [ [ 92.889133216347034, 56.109993942711682 ], [ 92.887957621454831, 56.105071032360307 ], [ 92.894875498514324, 56.101875561817366 ], [ 92.902969026206563, 56.103602546108739 ], [ 92.904146227697481, 56.108525163939007 ], [ 92.897228295080566, 56.111721090042423 ], [ 92.889133216347034, 56.109993942711682 ] ] ] } },
{ "type": "Feature", "properties": { "h3_id": "880b9a7559fffff", "h3_resolution": 8, "center_lat": 55.950922261035537, "center_lng": 92.866606977399798 }, "geometry": { "type": "Polygon", "coordinates": [ [ [ 92.859710443312167, 55.954116055812364 ], [ 92.858542357376265, 55.949188278121177 ], [ 92.865438224741553, 55.945994550442599 ], [ 92.873502235246974, 55.94772814538468 ], [ 92.874671917109211, 55.952655630793551 ], [ 92.867775992720553, 55.955849813585743 ], [ 92.859710443312167, 55.954116055812364 ] ] ] } },
{ "type": "Feature", "properties": { "h3_id": "880b9a75b7fffff", "h3_resolution": 8, "center_lat": 55.980549938229316, "center_lng": 93.026778770054733 }, "geometry": { "type": "Polygon", "coordinates": [ [ [ 93.019895155127514, 55.98375141320286 ], [ 93.018708743196697, 55.978827995551015 ], [ 93.025591695156805, 55.975626588564424 ], [ 93.033661106147761, 55.977348144595226 ], [ 93.034849110548407, 55.98227126742934 ], [ 93.027966111671105, 55.98547312909313 ], [ 93.019895155127514, 55.98375141320286 ] ] ] } },
{ "type": "Feature", "properties": { "h3_id": "880b9a7757fffff", "h3_resolution": 8, "center_lat": 55.958202266372481, "center_lng": 92.791776433618352 }, "geometry": { "type": "Polygon", "coordinates": [ [ [ 92.784870476099016, 55.961392510380641 ], [ 92.7837103793224, 55.956463274941051 ], [ 92.790615667713212, 55.953273097448673 ], [ 92.798681114862262, 55.955011700056829 ], [ 92.799842810739648, 55.959940644435747 ], [ 92.792937460547421, 55.963131277310502 ], [ 92.784870476099016, 55.961392510380641 ] ] ] } },
{ "type": "Feature", "properties": { "h3_id": "880b9a6619fffff", "h3_resolution": 8, "center_lat": 56.047741363088754, "center_lng": 93.035342803226371 }, "geometry": { "type": "Polygon", "coordinates": [ [ [ 93.028449276037193, 56.050943399390974 ], [ 93.02726005617167, 56.046021984579745 ], [ 93.03415291855147, 56.04282001580389 ], [ 93.042235047499972, 56.044539007001475 ], [ 93.043425864558841, 56.04946012695904 ], [ 93.036532955659609, 56.052662550615551 ], [ 93.028449276037193, 56.050943399390974 ] ] ] } },
{ "type": "Feature", "properties": { "h3_id": "880b9a664bfffff", "h3_resolution": 8, "center_lat": 56.029293199757646, "center_lng": 92.992562037183873 }, "geometry": { "type": "Polygon", "coordinates": [ [ [ 92.985666754796014, 56.03249316366513 ], [ 92.984482730332715, 56.027570294749637 ], [ 92.991377347231875, 56.02437039821357 ], [ 92.999456037981659, 56.026092915672983 ], [ 93.000641659779291, 56.031015490394402 ], [ 92.993746993675956, 56.034215841893463 ], [ 92.985666754796014, 56.03249316366513 ] ] ] } },
{ "type": "Feature", "properties": { "h3_id": "880b9a758bfffff", "h3_resolution": 8, "center_lat": 55.986456280780537, "center_lng": 92.966948572870649 }, "geometry": { "type": "Polygon", "coordinates": [ [ [ 92.960057382398233, 55.989654930191293 ], [ 92.958877346765533, 55.984730335695211 ], [ 92.965767872336045, 55.98153175380903 ], [ 92.973838484455712, 55.983257311560557 ], [ 92.975020115124934, 55.9881816122099 ], [ 92.968129538820293, 55.991380648997392 ], [ 92.960057382398233, 55.989654930191293 ] ] ] } },
{ "type": "Feature", "properties": { "h3_id": "880b9a7585fffff", "h3_resolution": 8, "center_lat": 55.970209080680171, "center_lng": 92.97836332400486 }, "geometry": { "type": "Polygon", "coordinates": [ [ [ 92.971476019630657, 55.973408234159066 ], [ 92.970295185297871, 55.968483457549745 ], [ 92.977181825610032, 55.965284371800948 ], [ 92.9852493504074, 55.967009607897545 ], [ 92.986431778157751, 55.971934090451867 ], [ 92.979545087875437, 55.975133631007424 ], [ 92.971476019630657, 55.973408234159066 ] ] ] } },
{ "type": "Feature", "properties": { "h3_id": "880b9a6645fffff", "h3_resolution": 8, "center_lat": 56.013046819148208, "center_lng": 93.003976983989673 }, "geometry": { "type": "Polygon", "coordinates": [ [ [ 92.997085594274566, 56.016247288166078 ], [ 92.995900772187298, 56.011324235523226 ], [ 93.002791497255473, 56.008123834082006 ], [ 93.010867093034008, 56.00984603045903 ], [ 93.012053510832118, 56.014768788699662 ], [ 93.0051627373239, 56.017969645008399 ], [ 92.997085594274566, 56.016247288166078 ] ] ] } },
{ "type": "Feature", "properties": { "h3_id": "880b9a775dfffff", "h3_resolution": 8, "center_lat": 55.952983452059222, "center_lng": 92.767579240407684 }, "geometry": { "type": "Polygon", "coordinates": [ [ [ 92.760671462874598, 55.956172529087851 ], [ 92.759514156389301, 55.951242620651826 ], [ 92.766421264253779, 55.94805361000892 ], [ 92.774485742108794, 55.949794052403263 ], [ 92.775644648152095, 55.954723670162778 ], [ 92.768737476962272, 55.957913136247818 ], [ 92.760671462874598, 55.956172529087851 ] ] ] } },
{ "type": "Feature", "properties": { "h3_id": "880b9a75b1fffff", "h3_resolution": 8, "center_lat": 55.982029083769824, "center_lng": 93.011824512545815 }, "geometry": { "type": "Polygon", "coordinates": [ [ [ 93.00493900304663, 55.98522985304092 ], [ 93.00375418422793, 55.98030614081388 ], [ 93.010639030276181, 55.977105439414295 ], [ 93.018708743196697, 55.978827995551015 ], [ 93.019895155127514, 55.98375141320286 ], [ 93.013010261208436, 55.986952569335955 ], [ 93.00493900304663, 55.98522985304092 ] ] ] } },
{ "type": "Feature", "properties": { "h3_id": "880b9a7731fffff", "h3_resolution": 8, "center_lat": 55.945718472907018, "center_lng": 92.842414077588941 }, "geometry": { "type": "Polygon", "coordinates": [ [ [ 92.835515716366899, 55.948911103255867 ], [ 92.834350418425927, 55.943982650649232 ], [ 92.841248112383582, 55.940790087269242 ], [ 92.849311163009489, 55.942525521363919 ], [ 92.85047805733916, 55.947453682071341 ], [ 92.843580304834816, 55.950646700626429 ], [ 92.835515716366899, 55.948911103255867 ] ] ] } },
{ "type": "Feature", "properties": { "h3_id": "880b9a2919fffff", "h3_resolution": 8, "center_lat": 56.104597137662886, "center_lng": 92.995365214266172 }, "geometry": { "type": "Polygon", "coordinates": [ [ [ 92.988458030384535, 56.107797398705145 ], [ 92.987271603148628, 56.102876634715528 ], [ 92.99417811926466, 56.099676440481801 ], [ 93.002271112000173, 56.101396555063083 ], [ 93.003459142133011, 56.106317024927847 ], [ 92.99655257681755, 56.109517674379276 ], [ 92.988458030384535, 56.107797398705145 ] ] ] } },
{ "type": "Feature", "properties": { "h3_id": "880b9a2b17fffff", "h3_resolution": 8, "center_lat": 56.111976832062247, "center_lng": 92.920336116052781 }, "geometry": { "type": "Polygon", "coordinates": [ [ [ 92.913419414819231, 56.115173536899135 ], [ 92.912241011763101, 56.110251305942782 ], [ 92.919157042792946, 56.107054667333351 ], [ 92.927251531078994, 56.108779804225826 ], [ 92.928431540262324, 56.113701742277115 ], [ 92.921515455215896, 56.116898836384301 ], [ 92.913419414819231, 56.115173536899135 ] ] ] } },
{ "type": "Feature", "properties": { "h3_id": "880b9a75ddfffff", "h3_resolution": 8, "center_lat": 55.989399205699527, "center_lng": 92.93702032270285 }, "geometry": { "type": "Polygon", "coordinates": [ [ [ 92.930125347210875, 55.99259643957685 ], [ 92.928948503572641, 55.987671258116933 ], [ 92.935842813195819, 55.984474091532434 ], [ 92.94391401928425, 55.986201651438563 ], [ 92.945092459239817, 55.991126539538215 ], [ 92.938198096971703, 55.994324161135019 ], [ 92.930125347210875, 55.99259643957685 ] ] ] } },
{ "type": "Feature", "properties": { "h3_id": "880b9a0d93fffff", "h3_resolution": 8, "center_lat": 55.980230353135141, "center_lng": 92.720351538368789 }, "geometry": { "type": "Polygon", "coordinates": [ [ [ 92.713434153844943, 55.983417232570453 ], [ 92.712281284035654, 55.978487019596002 ], [ 92.719197996662146, 55.975300206001322 ], [ 92.727267645692507, 55.977043149737973 ], [ 92.728422118755617, 55.981973072843807 ], [ 92.721505339714327, 55.985160342125162 ], [ 92.713434153844943, 55.983417232570453 ] ] ] } },
{ "type": "Feature", "properties": { "h3_id": "880b9a2945fffff", "h3_resolution": 8, "center_lat": 56.069903107494312, "center_lng": 92.963983594554648 }, "geometry": { "type": "Polygon", "coordinates": [ [ [ 92.95707856505777, 56.073101802399755 ], [ 92.955896542563451, 56.068179396369111 ], [ 92.962800904461773, 56.064980768321604 ], [ 92.970887340160331, 56.066704091145738 ], [ 92.972070964056499, 56.071626203503804 ], [ 92.965166551035651, 56.07482528675343 ], [ 92.95707856505777, 56.073101802399755 ] ] ] } },
{ "type": "Feature", "properties": { "h3_id": "880b9a0c97fffff", "h3_resolution": 8, "center_lat": 56.028926683135161, "center_lng": 92.685730542786573 }, "geometry": { "type": "Polygon", "coordinates": [ [ [ 92.678801447059982, 56.032112006771548 ], [ 92.677651060958254, 56.027182351498091 ], [ 92.684579482243706, 56.023997093079466 ], [ 92.692658358588844, 56.02574103401237 ], [ 92.693810352820037, 56.030670400054106 ], [ 92.686881862756664, 56.033856114438393 ], [ 92.678801447059982, 56.032112006771548 ] ] ] } },
{ "type": "Feature", "properties": { "h3_id": "880b9a740bfffff", "h3_resolution": 8, "center_lat": 55.996726589563039, "center_lng": 92.862161438710331 }, "geometry": { "type": "Polygon", "coordinates": [ [ [ 92.855257008765676, 55.999920276586572 ], [ 92.854088156302211, 55.994993631981181 ], [ 92.86099191796221, 55.991800011669483 ], [ 92.869064589696123, 55.993532580720007 ], [ 92.870235041671535, 55.998458933184295 ], [ 92.863331222582545, 56.001653008782363 ], [ 92.855257008765676, 55.999920276586572 ] ] ] } },
{ "type": "Feature", "properties": { "h3_id": "880b9a76d9fffff", "h3_resolution": 8, "center_lat": 56.064590441590738, "center_lng": 92.786198210533612 }, "geometry": { "type": "Polygon", "coordinates": [ [ [ 92.779274387020834, 56.067780647079147 ], [ 92.77811200689176, 56.062854163102337 ], [ 92.78503515776606, 56.059664023265647 ], [ 92.79312075141803, 56.06139991167796 ], [ 92.794284738842364, 56.066326104846297 ], [ 92.78736152550097, 56.069516700454344 ], [ 92.779274387020834, 56.067780647079147 ] ] ] } },
{ "type": "Feature", "properties": { "h3_id": "880b9a7609fffff", "h3_resolution": 8, "center_lat": 56.000244145176225, "center_lng": 92.748034826002495 }, "geometry": { "type": "Polygon", "coordinates": [ [ [ 92.741117244111592, 56.003432391693735 ], [ 92.73996079892018, 55.998503326034935 ], [ 92.746877709088977, 55.995315145398479 ], [ 92.754951129341265, 55.997055574796107 ], [ 92.756109178321353, 56.001984350167305 ], [ 92.749192203440757, 56.005172986472004 ], [ 92.741117244111592, 56.003432391693735 ] ] ] } },
{ "type": "Feature", "properties": { "h3_id": "880b9a74dbfffff", "h3_resolution": 8, "center_lat": 56.061020188011405, "center_lng": 92.900471579712871 }, "geometry": { "type": "Polygon", "coordinates": [ [ [ 92.893560961068957, 56.06421584033032 ], [ 92.892386144946315, 56.059291782783525 ], [ 92.899296094408086, 56.056096196947124 ], [ 92.907380915330819, 56.057824213316664 ], [ 92.908557334442193, 56.062747978201273 ], [ 92.901647329824712, 56.065944019421785 ], [ 92.893560961068957, 56.06421584033032 ] ] ] } },
{ "type": "Feature", "properties": { "h3_id": "880b9a7437fffff", "h3_resolution": 8, "center_lat": 55.990868104210712, "center_lng": 92.922052915184139 }, "geometry": { "type": "Polygon", "coordinates": [ [ [ 92.915156047874248, 55.994064629633712 ], [ 92.913980801193148, 55.989139155057046 ], [ 92.92087700215086, 55.985942696810874 ], [ 92.928948503572641, 55.987671258116933 ], [ 92.930125347210875, 55.99259643957685 ], [ 92.923229092652164, 55.995793352890495 ], [ 92.915156047874248, 55.994064629633712 ] ] ] } },
{ "type": "Feature", "properties": { "h3_id": "880b9a7635fffff", "h3_resolution": 8, "center_lat": 55.994438826324021, "center_lng": 92.807982001251645 }, "geometry": { "type": "Polygon", "coordinates": [ [ [ 92.801071965042411, 55.997629924271017 ], [ 92.799909108504821, 55.992702021234336 ], [ 92.806818474920831, 55.989510989636145 ], [ 92.814890758929124, 55.991247405662641 ], [ 92.816055216714986, 55.996175017431121 ], [ 92.809145789425131, 55.999366504484684 ], [ 92.801071965042411, 55.997629924271017 ] ] ] } },
{ "type": "Feature", "properties": { "h3_id": "880b9a76adfffff", "h3_resolution": 8, "center_lat": 56.021086065012831, "center_lng": 92.844948433277381 }, "geometry": { "type": "Polygon", "coordinates": [ [ [ 92.838038157234536, 56.024278984793384 ], [ 92.836870523244414, 56.019352617088117 ], [ 92.843780129735734, 56.016159763709766 ], [ 92.851857428991025, 56.017892822652392 ], [ 92.853026664929004, 56.02281889853181 ], [ 92.846116999845421, 56.026012207337772 ], [ 92.838038157234536, 56.024278984793384 ] ] ] } },
{ "type": "Feature", "properties": { "h3_id": "880b9a7463fffff", "h3_resolution": 8, "center_lat": 55.973825585134733, "center_lng": 92.864385413358505 }, "geometry": { "type": "Polygon", "coordinates": [ [ [ 92.857484933584544, 55.977019326657661 ], [ 92.856316464455148, 55.97209211478134 ], [ 92.863216276726305, 55.968898440163407 ], [ 92.871284615533938, 55.97063152226518 ], [ 92.872454682380948, 55.975558441929735 ], [ 92.865554812883872, 55.978752571747478 ], [ 92.857484933584544, 55.977019326657661 ] ] ] } },
{ "type": "Feature", "properties": { "h3_id": "880b9a3909fffff", "h3_resolution": 8, "center_lat": 56.057056827996739, "center_lng": 92.707659029922709 }, "geometry": { "type": "Polygon", "coordinates": [ [ [ 92.700727773613067, 56.060243259141643 ], [ 92.699574220259834, 56.055314846931417 ], [ 92.706504801876662, 56.052128480941604 ], [ 92.714589004493575, 56.05387007121012 ], [ 92.715744167332375, 56.058798193875063 ], [ 92.708813518249329, 56.061985015860508 ], [ 92.700727773613067, 56.060243259141643 ] ] ] } },
{ "type": "Feature", "properties": { "h3_id": "880b9a29e9fffff", "h3_resolution": 8, "center_lat": 56.108270857013828, "center_lng": 93.034646244097502 }, "geometry": { "type": "Polygon", "coordinates": [ [ [ 93.027742823184113, 56.111472992430691 ], [ 93.026551987508881, 56.106553205021648 ], [ 93.033454741697611, 56.103351136658397 ], [ 93.041548378442769, 56.105068400651376 ], [ 93.042740815887925, 56.109987893309729 ], [ 93.035838015002625, 56.11319041676883 ], [ 93.027742823184113, 56.111472992430691 ] ] ] } },
{ "type": "Feature", "properties": { "h3_id": "880b9a7661fffff", "h3_resolution": 8, "center_lat": 55.977338889506164, "center_lng": 92.75032153901256 }, "geometry": { "type": "Polygon", "coordinates": [ [ [ 92.743407920626979, 55.980527195887383 ], [ 92.742251844942714, 55.975597562895757 ], [ 92.749164792393344, 55.972409322589428 ], [ 92.757233880204979, 55.974150259736781 ], [ 92.758391557877331, 55.979079602368877 ], [ 92.751478545930013, 55.982268298256621 ], [ 92.743407920626979, 55.980527195887383 ] ] ] } },
{ "type": "Feature", "properties": { "h3_id": "880b9a3935fffff", "h3_resolution": 8, "center_lat": 56.051263373326563, "center_lng": 92.767704022838316 }, "geometry": { "type": "Polygon", "coordinates": [ [ [ 92.760780325854839, 56.054452667226087 ], [ 92.759620338374944, 56.049525414673404 ], [ 92.766543362600743, 56.046336186398378 ], [ 92.774626438097371, 56.048073754935658 ], [ 92.775788032517625, 56.053000716959353 ], [ 92.768864944682051, 56.056190401018348 ], [ 92.760780325854839, 56.054452667226087 ] ] ] } },
{ "type": "Feature", "properties": { "h3_id": "880b9a7681fffff", "h3_resolution": 8, "center_lat": 56.045442402069682, "center_lng": 92.82771422181996 }, "geometry": { "type": "Polygon", "coordinates": [ [ [ 92.820798091760423, 56.048634551395438 ], [ 92.819631680345111, 56.043708462431113 ], [ 92.826547139583482, 56.04051637919774 ], [ 92.834629070178494, 56.0422499294029 ], [ 92.835797085982037, 56.047175726857212 ], [ 92.828881566984023, 56.050368265659806 ], [ 92.820798091760423, 56.048634551395438 ] ] ] } },
{ "type": "Feature", "properties": { "h3_id": "880b9a768dfffff", "h3_resolution": 8, "center_lat": 56.038782214226245, "center_lng": 92.818465531648542 }, "geometry": { "type": "Polygon", "coordinates": [ [ [ 92.81154946185984, 56.041973907962529 ], [ 92.810384246675909, 56.037047434509546 ], [ 92.817299645582949, 56.033855806852188 ], [ 92.825380320186781, 56.035590197115219 ], [ 92.826547139583482, 56.04051637919774 ], [ 92.819631680345111, 56.043708462431113 ], [ 92.81154946185984, 56.041973907962529 ] ] ] } },
{ "type": "Feature", "properties": { "h3_id": "880b9a3929fffff", "h3_resolution": 8, "center_lat": 56.039379763109103, "center_lng": 92.734214315513839 }, "geometry": { "type": "Polygon", "coordinates": [ [ [ 92.727288858723441, 56.042567430287029 ], [ 92.726132868976777, 56.037639120109596 ], [ 92.733057652407894, 56.034451518411686 ], [ 92.741138491479887, 56.036191771085633 ], [ 92.742296088446636, 56.041119791259383 ], [ 92.735371239301983, 56.044307848806518 ], [ 92.727288858723441, 56.042567430287029 ] ] ] } },
{ "type": "Feature", "properties": { "h3_id": "880b9a74bbfffff", "h3_resolution": 8, "center_lat": 56.047014043587183, "center_lng": 92.96615550876318 }, "geometry": { "type": "Polygon", "coordinates": [ [ [ 92.959254431622341, 56.05021279203357 ], [ 92.958072806192675, 56.045289813918387 ], [ 92.964973216516157, 56.042091132522145 ], [ 92.973055303381514, 56.043814974169656 ], [ 92.974238528414773, 56.048737658542585 ], [ 92.967338067162231, 56.051936795053301 ], [ 92.959254431622341, 56.05021279203357 ] ] ] } },
{ "type": "Feature", "properties": { "h3_id": "880b9a7483fffff", "h3_resolution": 8, "center_lat": 56.041839510521079, "center_lng": 92.941908353506875 }, "geometry": { "type": "Polygon", "coordinates": [ [ [ 92.935005430671453, 56.045037094388391 ], [ 92.933826603997446, 56.040113436832989 ], [ 92.940728859466844, 56.036915919886532 ], [ 92.948809994255953, 56.038641605360425 ], [ 92.949990421006248, 56.0435649695563 ], [ 92.943088113073941, 56.046762941680946 ], [ 92.935005430671453, 56.045037094388391 ] ] ] } },
{ "type": "Feature", "properties": { "h3_id": "880b9a2823fffff", "h3_resolution": 8, "center_lat": 56.127478849008256, "center_lng": 92.993206414524622 }, "geometry": { "type": "Polygon", "coordinates": [ [ [ 92.98629527086122, 56.130679054957568 ], [ 92.985108441916495, 56.125758866755547 ], [ 92.992018917031217, 56.122558727422962 ], [ 93.000116270665686, 56.124278321029244 ], [ 93.001304704311394, 56.12919821517589 ], [ 92.994394179806122, 56.132398809814774 ], [ 92.98629527086122, 56.130679054957568 ] ] ] } },
{ "type": "Feature", "properties": { "h3_id": "880b9a3961fffff", "h3_resolution": 8, "center_lat": 56.034155989649705, "center_lng": 92.709970956296857 }, "geometry": { "type": "Polygon", "coordinates": [ [ [ 92.703043678551396, 56.037342485340773 ], [ 92.701890490757293, 56.032413502232949 ], [ 92.708817094602068, 56.029227071890823 ], [ 92.716896953667373, 56.030969168792524 ], [ 92.718051749137231, 56.035897862282532 ], [ 92.711125078046408, 56.039084748532389 ], [ 92.703043678551396, 56.037342485340773 ] ] ] } },
{ "type": "Feature", "properties": { "h3_id": "880b9a76b9fffff", "h3_resolution": 8, "center_lat": 56.050640531795167, "center_lng": 92.851963781158091 }, "geometry": { "type": "Polygon", "coordinates": [ [ [ 92.845049485271872, 56.053833849360153 ], [ 92.843880272528892, 56.048908436772699 ], [ 92.850793898139372, 56.045715185430296 ], [ 92.858876794900411, 56.047446891210647 ], [ 92.86004761156704, 56.052372011903763 ], [ 92.853133927730994, 56.055565718754217 ], [ 92.845049485271872, 56.053833849360153 ] ] ] } },
{ "type": "Feature", "properties": { "h3_id": "880b9a7655fffff", "h3_resolution": 8, "center_lat": 56.008361298840555, "center_lng": 92.742273949706203 }, "geometry": { "type": "Polygon", "coordinates": [ [ [ 92.735354416964753, 56.011549287092507 ], [ 92.73419838351569, 56.006620314168273 ], [ 92.741117244111592, 56.003432391693735 ], [ 92.749192203440757, 56.005172986472004 ], [ 92.750349841490845, 56.010101669214471 ], [ 92.74343091579108, 56.01329004740397 ], [ 92.735354416964753, 56.011549287092507 ] ] ] } },
{ "type": "Feature", "properties": { "h3_id": "880b9a74e7fffff", "h3_resolution": 8, "center_lat": 56.012295577087919, "center_lng": 92.934835369071195 }, "geometry": { "type": "Polygon", "coordinates": [ [ [ 92.927936448636856, 56.015492758981829 ], [ 92.926759212547211, 56.010568145895881 ], [ 92.933657466333358, 56.007371031102167 ], [ 92.941733009232223, 56.009098074338468 ], [ 92.942911843431702, 56.014022394134038 ], [ 92.93601353680485, 56.017219964026772 ], [ 92.927936448636856, 56.015492758981829 ] ] ] } },
{ "type": "Feature", "properties": { "h3_id": "880b9a7457fffff", "h3_resolution": 8, "center_lat": 56.004846762487823, "center_lng": 92.85642612423301 }, "geometry": { "type": "Polygon", "coordinates": [ [ [ 92.849519746468005, 56.008040194120419 ], [ 92.848351299707318, 56.003113641610511 ], [ 92.855257008765676, 55.999920276586572 ], [ 92.863331222582545, 56.001653008782363 ], [ 92.864501269666633, 56.0065792692562 ], [ 92.857595502791952, 56.009773089613525 ], [ 92.849519746468005, 56.008040194120419 ] ] ] } },
{ "type": "Feature", "properties": { "h3_id": "880b9a0ce3fffff", "h3_resolution": 8, "center_lat": 55.994107897700097, "center_lng": 92.654607404171117 }, "geometry": { "type": "Polygon", "coordinates": [ [ [ 92.647680541482941, 55.997291657745244 ], [ 92.646534507057012, 55.992360380617079 ], [ 92.65346069550003, 55.989176685838991 ], [ 92.66153298919923, 55.990923812291825 ], [ 92.662680630217196, 55.995854800641609 ], [ 92.655754371123209, 55.99903895136071 ], [ 92.647680541482941, 55.997291657745244 ] ] ] } },
{ "type": "Feature", "properties": { "h3_id": "880b9a76e5fffff", "h3_resolution": 8, "center_lat": 56.015883878105349, "center_lng": 92.820715669241878 }, "geometry": { "type": "Polygon", "coordinates": [ [ [ 92.813803562294737, 56.019075630427466 ], [ 92.812638725875942, 56.01414858708943 ], [ 92.819550162727538, 56.010956901039492 ], [ 92.827626496302244, 56.012691802882287 ], [ 92.828792935131958, 56.017618554778608 ], [ 92.821881438157277, 56.020810696317184 ], [ 92.813803562294737, 56.019075630427466 ] ] ] } },
{ "type": "Feature", "properties": { "h3_id": "880b9a66e9fffff", "h3_resolution": 8, "center_lat": 56.051408825856797, "center_lng": 93.074566699762045 }, "geometry": { "type": "Polygon", "coordinates": [ [ [ 93.067676931188402, 56.05461273054199 ], [ 93.066483316833285, 56.049692293072134 ], [ 93.073372421635824, 56.046488456157263 ], [ 93.081455185005169, 56.048204601997377 ], [ 93.082650395427009, 56.053124743989635 ], [ 93.075761246597025, 56.056329035662152 ], [ 93.067676931188402, 56.05461273054199 ] ] ] } },
{ "type": "Feature", "properties": { "h3_id": "880b9a7629fffff", "h3_resolution": 8, "center_lat": 55.982559186764689, "center_lng": 92.77453256878924 }, "geometry": { "type": "Polygon", "coordinates": [ [ [ 92.767620770704539, 55.985748661475867 ], [ 92.766461901236454, 55.980819701462245 ], [ 92.773373028926699, 55.977630292956306 ], [ 92.781443089235538, 55.979369388985397 ], [ 92.782603560234961, 55.98429805825473 ], [ 92.775692369574514, 55.987487922282682 ], [ 92.767620770704539, 55.985748661475867 ] ] ] } },
{ "type": "Feature", "properties": { "h3_id": "880b9a742bfffff", "h3_resolution": 8, "center_lat": 55.979022314761352, "center_lng": 92.888594179578675 }, "geometry": { "type": "Polygon", "coordinates": [ [ [ 92.881695531618092, 55.982217220977347 ], [ 92.880524271221404, 55.977290685145533 ], [ 92.887422252222876, 55.974095845963973 ], [ 92.895491549502097, 55.975827087519477 ], [ 92.89666440715159, 55.980753330756421 ], [ 92.889766370450559, 55.983948625075818 ], [ 92.881695531618092, 55.982217220977347 ] ] ] } },
{ "type": "Feature", "properties": { "h3_id": "880b9a2b63fffff", "h3_resolution": 8, "center_lat": 56.077258938793015, "center_lng": 92.888998146304729 }, "geometry": { "type": "Polygon", "coordinates": [ [ [ 92.882083621201943, 56.080454078401466 ], [ 92.880909615372943, 56.075530207667363 ], [ 92.887823470446392, 56.072335134335397 ], [ 92.895911387462661, 56.074063476301376 ], [ 92.897086997910748, 56.078987054583209 ], [ 92.890173086906202, 56.082182583394641 ], [ 92.882083621201943, 56.080454078401466 ] ] ] } },
{ "type": "Feature", "properties": { "h3_id": "880b9a7513fffff", "h3_resolution": 8, "center_lat": 55.959846142222787, "center_lng": 92.929959233999341 }, "geometry": { "type": "Polygon", "coordinates": [ [ [ 92.923068251930928, 55.96304297189387 ], [ 92.921892994295547, 55.958116839364507 ], [ 92.928783311210708, 55.95492007716598 ], [ 92.936848938963578, 55.9566489926057 ], [ 92.938025790956644, 55.961574831843912 ], [ 92.931135421020741, 55.964772048976549 ], [ 92.923068251930928, 55.96304297189387 ] ] ] } },
{ "type": "Feature", "properties": { "h3_id": "880b9a0cb7fffff", "h3_resolution": 8, "center_lat": 56.011252807083736, "center_lng": 92.712280372687189 }, "geometry": { "type": "Polygon", "coordinates": [ [ [ 92.705357068976838, 56.014439366069929 ], [ 92.704204246631903, 56.009509813519308 ], [ 92.711126877232317, 56.006323320076 ], [ 92.719202397384251, 56.00806592340674 ], [ 92.720356825598117, 56.012995186267091 ], [ 92.713434127971212, 56.016182135530578 ], [ 92.705357068976838, 56.014439366069929 ] ] ] } },
{ "type": "Feature", "properties": { "h3_id": "880b9a7711fffff", "h3_resolution": 8, "center_lat": 55.963415560372169, "center_lng": 92.815976532256542 }, "geometry": { "type": "Polygon", "coordinates": [ [ [ 92.809072397702209, 55.966606970789996 ], [ 92.807909510385855, 55.961678409109382 ], [ 92.814812976352627, 55.958487065337216 ], [ 92.822879390093149, 55.960223827966892 ], [ 92.824043876051121, 55.965152098202836 ], [ 92.817140349807516, 55.968343897297039 ], [ 92.809072397702209, 55.966606970789996 ] ] ] } },
{ "type": "Feature", "properties": { "h3_id": "880b9a2965fffff", "h3_resolution": 8, "center_lat": 56.052183044233082, "center_lng": 92.990405517748727 }, "geometry": { "type": "Polygon", "coordinates": [ [ [ 92.983506289257619, 56.055382956679168 ], [ 92.982321864844351, 56.050460658764564 ], [ 92.989220427067693, 56.047260813497729 ], [ 92.99730346328235, 56.048982811138316 ], [ 92.998489486824639, 56.053904814928252 ], [ 92.991590875206654, 56.057105115245271 ], [ 92.983506289257619, 56.055382956679168 ] ] ] } },
{ "type": "Feature", "properties": { "h3_id": "880b9a2b37fffff", "h3_resolution": 8, "center_lat": 56.094264885438506, "center_lng": 92.946808309451114 }, "geometry": { "type": "Polygon", "coordinates": [ [ [ 92.939897421091104, 56.097462814669434 ], [ 92.938716605218858, 56.092540688815106 ], [ 92.945626824710629, 56.089342826133738 ], [ 92.953717912537172, 56.09106663400388 ], [ 92.954900332257878, 56.095988466499378 ], [ 92.947990060487072, 56.099186784526729 ], [ 92.939897421091104, 56.097462814669434 ] ] ] } },
{ "type": "Feature", "properties": { "h3_id": "880b9a39e5fffff", "h3_resolution": 8, "center_lat": 56.07270697156455, "center_lng": 92.780437029228068 }, "geometry": { "type": "Polygon", "coordinates": [ [ [ 92.773511249869358, 56.075896917996275 ], [ 92.772349280725507, 56.070970527962601 ], [ 92.779274387020834, 56.067780647079147 ], [ 92.78736152550097, 56.069516700454344 ], [ 92.788525102755898, 56.074442799785281 ], [ 92.781599933601157, 56.07763313648735 ], [ 92.773511249869358, 56.075896917996275 ] ] ] } },
{ "type": "Feature", "properties": { "h3_id": "880b9a2939fffff", "h3_resolution": 8, "center_lat": 56.086872450505837, "center_lng": 93.02179132687499 }, "geometry": { "type": "Polygon", "coordinates": [ [ [ 93.014889953183271, 56.090073929594872 ], [ 93.01370112452571, 56.085153272972107 ], [ 93.020601831785413, 56.081951861012605 ], [ 93.028691415357386, 56.083670650654327 ], [ 93.029881844632811, 56.088591012700412 ], [ 93.022981089902586, 56.091792879724466 ], [ 93.014889953183271, 56.090073929594872 ] ] ] } },
{ "type": "Feature", "properties": { "h3_id": "880b9a75d1fffff", "h3_resolution": 8, "center_lat": 55.996051268864854, "center_lng": 92.946271164164756 }, "geometry": { "type": "Polygon", "coordinates": [ [ [ 92.939376136090615, 55.999248957767591 ], [ 92.938198096971703, 55.994324161135019 ], [ 92.945092459239817, 55.991126539538215 ], [ 92.953164912881803, 55.992853259612751 ], [ 92.954344548488265, 55.997777762746075 ], [ 92.947450134147459, 56.000975839347127 ], [ 92.939376136090615, 55.999248957767591 ] ] ] } },
{ "type": "Feature", "properties": { "h3_id": "880b9a662bfffff", "h3_resolution": 8, "center_lat": 56.0152447588992, "center_lng": 93.05813552935858 }, "geometry": { "type": "Polygon", "coordinates": [ [ [ 93.051249786569883, 56.018447801813913 ], [ 93.050058980843204, 56.01352601958213 ], [ 93.056944060504861, 56.010323044603531 ], [ 93.065019991074919, 56.01204139721056 ], [ 93.06621239074687, 56.016962884173672 ], [ 93.059327266087067, 56.020166313841173 ], [ 93.051249786569883, 56.018447801813913 ] ] ] } },
{ "type": "Feature", "properties": { "h3_id": "880b9a6665fffff", "h3_resolution": 8, "center_lat": 55.995319034132073, "center_lng": 93.030341595414868 }, "geometry": { "type": "Polygon", "coordinates": [ [ [ 93.023455990876514, 55.998520712887235 ], [ 93.022268778878555, 55.993597771942333 ], [ 93.02915372009484, 55.990396161084526 ], [ 93.037225920215334, 55.992117036498477 ], [ 93.038414725659521, 55.997039682590732 ], [ 93.031529737720078, 56.000241748164449 ], [ 93.023455990876514, 55.998520712887235 ] ] ] } },
{ "type": "Feature", "properties": { "h3_id": "880b9a290dfffff", "h3_resolution": 8, "center_lat": 56.075070550095511, "center_lng": 92.988246654377747 }, "geometry": { "type": "Polygon", "coordinates": [ [ [ 92.981343475295532, 56.078270409840066 ], [ 92.980158650765404, 56.073348684377528 ], [ 92.987061162799478, 56.070148891620164 ], [ 92.995148549132963, 56.071870369230524 ], [ 92.996334974589743, 56.076791800637864 ], [ 92.989432412970046, 56.079992048533057 ], [ 92.981343475295532, 56.078270409840066 ] ] ] } },
{ "type": "Feature", "properties": { "h3_id": "880b9a7597fffff", "h3_resolution": 8, "center_lat": 55.998277386617062, "center_lng": 93.000421323231635 }, "geometry": { "type": "Polygon", "coordinates": [ [ [ 92.99353192710096, 56.001477652815311 ], [ 92.992347903924326, 55.99655412289296 ], [ 92.999236635764333, 55.993353924360989 ], [ 93.007309439596412, 55.995076800965705 ], [ 93.008495057505058, 56.000000036520703 ], [ 93.001606277032423, 56.00320068988119 ], [ 92.99353192710096, 56.001477652815311 ] ] ] } },
{ "type": "Feature", "properties": { "h3_id": "880b9a6657fffff", "h3_resolution": 8, "center_lat": 56.041100410051904, "center_lng": 93.026071103856466 }, "geometry": { "type": "Polygon", "coordinates": [ [ [ 93.01917762369817, 56.044301991451611 ], [ 93.017989603718306, 56.039380189765133 ], [ 93.024882419002267, 56.036178675878709 ], [ 93.032963301545536, 56.037898508832221 ], [ 93.03415291855147, 56.04282001580389 ], [ 93.02726005617167, 56.046021984579745 ], [ 93.01917762369817, 56.044301991451611 ] ] ] } },
{ "type": "Feature", "properties": { "h3_id": "880b9a75c3fffff", "h3_resolution": 8, "center_lat": 55.981276604637252, "center_lng": 92.942735844209736 }, "geometry": { "type": "Polygon", "coordinates": [ [ [ 92.935842813195819, 55.984474091532434 ], [ 92.934665568362306, 55.979548818705204 ], [ 92.941557933927953, 55.976351399205733 ], [ 92.949627596770583, 55.978078797611431 ], [ 92.950806437111353, 55.983003776974016 ], [ 92.94391401928425, 55.986201651438563 ], [ 92.935842813195819, 55.984474091532434 ] ] ] } },
{ "type": "Feature", "properties": { "h3_id": "880b9a0c33fffff", "h3_resolution": 8, "center_lat": 55.972633691226399, "center_lng": 92.641952949213092 }, "geometry": { "type": "Polygon", "coordinates": [ [ [ 92.635028180223003, 55.975816799460844 ], [ 92.633884109230337, 55.970884666906898 ], [ 92.640808204286131, 55.96770162401635 ], [ 92.648876441899901, 55.969450257817904 ], [ 92.650022118309778, 55.974382101766814 ], [ 92.643097951867531, 55.977565600562947 ], [ 92.635028180223003, 55.975816799460844 ] ] ] } },
{ "type": "Feature", "properties": { "h3_id": "880b9a292bfffff", "h3_resolution": 8, "center_lat": 56.072110201487142, "center_lng": 93.01822364506252 }, "geometry": { "type": "Polygon", "coordinates": [ [ [ 93.011324270309217, 56.075311479098239 ], [ 93.010136244571513, 56.070390341989473 ], [ 93.017034953250345, 56.067189131597218 ], [ 93.025121735516052, 56.068908603331792 ], [ 93.026311360888485, 56.073829445898838 ], [ 93.019412604544414, 56.077031111315989 ], [ 93.011324270309217, 56.075311479098239 ] ] ] } },
{ "type": "Feature", "properties": { "h3_id": "880b9a6639fffff", "h3_resolution": 8, "center_lat": 56.030008945378711, "center_lng": 93.061711543525774 }, "geometry": { "type": "Polygon", "coordinates": [ [ [ 93.054823810646496, 56.033212191922843 ], [ 93.053632201382214, 56.028290888055572 ], [ 93.060519270779693, 56.025087709358097 ], [ 93.068597994426923, 56.026805379842905 ], [ 93.069791198613842, 56.031726388406433 ], [ 93.062904084414726, 56.03493002183167 ], [ 93.054823810646496, 56.033212191922843 ] ] ] } },
{ "type": "Feature", "properties": { "h3_id": "880b9a2b29fffff", "h3_resolution": 8, "center_lat": 56.075791202995994, "center_lng": 92.903999624823513 }, "geometry": { "type": "Polygon", "coordinates": [ [ [ 92.897086997910748, 56.078987054583209 ], [ 92.895911387462661, 56.074063476301376 ], [ 92.902823344832072, 56.070867691107061 ], [ 92.910910967801001, 56.072595028813545 ], [ 92.912088182225588, 56.07751831439878 ], [ 92.905176169887582, 56.080714555017416 ], [ 92.897086997910748, 56.078987054583209 ] ] ] } },
{ "type": "Feature", "properties": { "h3_id": "880b9a660dfffff", "h3_resolution": 8, "center_lat": 56.018210885502789, "center_lng": 93.028207508426846 }, "geometry": { "type": "Polygon", "coordinates": [ [ [ 93.021317968313895, 56.021412516199668 ], [ 93.020130352412039, 56.016490144157778 ], [ 93.027019228427477, 56.013288581166179 ], [ 93.035095767437298, 56.015008935456827 ], [ 93.036284978573818, 56.01993101271497 ], [ 93.029396055649187, 56.02313303050898 ], [ 93.021317968313895, 56.021412516199668 ] ] ] } },
{ "type": "Feature", "properties": { "h3_id": "880b9a0dd9fffff", "h3_resolution": 8, "center_lat": 55.971198277903007, "center_lng": 92.656945008298109 }, "geometry": { "type": "Polygon", "coordinates": [ [ [ 92.650022118309778, 55.974382101766814 ], [ 92.648876441899901, 55.969450257817904 ], [ 92.65579865843408, 55.966266499415546 ], [ 92.663866621983402, 55.968014129151754 ], [ 92.665013903180792, 55.972945684249368 ], [ 92.658091616220389, 55.976129898505803 ], [ 92.650022118309778, 55.974382101766814 ] ] ] } },
{ "type": "Feature", "properties": { "h3_id": "880b9a2957fffff", "h3_resolution": 8, "center_lat": 56.097955710302585, "center_lng": 92.986085443253543 }, "geometry": { "type": "Polygon", "coordinates": [ [ [ 92.979178309084716, 56.101155516105592 ], [ 92.977993084271063, 56.096234364545232 ], [ 92.984899550609967, 56.093034625537427 ], [ 92.992991291723655, 56.094755582907169 ], [ 92.99417811926466, 56.099676440481801 ], [ 92.987271603148628, 56.102876634715528 ], [ 92.979178309084716, 56.101155516105592 ] ] ] } },
{ "type": "Feature", "properties": { "h3_id": "880b9a754dfffff", "h3_resolution": 8, "center_lat": 55.921353629339052, "center_lng": 92.85959839832546 }, "geometry": { "type": "Polygon", "coordinates": [ [ [ 92.852705862775878, 55.924547021075838 ], [ 92.851539350259799, 55.919618296449485 ], [ 92.858431219805269, 55.916424971991241 ], [ 92.866489659436539, 55.918159917167017 ], [ 92.867657765918239, 55.923088349579579 ], [ 92.860765838983482, 55.926282129073208 ], [ 92.852705862775878, 55.924547021075838 ] ] ] } },
{ "type": "Feature", "properties": { "h3_id": "880b9a0ca9fffff", "h3_resolution": 8, "center_lat": 55.992670324665824, "center_lng": 92.669605611500515 }, "geometry": { "type": "Polygon", "coordinates": [ [ [ 92.662680630217196, 55.995854800641609 ], [ 92.66153298919923, 55.990923812291825 ], [ 92.668457296718387, 55.987739401700665 ], [ 92.676529315124498, 55.98948552361373 ], [ 92.677678562103452, 55.994416222938881 ], [ 92.670754184894747, 55.997601089419319 ], [ 92.662680630217196, 55.995854800641609 ] ] ] } },
{ "type": "Feature", "properties": { "h3_id": "880b9a741dfffff", "h3_resolution": 8, "center_lat": 56.003385126933004, "center_lng": 92.87140575697903 }, "geometry": { "type": "Polygon", "coordinates": [ [ [ 92.864501269666633, 56.0065792692562 ], [ 92.863331222582545, 56.001653008782363 ], [ 92.870235041671535, 55.998458933184295 ], [ 92.878308964884283, 56.000190662824231 ], [ 92.879480611653563, 56.005116631017671 ], [ 92.872576735706517, 56.008311161894781 ], [ 92.864501269666633, 56.0065792692562 ] ] ] } },
{ "type": "Feature", "properties": { "h3_id": "880b9a761bfffff", "h3_resolution": 8, "center_lat": 56.028364315489036, "center_lng": 92.769982676819765 }, "geometry": { "type": "Polygon", "coordinates": [ [ [ 92.763062950650593, 56.03155367090789 ], [ 92.761903335963453, 56.026625847746708 ], [ 92.768822390164047, 56.023436558145868 ], [ 92.776901122628686, 56.02517463605345 ], [ 92.778062342450156, 56.030102168613816 ], [ 92.771143224853574, 56.033291913910908 ], [ 92.763062950650593, 56.03155367090789 ] ] ] } },
{ "type": "Feature", "properties": { "h3_id": "880b9a66dbfffff", "h3_resolution": 8, "center_lat": 56.097174592901887, "center_lng": 93.070339153899965 }, "geometry": { "type": "Polygon", "coordinates": [ [ [ 93.06344149890711, 56.100378398628429 ], [ 93.062247063664088, 56.095459107696037 ], [ 93.069144053331485, 56.092255369356771 ], [ 93.077235522818924, 56.093970467059854 ], [ 93.078431557717948, 56.098889462651833 ], [ 93.071534523658315, 56.102093655924023 ], [ 93.06344149890711, 56.100378398628429 ] ] ] } },
{ "type": "Feature", "properties": { "h3_id": "880b9a7449fffff", "h3_resolution": 8, "center_lat": 55.986319635396917, "center_lng": 92.813726563106627 }, "geometry": { "type": "Polygon", "coordinates": [ [ [ 92.806818474920831, 55.989510989636145 ], [ 92.80565521034525, 55.984582994492428 ], [ 92.812562629160055, 55.981391706705395 ], [ 92.820633373216126, 55.983127958696798 ], [ 92.821798238228794, 55.98805566246704 ], [ 92.814890758929124, 55.991247405662641 ], [ 92.806818474920831, 55.989510989636145 ] ] ] } },
{ "type": "Feature", "properties": { "h3_id": "880b9a76c7fffff", "h3_resolution": 8, "center_lat": 56.040238738685076, "center_lng": 92.803467566666384 }, "geometry": { "type": "Polygon", "coordinates": [ [ [ 92.796549605400045, 56.043429719198301 ], [ 92.795385995066965, 56.038502954619922 ], [ 92.802303284967707, 56.035312040068703 ], [ 92.810384246675909, 56.037047434509546 ], [ 92.81154946185984, 56.041973907962529 ], [ 92.804632110666105, 56.045165278143557 ], [ 92.796549605400045, 56.043429719198301 ] ] ] } },
{ "type": "Feature", "properties": { "h3_id": "880b9a7647fffff", "h3_resolution": 8, "center_lat": 55.993574101935486, "center_lng": 92.738804614044994 }, "geometry": { "type": "Polygon", "coordinates": [ [ [ 92.731887097375349, 55.996761892765036 ], [ 92.730731844510231, 55.991832444428724 ], [ 92.737648689399109, 55.988644719466805 ], [ 92.745720852613189, 55.990385987210189 ], [ 92.746877709088977, 55.995315145398479 ], [ 92.73996079892018, 55.998503326034935 ], [ 92.731887097375349, 55.996761892765036 ] ] ] } },
{ "type": "Feature", "properties": { "h3_id": "880b9a74c9fffff", "h3_resolution": 8, "center_lat": 56.03293895240239, "center_lng": 92.87843558372272 }, "geometry": { "type": "Polygon", "coordinates": [ [ [ 92.871527084544866, 56.036133494447263 ], [ 92.870355456342651, 56.031208187944856 ], [ 92.877263286575513, 56.028013712445428 ], [ 92.885342801681119, 56.029744088132851 ], [ 92.886516031539472, 56.034669102286216 ], [ 92.879608144818107, 56.037864033144444 ], [ 92.871527084544866, 56.036133494447263 ] ] ] } },
{ "type": "Feature", "properties": { "h3_id": "880b9a675bfffff", "h3_resolution": 8, "center_lat": 55.993837298245985, "center_lng": 93.045298433717761 }, "geometry": { "type": "Polygon", "coordinates": [ [ [ 93.038414725659521, 55.997039682590732 ], [ 93.037225920215334, 55.992117036498477 ], [ 93.044108965435953, 55.988914720166463 ], [ 93.05218086205295, 55.990634595310169 ], [ 93.053371260299897, 55.995556946307389 ], [ 93.046488169310265, 55.998759717298675 ], [ 93.038414725659521, 55.997039682590732 ] ] ] } },
{ "type": "Feature", "properties": { "h3_id": "880ab4930dfffff", "h3_resolution": 8, "center_lat": 56.111087594438018, "center_lng": 93.158167396365499 }, "geometry": { "type": "Polygon", "coordinates": [ [ [ 93.151277252985537, 56.114295591724051 ], [ 93.150072808056734, 56.109378651502084 ], [ 93.156962288267422, 56.106170722103812 ], [ 93.165056252403446, 56.107879278297339 ], [ 93.166262294878564, 56.112795921793406 ], [ 93.15937277585715, 56.116004305864521 ], [ 93.151277252985537, 56.114295591724051 ] ] ] } },
{ "type": "Feature", "properties": { "h3_id": "880b9a749dfffff", "h3_resolution": 8, "center_lat": 56.04996059243927, "center_lng": 92.93618452275274 }, "geometry": { "type": "Polygon", "coordinates": [ [ [ 92.929279649885729, 56.053157921650879 ], [ 92.928101225592826, 56.048234356781997 ], [ 92.935005430671453, 56.045037094388391 ], [ 92.943088113073941, 56.046762941680946 ], [ 92.944268138256675, 56.051686213294822 ], [ 92.937363880329954, 56.054883930914265 ], [ 92.929279649885729, 56.053157921650879 ] ] ] } },
{ "type": "Feature", "properties": { "h3_id": "880b9a74a1fffff", "h3_resolution": 8, "center_lat": 56.017474185707378, "center_lng": 92.959065744453255 }, "geometry": { "type": "Polygon", "coordinates": [ [ [ 92.952168666424797, 56.02067253140509 ], [ 92.950988635326496, 56.015748597013932 ], [ 92.957885047254109, 56.01255031854555 ], [ 92.965961541772714, 56.014275519475895 ], [ 92.967143170509644, 56.019199160194169 ], [ 92.96024670727202, 56.022397893697985 ], [ 92.952168666424797, 56.02067253140509 ] ] ] } },
{ "type": "Feature", "properties": { "h3_id": "880b9a3947fffff", "h3_resolution": 8, "center_lat": 56.050386275571093, "center_lng": 92.698420926977647 }, "geometry": { "type": "Polygon", "coordinates": [ [ [ 92.691489738645743, 56.053572250701002 ], [ 92.690337380098441, 56.04864345512047 ], [ 92.697267893679552, 56.045457545131924 ], [ 92.705350834024117, 56.047199974766414 ], [ 92.706504801876662, 56.052128480941604 ], [ 92.699574220259834, 56.055314846931417 ], [ 92.691489738645743, 56.053572250701002 ] ] ] } },
{ "type": "Feature", "properties": { "h3_id": "880b9a7643fffff", "h3_resolution": 8, "center_lat": 56.001691182702004, "center_lng": 92.733042610348207 }, "geometry": { "type": "Polygon", "coordinates": [ [ [ 92.726123143220406, 56.004878715219391 ], [ 92.724968302451671, 55.99994935951851 ], [ 92.731887097375349, 55.996761892765036 ], [ 92.73996079892018, 55.998503326034935 ], [ 92.741117244111592, 56.003432391693735 ], [ 92.73419838351569, 56.006620314168273 ], [ 92.726123143220406, 56.004878715219391 ] ] ] } },
{ "type": "Feature", "properties": { "h3_id": "880b9a7445fffff", "h3_resolution": 8, "center_lat": 55.976743638634602, "center_lng": 92.834443159822129 }, "geometry": { "type": "Polygon", "coordinates": [ [ [ 92.827538905403273, 55.979935959716016 ], [ 92.826373633618815, 55.975008164148818 ], [ 92.833277219570647, 55.971815909739561 ], [ 92.84134613662691, 55.973550995632763 ], [ 92.842513007401962, 55.978478499476637 ], [ 92.835609362311033, 55.981671209193905 ], [ 92.827538905403273, 55.979935959716016 ] ] ] } },
{ "type": "Feature", "properties": { "h3_id": "880b9a74cdfffff", "h3_resolution": 8, "center_lat": 56.02481891479453, "center_lng": 92.884169835891242 }, "geometry": { "type": "Polygon", "coordinates": [ [ [ 92.877263286575513, 56.028013712445428 ], [ 92.876091253288365, 56.023088313344871 ], [ 92.882997134081648, 56.019893582342533 ], [ 92.891075104445434, 56.021623795172474 ], [ 92.892248738575773, 56.026548901819041 ], [ 92.885342801681119, 56.029744088132851 ], [ 92.877263286575513, 56.028013712445428 ] ] ] } },
{ "type": "Feature", "properties": { "h3_id": "880b9a66d7fffff", "h3_resolution": 8, "center_lat": 56.087561255751211, "center_lng": 93.091024403074897 }, "geometry": { "type": "Polygon", "coordinates": [ [ [ 93.084130605823916, 56.090766021282803 ], [ 93.082934175514836, 56.085846932729979 ], [ 93.089827308350536, 56.08264223480338 ], [ 93.097916914731954, 56.084356170645535 ], [ 93.099114943232408, 56.08927496351167 ], [ 93.09222176734491, 56.092480116265186 ], [ 93.084130605823916, 56.090766021282803 ] ] ] } },
{ "type": "Feature", "properties": { "h3_id": "880b9a7617fffff", "h3_resolution": 8, "center_lat": 56.01879430585381, "center_lng": 92.790734173780351 }, "geometry": { "type": "Polygon", "coordinates": [ [ [ 92.783818288230975, 56.021984632781589 ], [ 92.782656658544951, 56.017057007294952 ], [ 92.789571873032472, 56.013866746405654 ], [ 92.797648779430659, 56.015603655450505 ], [ 92.798812012801406, 56.020530989985353 ], [ 92.791896736270232, 56.023721706470624 ], [ 92.783818288230975, 56.021984632781589 ] ] ] } },
{ "type": "Feature", "properties": { "h3_id": "880b9a76cbfffff", "h3_resolution": 8, "center_lat": 56.049810708515977, "center_lng": 92.782709838479818 }, "geometry": { "type": "Polygon", "coordinates": [ [ [ 92.775788032517625, 56.053000716959353 ], [ 92.774626438097371, 56.048073754935658 ], [ 92.781547571785879, 56.04488381223387 ], [ 92.789630362722576, 56.046620375868784 ], [ 92.790793563445817, 56.051547047117992 ], [ 92.783872367110675, 56.054737445550316 ], [ 92.775788032517625, 56.053000716959353 ] ] ] } },
{ "type": "Feature", "properties": { "h3_id": "880b9a7419fffff", "h3_resolution": 8, "center_lat": 56.011505370913092, "center_lng": 92.865671580050517 }, "geometry": { "type": "Polygon", "coordinates": [ [ [ 92.858765144530395, 56.014699257892381 ], [ 92.857595502791952, 56.009773089613525 ], [ 92.864501269666633, 56.0065792692562 ], [ 92.872576735706517, 56.008311161894781 ], [ 92.873747977941903, 56.013237037998223 ], [ 92.866842153822105, 56.016431313681736 ], [ 92.858765144530395, 56.014699257892381 ] ] ] } },
{ "type": "Feature", "properties": { "h3_id": "880b9a0ca5fffff", "h3_resolution": 8, "center_lat": 55.983114947001837, "center_lng": 92.690372890000177 }, "geometry": { "type": "Polygon", "coordinates": [ [ [ 92.68345174124056, 55.986300397665623 ], [ 92.682302079835026, 55.981369605691228 ], [ 92.689222555735256, 55.978184220633459 ], [ 92.697292761554976, 55.979929171802674 ], [ 92.698444027478274, 55.984859674400028 ], [ 92.6915234832436, 55.988045515248892 ], [ 92.68345174124056, 55.986300397665623 ] ] ] } },
{ "type": "Feature", "properties": { "h3_id": "880b9a2861fffff", "h3_resolution": 8, "center_lat": 56.117149714911903, "center_lng": 92.944623347223825 }, "geometry": { "type": "Polygon", "coordinates": [ [ [ 92.937708495542338, 56.120347587366616 ], [ 92.936527284087461, 56.115426036567072 ], [ 92.943441466115985, 56.112228230469732 ], [ 92.951536912258376, 56.113951519780727 ], [ 92.95271972936699, 56.118872777291479 ], [ 92.945805494863293, 56.122071038823293 ], [ 92.937708495542338, 56.120347587366616 ] ] ] } },
{ "type": "Feature", "properties": { "h3_id": "880b9a75ebfffff", "h3_resolution": 8, "center_lat": 55.965030371293203, "center_lng": 92.95415985542725 }, "geometry": { "type": "Polygon", "coordinates": [ [ [ 92.947270710736333, 55.968228363156747 ], [ 92.946092664866313, 55.963302908207531 ], [ 92.952981144949121, 55.960104983945399 ], [ 92.961047722579593, 55.961832059804699 ], [ 92.962227362338197, 55.966757221080677 ], [ 92.955338830759672, 55.96995560021351 ], [ 92.947270710736333, 55.968228363156747 ] ] ] } },
{ "type": "Feature", "properties": { "h3_id": "880b9a2b25fffff", "h3_resolution": 8, "center_lat": 56.066201713385176, "center_lng": 92.924729802576707 }, "geometry": { "type": "Polygon", "coordinates": [ [ [ 92.917821026999832, 56.069398532216432 ], [ 92.916643408831192, 56.064475153332687 ], [ 92.923551515774051, 56.061278401113654 ], [ 92.931637294688358, 56.063004572500304 ], [ 92.93281651537545, 56.067927658338427 ], [ 92.925908354812691, 56.071124865878765 ], [ 92.917821026999832, 56.069398532216432 ] ] ] } },
{ "type": "Feature", "properties": { "h3_id": "880b9a0db1fffff", "h3_resolution": 8, "center_lat": 55.955877450394304, "center_lng": 92.737630142238331 }, "geometry": { "type": "Polygon", "coordinates": [ [ [ 92.730718601474791, 55.959065102899586 ], [ 92.729564496002709, 55.954134613845994 ], [ 92.736475366136574, 55.95094702749256 ], [ 92.744540407161651, 55.952689474688526 ], [ 92.745696113456432, 55.957619673555911 ], [ 92.738785178083091, 55.960807715457022 ], [ 92.730718601474791, 55.959065102899586 ] ] ] } },
{ "type": "Feature", "properties": { "h3_id": "880b9a6653fffff", "h3_resolution": 8, "center_lat": 56.049223633462937, "center_lng": 93.020365911020264 }, "geometry": { "type": "Polygon", "coordinates": [ [ [ 93.013470482938743, 56.052424962273179 ], [ 93.012282860912251, 56.047503252851101 ], [ 93.01917762369817, 56.044301991451611 ], [ 93.02726005617167, 56.046021984579745 ], [ 93.028449276037193, 56.050943399390974 ], [ 93.021554465773818, 56.054145115727827 ], [ 93.013470482938743, 56.052424962273179 ] ] ] } },
{ "type": "Feature", "properties": { "h3_id": "880b9a7593fffff", "h3_resolution": 8, "center_lat": 56.006401023715853, "center_lng": 92.994716216492364 }, "geometry": { "type": "Polygon", "coordinates": [ [ [ 92.987824875727426, 56.009601037844568 ], [ 92.986641251047033, 56.004677599380393 ], [ 92.99353192710096, 56.001477652815311 ], [ 93.001606277032423, 56.00320068988119 ], [ 93.002791497255473, 56.008123834082006 ], [ 92.995900772187298, 56.011324235523226 ], [ 92.987824875727426, 56.009601037844568 ] ] ] } },
{ "type": "Feature", "properties": { "h3_id": "880b9a7551fffff", "h3_resolution": 8, "center_lat": 55.949461127234095, "center_lng": 92.88156656511137 }, "geometry": { "type": "Polygon", "coordinates": [ [ [ 92.874671917109211, 55.952655630793551 ], [ 92.873502235246974, 55.94772814538468 ], [ 92.880396217008268, 55.944533709039675 ], [ 92.888459936881731, 55.946266303087263 ], [ 92.889631214034139, 55.951193495969974 ], [ 92.882737176203918, 55.954388387374316 ], [ 92.874671917109211, 55.952655630793551 ] ] ] } },
{ "type": "Feature", "properties": { "h3_id": "880b9a6611fffff", "h3_resolution": 8, "center_lat": 56.046257383625068, "center_lng": 93.050317490398726 }, "geometry": { "type": "Polygon", "coordinates": [ [ [ 93.043425864558841, 56.04946012695904 ], [ 93.042235047499972, 56.044539007001475 ], [ 93.049126009016717, 56.041336331309374 ], [ 93.057207833338126, 56.043054320793871 ], [ 93.058400246944316, 56.047975145655116 ], [ 93.051509239865723, 56.051178276171008 ], [ 93.043425864558841, 56.04946012695904 ] ] ] } },
{ "type": "Feature", "properties": { "h3_id": "880b9a7739fffff", "h3_resolution": 8, "center_lat": 55.947174892728263, "center_lng": 92.827451448813406 }, "geometry": { "type": "Polygon", "coordinates": [ [ [ 92.820551203392171, 55.950366813326411 ], [ 92.819387502474626, 55.945438069064828 ], [ 92.82628708015045, 55.942246215319066 ], [ 92.834350418425927, 55.943982650649232 ], [ 92.835515716366899, 55.948911103255867 ], [ 92.828616079189416, 55.952103412230457 ], [ 92.820551203392171, 55.950366813326411 ] ] ] } },
{ "type": "Feature", "properties": { "h3_id": "880b9a663dfffff", "h3_resolution": 8, "center_lat": 56.021884211741536, "center_lng": 93.06740505850108 }, "geometry": { "type": "Polygon", "coordinates": [ [ [ 93.060519270779693, 56.025087709358097 ], [ 93.059327266087067, 56.020166313841173 ], [ 93.06621239074687, 56.016962884173672 ], [ 93.074289564705225, 56.018680395386049 ], [ 93.075483163508906, 56.023601495495633 ], [ 93.068597994426923, 56.026805379842905 ], [ 93.060519270779693, 56.025087709358097 ] ] ] } },
{ "type": "Feature", "properties": { "h3_id": "880b9a2911fffff", "h3_resolution": 8, "center_lat": 56.10311605402665, "center_lng": 93.010364421155657 }, "geometry": { "type": "Polygon", "coordinates": [ [ [ 93.003459142133011, 56.106317024927847 ], [ 93.002271112000173, 56.101396555063083 ], [ 93.009175723745088, 56.098195651086385 ], [ 93.017268414044281, 56.099914761856297 ], [ 93.01845804642673, 56.104834937352713 ], [ 93.01155338644466, 56.108036296490596 ], [ 93.003459142133011, 56.106317024927847 ] ] ] } },
{ "type": "Feature", "properties": { "h3_id": "880b9a75a9fffff", "h3_resolution": 8, "center_lat": 55.96208496682118, "center_lng": 92.984067188251402 }, "geometry": { "type": "Polygon", "coordinates": [ [ [ 92.977181825610032, 55.965284371800948 ], [ 92.976000592602517, 55.960359504441129 ], [ 92.982885291601335, 55.957160167294191 ], [ 92.990951273378684, 55.958885242790359 ], [ 92.992134098995052, 55.963809815991112 ], [ 92.9852493504074, 55.967009607897545 ], [ 92.977181825610032, 55.965284371800948 ] ] ] } },
{ "type": "Feature", "properties": { "h3_id": "880b9a6669fffff", "h3_resolution": 8, "center_lat": 56.00492311304226, "center_lng": 93.009680941954628 }, "geometry": { "type": "Polygon", "coordinates": [ [ [ 93.002791497255473, 56.008123834082006 ], [ 93.001606277032423, 56.00320068988119 ], [ 93.008495057505058, 56.000000036520703 ], [ 93.016569106442404, 56.001722072583981 ], [ 93.017755921565296, 56.006644922278618 ], [ 93.010867093034008, 56.00984603045903 ], [ 93.002791497255473, 56.008123834082006 ] ] ] } },
{ "type": "Feature", "properties": { "h3_id": "880b9a0d9bfffff", "h3_resolution": 8, "center_lat": 55.981673509122324, "center_lng": 92.705363294358349 }, "geometry": { "type": "Polygon", "coordinates": [ [ [ 92.698444027478274, 55.984859674400028 ], [ 92.697292761554976, 55.979929171802674 ], [ 92.704211356056604, 55.976743072248333 ], [ 92.712281284035654, 55.978487019596002 ], [ 92.713434153844943, 55.983417232570453 ], [ 92.706515491968872, 55.986603787863764 ], [ 92.698444027478274, 55.984859674400028 ] ] ] } },
{ "type": "Feature", "properties": { "h3_id": "880b9a76e1fffff", "h3_resolution": 8, "center_lat": 56.024002514881467, "center_lng": 92.814968660993742 }, "geometry": { "type": "Polygon", "coordinates": [ [ [ 92.808054603486866, 56.027194010291133 ], [ 92.806890175306449, 56.022267059668337 ], [ 92.813803562294737, 56.019075630427466 ], [ 92.821881438157277, 56.020810696317184 ], [ 92.823047469561445, 56.025737355603667 ], [ 92.816134022060595, 56.028929240380144 ], [ 92.808054603486866, 56.027194010291133 ] ] ] } },
{ "type": "Feature", "properties": { "h3_id": "880b9a75d5fffff", "h3_resolution": 8, "center_lat": 55.987928597664933, "center_lng": 92.951985542452277 }, "geometry": { "type": "Polygon", "coordinates": [ [ [ 92.945092459239817, 55.991126539538215 ], [ 92.94391401928425, 55.986201651438563 ], [ 92.950806437111353, 55.983003776974016 ], [ 92.958877346765533, 55.984730335695211 ], [ 92.960057382398233, 55.989654930191293 ], [ 92.953164912881803, 55.992853259612751 ], [ 92.945092459239817, 55.991126539538215 ] ] ] } },
{ "type": "Feature", "properties": { "h3_id": "880b9a74e3fffff", "h3_resolution": 8, "center_lat": 56.020417212990978, "center_lng": 92.929113949602737 }, "geometry": { "type": "Polygon", "coordinates": [ [ [ 92.922213081668929, 56.023614140846433 ], [ 92.921036247772776, 56.018689619840011 ], [ 92.927936448636856, 56.015492758981829 ], [ 92.93601353680485, 56.017219964026772 ], [ 92.937191969622731, 56.022144191847346 ], [ 92.930291715533286, 56.025341507851934 ], [ 92.922213081668929, 56.023614140846433 ] ] ] } },
{ "type": "Feature", "properties": { "h3_id": "880b9a293dfffff", "h3_resolution": 8, "center_lat": 56.078750128363396, "center_lng": 93.027501254139111 }, "geometry": { "type": "Polygon", "coordinates": [ [ [ 93.020601831785413, 56.081951861012605 ], [ 93.019412604544414, 56.077031111315989 ], [ 93.026311360888485, 56.073829445898838 ], [ 93.034399391745566, 56.075548075204928 ], [ 93.035590218789338, 56.080468530220791 ], [ 93.028691415357386, 56.083670650654327 ], [ 93.020601831785413, 56.081951861012605 ] ] ] } },
{ "type": "Feature", "properties": { "h3_id": "880b9a76b5fffff", "h3_resolution": 8, "center_lat": 56.041058641704851, "center_lng": 92.872698976574895 }, "geometry": { "type": "Polygon", "coordinates": [ [ [ 92.865788526654185, 56.044252927787085 ], [ 92.864617303992006, 56.039327714087158 ], [ 92.871527084544866, 56.036133494447263 ], [ 92.879608144818107, 56.037864033144444 ], [ 92.880780969949853, 56.042788954600333 ], [ 92.87387113252089, 56.045983629646344 ], [ 92.865788526654185, 56.044252927787085 ] ] ] } },
{ "type": "Feature", "properties": { "h3_id": "880b9a7403fffff", "h3_resolution": 8, "center_lat": 55.995264535873794, "center_lng": 92.877137581655077 }, "geometry": { "type": "Polygon", "coordinates": [ [ [ 92.870235041671535, 55.998458933184295 ], [ 92.869064589696123, 55.993532580720007 ], [ 92.875966461878022, 55.990338250237734 ], [ 92.884038842688327, 55.992069817030959 ], [ 92.885210893537604, 55.996995877109974 ], [ 92.878308964884283, 56.000190662824231 ], [ 92.870235041671535, 55.998458933184295 ] ] ] } },
{ "type": "Feature", "properties": { "h3_id": "880b9a2b3bfffff", "h3_resolution": 8, "center_lat": 56.103857705797502, "center_lng": 92.926071787919398 }, "geometry": { "type": "Polygon", "coordinates": [ [ [ 92.919157042792946, 56.107054667333351 ], [ 92.917978235347434, 56.102132342268675 ], [ 92.92489231069456, 56.098935447063226 ], [ 92.932985247299669, 56.100660421515961 ], [ 92.934165660055172, 56.105582453570662 ], [ 92.927251531078994, 56.108779804225826 ], [ 92.919157042792946, 56.107054667333351 ] ] ] } },
{ "type": "Feature", "properties": { "h3_id": "880b9a74b7fffff", "h3_resolution": 8, "center_lat": 56.037415873142493, "center_lng": 92.986851045680325 }, "geometry": { "type": "Polygon", "coordinates": [ [ [ 92.979953815634701, 56.040615583961326 ], [ 92.978770190660455, 56.035692807215241 ], [ 92.985666754796014, 56.03249316366513 ], [ 92.993746993675956, 56.034215841893463 ], [ 92.994932216797054, 56.039138324549668 ], [ 92.988035603074579, 56.042338423110465 ], [ 92.979953815634701, 56.040615583961326 ] ] ] } },
{ "type": "Feature", "properties": { "h3_id": "880b9a7601fffff", "h3_resolution": 8, "center_lat": 55.998795390106672, "center_lng": 92.763024874500928 }, "geometry": { "type": "Polygon", "coordinates": [ [ [ 92.756109178321353, 56.001984350167305 ], [ 92.754951129341265, 55.997055574796107 ], [ 92.761866154280852, 55.993866680733603 ], [ 92.769939292132634, 55.995606106470461 ], [ 92.77109894426691, 56.000534591308629 ], [ 92.76418385557561, 56.003723940986454 ], [ 92.756109178321353, 56.001984350167305 ] ] ] } },
{ "type": "Feature", "properties": { "h3_id": "880b9a2969fffff", "h3_resolution": 8, "center_lat": 56.061781818903803, "center_lng": 92.969703982771861 }, "geometry": { "type": "Polygon", "coordinates": [ [ [ 92.962800904461773, 56.064980768321604 ], [ 92.961618480668037, 56.060058269306417 ], [ 92.968520891802143, 56.056859386849261 ], [ 92.976605777651258, 56.058582548296194 ], [ 92.977789802032348, 56.063504753534389 ], [ 92.970887340160331, 56.066704091145738 ], [ 92.962800904461773, 56.064980768321604 ] ] ] } },
{ "type": "Feature", "properties": { "h3_id": "880b9a7689fffff", "h3_resolution": 8, "center_lat": 56.046900222216308, "center_lng": 92.812714939553643 }, "geometry": { "type": "Polygon", "coordinates": [ [ [ 92.805796917054494, 56.050091658372928 ], [ 92.804632110666105, 56.045165278143557 ], [ 92.81154946185984, 56.041973907962529 ], [ 92.819631680345111, 56.043708462431113 ], [ 92.820798091760423, 56.048634551395438 ], [ 92.813880679845099, 56.05182637719966 ], [ 92.805796917054494, 56.050091658372928 ] ] ] } },
{ "type": "Feature", "properties": { "h3_id": "880b9a0cbbfffff", "h3_resolution": 8, "center_lat": 56.02081150924824, "center_lng": 92.691506623907259 }, "geometry": { "type": "Polygon", "coordinates": [ [ [ 92.684579482243706, 56.023997093079466 ], [ 92.683428681041335, 56.019067344342652 ], [ 92.690355148688496, 56.015881825833056 ], [ 92.698432486100941, 56.0176256001849 ], [ 92.699584894618908, 56.022555059583667 ], [ 92.692658358588844, 56.02574103401237 ], [ 92.684579482243706, 56.023997093079466 ] ] ] } },
{ "type": "Feature", "properties": { "h3_id": "880b9a2b67fffff", "h3_resolution": 8, "center_lat": 56.069139738193329, "center_lng": 92.894736041878232 }, "geometry": { "type": "Polygon", "coordinates": [ [ [ 92.887823470446392, 56.072335134335397 ], [ 92.886649059242714, 56.067411170092882 ], [ 92.893560961068957, 56.06421584033032 ], [ 92.901647329824712, 56.065944019421785 ], [ 92.902823344832072, 56.070867691107061 ], [ 92.895911387462661, 56.074063476301376 ], [ 92.887823470446392, 56.072335134335397 ] ] ] } },
{ "type": "Feature", "properties": { "h3_id": "880b9a3931fffff", "h3_resolution": 8, "center_lat": 56.059379760512357, "center_lng": 92.761940574819135 }, "geometry": { "type": "Polygon", "coordinates": [ [ [ 92.755014922775061, 56.06256879526083 ], [ 92.753855346993177, 56.057641636453624 ], [ 92.760780325854839, 56.054452667226087 ], [ 92.768864944682051, 56.056190401018348 ], [ 92.770026128219456, 56.061117269402423 ], [ 92.763101085355316, 56.064306694460996 ], [ 92.755014922775061, 56.06256879526083 ] ] ] } },
{ "type": "Feature", "properties": { "h3_id": "880b9a762dfffff", "h3_resolution": 8, "center_lat": 55.974440561455751, "center_lng": 92.780282879279824 }, "geometry": { "type": "Polygon", "coordinates": [ [ [ 92.773373028926699, 55.977630292956306 ], [ 92.772213749899734, 55.972701240928991 ], [ 92.779122930280693, 55.969511575737194 ], [ 92.787191452449022, 55.971250507140638 ], [ 92.788352332196609, 55.976179268318141 ], [ 92.781443089235538, 55.979369388985397 ], [ 92.773373028926699, 55.977630292956306 ] ] ] } },
{ "type": "Feature", "properties": { "h3_id": "880b9a748bfffff", "h3_resolution": 8, "center_lat": 56.04331063237872, "center_lng": 92.926923066587364 }, "geometry": { "type": "Polygon", "coordinates": [ [ [ 92.920018247079895, 56.04650750634336 ], [ 92.918841021124493, 56.04158355567219 ], [ 92.925745172780751, 56.038386748512231 ], [ 92.933826603997446, 56.040113436832989 ], [ 92.935005430671453, 56.045037094388391 ], [ 92.928101225592826, 56.048234356781997 ], [ 92.920018247079895, 56.04650750634336 ] ] ] } },
{ "type": "Feature", "properties": { "h3_id": "880b9a0ce7fffff", "h3_resolution": 8, "center_lat": 55.985992665771633, "center_lng": 92.66038560658464 }, "geometry": { "type": "Polygon", "coordinates": [ [ [ 92.65346069550003, 55.989176685838991 ], [ 92.652314245023604, 55.984245315848817 ], [ 92.659238482287137, 55.981061361152491 ], [ 92.667309240461975, 55.982808320595261 ], [ 92.668457296718387, 55.987739401700665 ], [ 92.66153298919923, 55.990923812291825 ], [ 92.65346069550003, 55.989176685838991 ] ] ] } },
{ "type": "Feature", "properties": { "h3_id": "880b9a745bfffff", "h3_resolution": 8, "center_lat": 56.014426090446079, "center_lng": 92.835703152072213 }, "geometry": { "type": "Polygon", "coordinates": [ [ [ 92.828792935131958, 56.017618554778608 ], [ 92.827626496302244, 56.012691802882287 ], [ 92.834536043630251, 56.009499404938623 ], [ 92.842612089132672, 56.011233303499935 ], [ 92.843780129735734, 56.016159763709766 ], [ 92.836870523244414, 56.019352617088117 ], [ 92.828792935131958, 56.017618554778608 ] ] ] } },
{ "type": "Feature", "properties": { "h3_id": "880b9a3901fffff", "h3_resolution": 8, "center_lat": 56.055611046354819, "center_lng": 92.722673534526436 }, "geometry": { "type": "Polygon", "coordinates": [ [ [ 92.715744167332375, 56.058798193875063 ], [ 92.714589004493575, 56.05387007121012 ], [ 92.721517697478475, 56.0506829889625 ], [ 92.729601619984464, 56.052423573480482 ], [ 92.730758391673163, 56.057351406353938 ], [ 92.723829632186749, 56.060538944544604 ], [ 92.715744167332375, 56.058798193875063 ] ] ] } },
{ "type": "Feature", "properties": { "h3_id": "880b9a7659fffff", "h3_resolution": 8, "center_lat": 56.017924290525244, "center_lng": 92.721511513850004 }, "geometry": { "type": "Polygon", "coordinates": [ [ [ 92.714588143171326, 56.021111305345229 ], [ 92.713434127971212, 56.016182135530578 ], [ 92.720356825598117, 56.012995186267091 ], [ 92.728433605063586, 56.014736951047546 ], [ 92.729589226311916, 56.019665831032114 ], [ 92.722666462226812, 56.022853236109917 ], [ 92.714588143171326, 56.021111305345229 ] ] ] } },
{ "type": "Feature", "properties": { "h3_id": "880b9a765dfffff", "h3_resolution": 8, "center_lat": 56.009807912419518, "center_lng": 92.727278244062092 }, "geometry": { "type": "Polygon", "coordinates": [ [ [ 92.720356825598117, 56.012995186267091 ], [ 92.719202397384251, 56.00806592340674 ], [ 92.726123143220406, 56.004878715219391 ], [ 92.73419838351569, 56.006620314168273 ], [ 92.735354416964753, 56.011549287092507 ], [ 92.728433605063586, 56.014736951047546 ], [ 92.720356825598117, 56.012995186267091 ] ] ] } },
{ "type": "Feature", "properties": { "h3_id": "880b9a3905fffff", "h3_resolution": 8, "center_lat": 56.047495581434404, "center_lng": 92.728445109030289 }, "geometry": { "type": "Polygon", "coordinates": [ [ [ 92.721517697478475, 56.0506829889625 ], [ 92.720362120955713, 56.045754772438805 ], [ 92.727288858723441, 56.042567430287029 ], [ 92.735371239301983, 56.044307848806518 ], [ 92.736528423859497, 56.049235775432599 ], [ 92.729601619984464, 56.052423573480482 ], [ 92.721517697478475, 56.0506829889625 ] ] ] } },
{ "type": "Feature", "properties": { "h3_id": "880b9a7487fffff", "h3_resolution": 8, "center_lat": 56.033718081719712, "center_lng": 92.94762983315232 }, "geometry": { "type": "Polygon", "coordinates": [ [ [ 92.940728859466844, 56.036915919886532 ], [ 92.939549630865216, 56.031992169848536 ], [ 92.946449937606687, 56.028794398705422 ], [ 92.954529525210702, 56.030519922512788 ], [ 92.955710353075617, 56.035443379086736 ], [ 92.948809994255953, 56.038641605360425 ], [ 92.940728859466844, 56.036915919886532 ] ] ] } },
{ "type": "Feature", "properties": { "h3_id": "880b9a392dfffff", "h3_resolution": 8, "center_lat": 56.03126359194183, "center_lng": 92.739981155317267 }, "geometry": { "type": "Polygon", "coordinates": [ [ [ 92.733057652407894, 56.034451518411686 ], [ 92.731901249897007, 56.029523114785498 ], [ 92.738824079871577, 56.026335253899319 ], [ 92.746903377857905, 56.028075340880541 ], [ 92.748061386774722, 56.033003454397068 ], [ 92.741138491479887, 56.036191771085633 ], [ 92.733057652407894, 56.034451518411686 ] ] ] } },
{ "type": "Feature", "properties": { "h3_id": "880b9a7685fffff", "h3_resolution": 8, "center_lat": 56.037323972696704, "center_lng": 92.833461317423499 }, "geometry": { "type": "Polygon", "coordinates": [ [ [ 92.826547139583482, 56.04051637919774 ], [ 92.825380320186781, 56.035590197115219 ], [ 92.832293827629172, 56.032397856809858 ], [ 92.840374214019945, 56.034131243108398 ], [ 92.841542636990908, 56.039057133575547 ], [ 92.834629070178494, 56.0422499294029 ], [ 92.826547139583482, 56.04051637919774 ] ] ] } },
{ "type": "Feature", "properties": { "h3_id": "880b9a29edfffff", "h3_resolution": 8, "center_lat": 56.100148747422246, "center_lng": 93.040356209622018 }, "geometry": { "type": "Polygon", "coordinates": [ [ [ 93.033454741697611, 56.103351136658397 ], [ 93.032263507713324, 56.098431255773598 ], [ 93.039164309335987, 56.095228933693505 ], [ 93.047256391441366, 56.096946037493773 ], [ 93.048449226379319, 56.101865623523871 ], [ 93.041548378442769, 56.105068400651376 ], [ 93.033454741697611, 56.103351136658397 ] ] ] } },
{ "type": "Feature", "properties": { "h3_id": "880b9a74b3fffff", "h3_resolution": 8, "center_lat": 56.045538201168206, "center_lng": 92.981137706999704 }, "geometry": { "type": "Polygon", "coordinates": [ [ [ 92.974238528414773, 56.048737658542585 ], [ 92.973055303381514, 56.043814974169656 ], [ 92.979953815634701, 56.040615583961326 ], [ 92.988035603074579, 56.042338423110465 ], [ 92.989220427067693, 56.047260813497729 ], [ 92.982321864844351, 56.050460658764564 ], [ 92.974238528414773, 56.048737658542585 ] ] ] } },
{ "type": "Feature", "properties": { "h3_id": "880b9a7631fffff", "h3_resolution": 8, "center_lat": 56.00255766875042, "center_lng": 92.802235083301824 }, "geometry": { "type": "Polygon", "coordinates": [ [ [ 92.795323098191147, 56.005748510048143 ], [ 92.794160650147532, 56.000820699323356 ], [ 92.801071965042411, 55.997629924271017 ], [ 92.809145789425131, 55.999366504484684 ], [ 92.810309839528671, 56.004294024046679 ], [ 92.803398463370456, 56.007485254601207 ], [ 92.795323098191147, 56.005748510048143 ] ] ] } },
{ "type": "Feature", "properties": { "h3_id": "880b9a2b6bfffff", "h3_resolution": 8, "center_lat": 56.078724958008763, "center_lng": 92.873994476501679 }, "geometry": { "type": "Polygon", "coordinates": [ [ [ 92.867078053676494, 56.081919385178928 ], [ 92.865905653108783, 56.076995222237194 ], [ 92.872821405418691, 56.073800861226879 ], [ 92.880909615372943, 56.075530207667363 ], [ 92.882083621201943, 56.080454078401466 ], [ 92.875167811997997, 56.083648894946087 ], [ 92.867078053676494, 56.081919385178928 ] ] ] } },
{ "type": "Feature", "properties": { "h3_id": "880b9a76b1fffff", "h3_resolution": 8, "center_lat": 56.049177982140975, "center_lng": 92.866960013111822 }, "geometry": { "type": "Polygon", "coordinates": [ [ [ 92.86004761156704, 56.052372011903763 ], [ 92.858876794900411, 56.047446891210647 ], [ 92.865788526654185, 56.044252927787085 ], [ 92.87387113252089, 56.045983629646344 ], [ 92.875043552471027, 56.050908458200482 ], [ 92.868131763453079, 56.054102877077639 ], [ 92.86004761156704, 56.052372011903763 ] ] ] } },
{ "type": "Feature", "properties": { "h3_id": "880b9a7433fffff", "h3_resolution": 8, "center_lat": 55.998989945460387, "center_lng": 92.916331558870596 }, "geometry": { "type": "Polygon", "coordinates": [ [ [ 92.909432745710276, 56.002186217106392 ], [ 92.908257901487104, 55.997260834205818 ], [ 92.915156047874248, 55.994064629633712 ], [ 92.923229092652164, 55.995793352890495 ], [ 92.924405534643171, 56.000718442778883 ], [ 92.917507334270411, 56.003915102465726 ], [ 92.909432745710276, 56.002186217106392 ] ] ] } },
{ "type": "Feature", "properties": { "h3_id": "880b9a296dfffff", "h3_resolution": 8, "center_lat": 56.053660183275177, "center_lng": 92.975422019808377 }, "geometry": { "type": "Polygon", "coordinates": [ [ [ 92.968520891802143, 56.056859386849261 ], [ 92.967338067162231, 56.051936795053301 ], [ 92.974238528414773, 56.048737658542585 ], [ 92.982321864844351, 56.050460658764564 ], [ 92.983506289257619, 56.055382956679168 ], [ 92.976605777651258, 56.058582548296194 ], [ 92.968520891802143, 56.056859386849261 ] ] ] } },
{ "type": "Feature", "properties": { "h3_id": "880b9a7605fffff", "h3_resolution": 8, "center_lat": 55.99067746316905, "center_lng": 92.768779900974224 }, "geometry": { "type": "Polygon", "coordinates": [ [ [ 92.761866154280852, 55.993866680733603 ], [ 92.760707694828255, 55.988937812938694 ], [ 92.767620770704539, 55.985748661475867 ], [ 92.775692369574514, 55.987487922282682 ], [ 92.776852431369647, 55.992416499438932 ], [ 92.769939292132634, 55.995606106470461 ], [ 92.761866154280852, 55.993866680733603 ] ] ] } },
{ "type": "Feature", "properties": { "h3_id": "880b9a7407fffff", "h3_resolution": 8, "center_lat": 55.987143598296285, "center_lng": 92.882867055411111 }, "geometry": { "type": "Polygon", "coordinates": [ [ [ 92.875966461878022, 55.990338250237734 ], [ 92.874795605465209, 55.985411805987425 ], [ 92.881695531618092, 55.982217220977347 ], [ 92.889766370450559, 55.983948625075818 ], [ 92.890938824926437, 55.988874776836013 ], [ 92.884038842688327, 55.992069817030959 ], [ 92.875966461878022, 55.990338250237734 ] ] ] } },
{ "type": "Feature", "properties": { "h3_id": "880b9a76ddfffff", "h3_resolution": 8, "center_lat": 56.056473559078107, "center_lng": 92.791957026315075 }, "geometry": { "type": "Polygon", "coordinates": [ [ [ 92.78503515776606, 56.059664023265647 ], [ 92.783872367110675, 56.054737445550316 ], [ 92.790793563445817, 56.051547047117992 ], [ 92.798877612693104, 56.053282770720372 ], [ 92.800042009828459, 56.058209057521495 ], [ 92.79312075141803, 56.06139991167796 ], [ 92.78503515776606, 56.059664023265647 ] ] ] } },
{ "type": "Feature", "properties": { "h3_id": "880b9a0c93fffff", "h3_resolution": 8, "center_lat": 56.037041503262493, "center_lng": 92.679952092466465 }, "geometry": { "type": "Polygon", "coordinates": [ [ [ 92.673021041797398, 56.040226566345837 ], [ 92.671871071257087, 56.03529700474099 ], [ 92.678801447059982, 56.032112006771548 ], [ 92.686881862756664, 56.033856114438393 ], [ 92.688033442240808, 56.038785386917901 ], [ 92.681102997264489, 56.041970840899658 ], [ 92.673021041797398, 56.040226566345837 ] ] ] } },
{ "type": "Feature", "properties": { "h3_id": "880b9a2941fffff", "h3_resolution": 8, "center_lat": 56.078024048486917, "center_lng": 92.958260853820477 }, "geometry": { "type": "Polygon", "coordinates": [ [ [ 92.951353872253307, 56.081222488523814 ], [ 92.9501722515121, 56.076300175681489 ], [ 92.95707856505777, 56.073101802399755 ], [ 92.965166551035651, 56.07482528675343 ], [ 92.96634977399377, 56.079747306027663 ], [ 92.95944340894053, 56.08294613455945 ], [ 92.951353872253307, 56.081222488523814 ] ] ] } },
{ "type": "Feature", "properties": { "h3_id": "880b9a0d97fffff", "h3_resolution": 8, "center_lat": 55.972113068518482, "center_lng": 92.726113432389837 }, "geometry": { "type": "Polygon", "coordinates": [ [ [ 92.719197996662146, 55.975300206001322 ], [ 92.718044714507656, 55.97036990079517 ], [ 92.72495947876088, 55.967182829256764 ], [ 92.733027591370913, 55.968925607327677 ], [ 92.734182475968339, 55.97385562255927 ], [ 92.727267645692507, 55.977043149737973 ], [ 92.719197996662146, 55.975300206001322 ] ] ] } },
{ "type": "Feature", "properties": { "h3_id": "880b9a75d9fffff", "h3_resolution": 8, "center_lat": 55.99752146227528, "center_lng": 92.931302455491533 }, "geometry": { "type": "Polygon", "coordinates": [ [ [ 92.924405534643171, 56.000718442778883 ], [ 92.923229092652164, 55.995793352890495 ], [ 92.930125347210875, 55.99259643957685 ], [ 92.938198096971703, 55.994324161135019 ], [ 92.939376136090615, 55.999248957767591 ], [ 92.93247982850292, 56.002446326140834 ], [ 92.924405534643171, 56.000718442778883 ] ] ] } },
{ "type": "Feature", "properties": { "h3_id": "880b9a2b13fffff", "h3_resolution": 8, "center_lat": 56.120095607418868, "center_lng": 92.914598083658049 }, "geometry": { "type": "Polygon", "coordinates": [ [ [ 92.907679425431525, 56.123292055200025 ], [ 92.906501427221102, 56.118369918555771 ], [ 92.913419414819231, 56.115173536899135 ], [ 92.921515455215896, 56.116898836384301 ], [ 92.922695060371225, 56.12182068022841 ], [ 92.915777018368487, 56.125017517430862 ], [ 92.907679425431525, 56.123292055200025 ] ] ] } },
{ "type": "Feature", "properties": { "h3_id": "880b9a666dfffff", "h3_resolution": 8, "center_lat": 55.996799063814422, "center_lng": 93.015382558067884 }, "geometry": { "type": "Polygon", "coordinates": [ [ [ 93.008495057505058, 56.000000036520703 ], [ 93.007309439596412, 55.995076800965705 ], [ 93.014196276352834, 55.991875896041279 ], [ 93.022268778878555, 55.993597771942333 ], [ 93.023455990876514, 55.998520712887235 ], [ 93.016569106442404, 56.001722072583981 ], [ 93.008495057505058, 56.000000036520703 ] ] ] } },
{ "type": "Feature", "properties": { "h3_id": "880b9a2915fffff", "h3_resolution": 8, "center_lat": 56.09499442591332, "center_lng": 93.016079049659623 }, "geometry": { "type": "Polygon", "coordinates": [ [ [ 93.009175723745088, 56.098195651086385 ], [ 93.007987294123438, 56.093275087740899 ], [ 93.014889953183271, 56.090073929594872 ], [ 93.022981089902586, 56.091792879724466 ], [ 93.024171120957703, 56.096713148597409 ], [ 93.017268414044281, 56.099914761856297 ], [ 93.009175723745088, 56.098195651086385 ] ] ] } },
{ "type": "Feature", "properties": { "h3_id": "880b9a7735fffff", "h3_resolution": 8, "center_lat": 55.937597202768117, "center_lng": 92.848144530840273 }, "geometry": { "type": "Polygon", "coordinates": [ [ [ 92.841248112383582, 55.940790087269242 ], [ 92.84008240913144, 55.935861543784533 ], [ 92.846978160744143, 55.932668726355509 ], [ 92.855039673949932, 55.934403997325809 ], [ 92.856206972782616, 55.939332248806394 ], [ 92.849311163009489, 55.942525521363919 ], [ 92.841248112383582, 55.940790087269242 ] ] ] } },
{ "type": "Feature", "properties": { "h3_id": "880b9a6641fffff", "h3_resolution": 8, "center_lat": 56.021170181573083, "center_lng": 92.998270682843057 }, "geometry": { "type": "Polygon", "coordinates": [ [ [ 92.991377347231875, 56.02437039821357 ], [ 92.99019292373103, 56.019447437332502 ], [ 92.997085594274566, 56.016247288166078 ], [ 93.0051627373239, 56.017969645008399 ], [ 93.00634875734707, 56.022892311591313 ], [ 92.999456037981659, 56.026092915672983 ], [ 92.991377347231875, 56.02437039821357 ] ] ] } },
{ "type": "Feature", "properties": { "h3_id": "880b9a7581fffff", "h3_resolution": 8, "center_lat": 55.978332852186462, "center_lng": 92.972657119320445 }, "geometry": { "type": "Polygon", "coordinates": [ [ [ 92.965767872336045, 55.98153175380903 ], [ 92.964587437128074, 55.976607068154287 ], [ 92.971476019630657, 55.973408234159066 ], [ 92.979545087875437, 55.975133631007424 ], [ 92.980727117310224, 55.980058022711269 ], [ 92.973838484455712, 55.983257311560557 ], [ 92.965767872336045, 55.98153175380903 ] ] ] } },
{ "type": "Feature", "properties": { "h3_id": "880b9a6615fffff", "h3_resolution": 8, "center_lat": 56.038133336192715, "center_lng": 93.056015687935329 }, "geometry": { "type": "Polygon", "coordinates": [ [ [ 93.049126009016717, 56.041336331309374 ], [ 93.047934795630212, 56.036415119295228 ], [ 93.054823810646496, 56.033212191922843 ], [ 93.062904084414726, 56.03493002183167 ], [ 93.064096893535961, 56.039850938645749 ], [ 93.057207833338126, 56.043054320793871 ], [ 93.049126009016717, 56.041336331309374 ] ] ] } },
{ "type": "Feature", "properties": { "h3_id": "880b9a7753fffff", "h3_resolution": 8, "center_lat": 55.966321587804359, "center_lng": 92.786030833778852 }, "geometry": { "type": "Polygon", "coordinates": [ [ [ 92.779122930280693, 55.969511575737194 ], [ 92.777963242151031, 55.964582431901249 ], [ 92.784870476099016, 55.961392510380641 ], [ 92.792937460547421, 55.963131277310502 ], [ 92.79409874858753, 55.968060130191155 ], [ 92.787191452449022, 55.971250507140638 ], [ 92.779122930280693, 55.969511575737194 ] ] ] } },
{ "type": "Feature", "properties": { "h3_id": "880b9a7555fffff", "h3_resolution": 8, "center_lat": 55.941338952180367, "center_lng": 92.887288922838295 }, "geometry": { "type": "Polygon", "coordinates": [ [ [ 92.880396217008268, 55.944533709039675 ], [ 92.879226131806973, 55.939606132862536 ], [ 92.886118171816165, 55.936411443320821 ], [ 92.894180352891809, 55.9381438749867 ], [ 92.895352032575133, 55.943071158533002 ], [ 92.888459936881731, 55.946266303087263 ], [ 92.880396217008268, 55.944533709039675 ] ] ] } },
{ "type": "Feature", "properties": { "h3_id": "880b9a75bbfffff", "h3_resolution": 8, "center_lat": 55.99015340644867, "center_lng": 93.006124088139899 }, "geometry": { "type": "Polygon", "coordinates": [ [ [ 92.999236635764333, 55.993353924360989 ], [ 92.998052214541715, 55.988430303184352 ], [ 93.00493900304663, 55.98522985304092 ], [ 93.013010261208436, 55.986952569335955 ], [ 93.014196276352834, 55.991875896041279 ], [ 93.007309439596412, 55.995076800965705 ], [ 92.999236635764333, 55.993353924360989 ] ] ] } },
{ "type": "Feature", "properties": { "h3_id": "880b9a74d1fffff", "h3_resolution": 8, "center_lat": 56.052900288807983, "center_lng": 92.906204761146711 }, "geometry": { "type": "Polygon", "coordinates": [ [ [ 92.899296094408086, 56.056096196947124 ], [ 92.898120873821853, 56.051172046300152 ], [ 92.90502887180142, 56.047976204746526 ], [ 92.913112145318507, 56.049704058546617 ], [ 92.91428896807912, 56.054627916426533 ], [ 92.907380915330819, 56.057824213316664 ], [ 92.899296094408086, 56.056096196947124 ] ] ] } },
{ "type": "Feature", "properties": { "h3_id": "880b9a2b21fffff", "h3_resolution": 8, "center_lat": 56.074321751292381, "center_lng": 92.918998910481704 }, "geometry": { "type": "Polygon", "coordinates": [ [ [ 92.912088182225588, 56.07751831439878 ], [ 92.910910967801001, 56.072595028813545 ], [ 92.917821026999832, 56.069398532216432 ], [ 92.925908354812691, 56.071124865878765 ], [ 92.927087172570779, 56.076047858523125 ], [ 92.920177059365486, 56.0792448104893 ], [ 92.912088182225588, 56.07751831439878 ] ] ] } },
{ "type": "Feature", "properties": { "h3_id": "880b9a75e7fffff", "h3_resolution": 8, "center_lat": 55.955434478672217, "center_lng": 92.974819624893883 }, "geometry": { "type": "Polygon", "coordinates": [ [ [ 92.967934312349684, 55.95863342887106 ], [ 92.966754273557569, 55.953708176944602 ], [ 92.973638922395793, 55.950509294565663 ], [ 92.981703660368723, 55.952235209388 ], [ 92.982885291601335, 55.957160167294191 ], [ 92.976000592602517, 55.960359504441129 ], [ 92.967934312349684, 55.95863342887106 ] ] ] } },
{ "type": "Feature", "properties": { "h3_id": "880b9a76a3fffff", "h3_resolution": 8, "center_lat": 56.034402341112504, "center_lng": 92.863446345037175 }, "geometry": { "type": "Polygon", "coordinates": [ [ [ 92.856535952503606, 56.037596171767959 ], [ 92.855365926597344, 56.0326705731609 ], [ 92.862275649701601, 56.02947680893439 ], [ 92.870355456342651, 56.031208187944856 ], [ 92.871527084544866, 56.036133494447263 ], [ 92.864617303992006, 56.039327714087158 ], [ 92.856535952503606, 56.037596171767959 ] ] ] } },
{ "type": "Feature", "properties": { "h3_id": "880b9a0ca1fffff", "h3_resolution": 8, "center_lat": 55.991231031488603, "center_lng": 92.684601661502541 }, "geometry": { "type": "Polygon", "coordinates": [ [ [ 92.677678562103452, 55.994416222938881 ], [ 92.676529315124498, 55.98948552361373 ], [ 92.68345174124056, 55.986300397665623 ], [ 92.6915234832436, 55.988045515248892 ], [ 92.692674335552027, 55.992975925303227 ], [ 92.685751840707496, 55.996161507088743 ], [ 92.677678562103452, 55.994416222938881 ] ] ] } },
{ "type": "Feature", "properties": { "h3_id": "880b9a7415fffff", "h3_resolution": 8, "center_lat": 56.001921778461991, "center_lng": 92.886383208046965 }, "geometry": { "type": "Polygon", "coordinates": [ [ [ 92.879480611653563, 56.005116631017671 ], [ 92.878308964884283, 56.000190662824231 ], [ 92.885210893537604, 55.996995877109974 ], [ 92.893284525042105, 55.998726604407928 ], [ 92.894457770857841, 56.003652280076906 ], [ 92.887555786304375, 56.00684752101558 ], [ 92.879480611653563, 56.005116631017671 ] ] ] } },
{ "type": "Feature", "properties": { "h3_id": "880b9a7613fffff", "h3_resolution": 8, "center_lat": 56.026912099406886, "center_lng": 92.784980179537769 }, "geometry": { "type": "Polygon", "coordinates": [ [ [ 92.778062342450156, 56.030102168613816 ], [ 92.776901122628686, 56.02517463605345 ], [ 92.783818288230975, 56.021984632781589 ], [ 92.791896736270232, 56.023721706470624 ], [ 92.793059560589626, 56.02864894818476 ], [ 92.786142332552856, 56.031839407099575 ], [ 92.778062342450156, 56.030102168613816 ] ] ] } },
{ "type": "Feature", "properties": { "h3_id": "880b9a74a5fffff", "h3_resolution": 8, "center_lat": 56.009351719616291, "center_lng": 92.964780178774575 }, "geometry": { "type": "Polygon", "coordinates": [ [ [ 92.957885047254109, 56.01255031854555 ], [ 92.956704615585906, 56.007626292283824 ], [ 92.963599081426636, 56.004427760686674 ], [ 92.971674030044795, 56.006152800406269 ], [ 92.972856058540088, 56.011076532890819 ], [ 92.965961541772714, 56.014275519475895 ], [ 92.957885047254109, 56.01255031854555 ] ] ] } },
{ "type": "Feature", "properties": { "h3_id": "880b9a66d3fffff", "h3_resolution": 8, "center_lat": 56.095684949372043, "center_lng": 93.085327305560128 }, "geometry": { "type": "Polygon", "coordinates": [ [ [ 93.078431557717948, 56.098889462651833 ], [ 93.077235522818924, 56.093970467059854 ], [ 93.084130605823916, 56.090766021282803 ], [ 93.09222176734491, 56.092480116265186 ], [ 93.093419401250515, 56.097398816274094 ], [ 93.086524274813499, 56.100603716926528 ], [ 93.078431557717948, 56.098889462651833 ] ] ] } },
{ "type": "Feature", "properties": { "h3_id": "880b9a7441fffff", "h3_resolution": 8, "center_lat": 55.984863596917421, "center_lng": 92.828704439304715 }, "geometry": { "type": "Polygon", "coordinates": [ [ [ 92.821798238228794, 55.98805566246704 ], [ 92.820633373216126, 55.983127958696798 ], [ 92.827538905403273, 55.979935959716016 ], [ 92.835609362311033, 55.981671209193905 ], [ 92.836775827124796, 55.986598621345998 ], [ 92.829870235410638, 55.989791075681602 ], [ 92.821798238228794, 55.98805566246704 ] ] ] } },
{ "type": "Feature", "properties": { "h3_id": "880b9a764bfffff", "h3_resolution": 8, "center_lat": 56.003136502015629, "center_lng": 92.718048229121479 }, "geometry": { "type": "Polygon", "coordinates": [ [ [ 92.711126877232317, 56.006323320076 ], [ 92.709973641519824, 56.001393674578757 ], [ 92.716894320722957, 55.998206922165018 ], [ 92.724968302451671, 55.99994935951851 ], [ 92.726123143220406, 56.004878715219391 ], [ 92.719202397384251, 56.00806592340674 ], [ 92.711126877232317, 56.006323320076 ] ] ] } },
{ "type": "Feature", "properties": { "h3_id": "880b9a744dfffff", "h3_resolution": 8, "center_lat": 55.978200096530799, "center_lng": 92.819468770199947 }, "geometry": { "type": "Polygon", "coordinates": [ [ [ 92.812562629160055, 55.981391706705395 ], [ 92.811398957002041, 55.97646361965942 ], [ 92.818304429092876, 55.973272076040395 ], [ 92.826373633618815, 55.975008164148818 ], [ 92.827538905403273, 55.979935959716016 ], [ 92.820633373216126, 55.983127958696798 ], [ 92.812562629160055, 55.981391706705395 ] ] ] } },
{ "type": "Feature", "properties": { "h3_id": "880b9a7421fffff", "h3_resolution": 8, "center_lat": 55.970900685829641, "center_lng": 92.894318955488387 }, "geometry": { "type": "Polygon", "coordinates": [ [ [ 92.887422252222876, 55.974095845963973 ], [ 92.88625058829534, 55.969169218755162 ], [ 92.893146625022595, 55.965974125758336 ], [ 92.901214381173077, 55.967705204922574 ], [ 92.902387641543626, 55.972631539431816 ], [ 92.895491549502097, 55.975827087519477 ], [ 92.887422252222876, 55.974095845963973 ] ] ] } },
{ "type": "Feature", "properties": { "h3_id": "880b9a29a7fffff", "h3_resolution": 8, "center_lat": 56.108948529511579, "center_lng": 93.103909755675161 }, "geometry": { "type": "Polygon", "coordinates": [ [ [ 93.097013921681707, 56.112153952559368 ], [ 93.095815478328831, 56.107235734492306 ], [ 93.10271064761811, 56.104030378973562 ], [ 93.110804302717511, 56.105742786707644 ], [ 93.112004345407982, 56.110660708913976 ], [ 93.105109133846739, 56.113866519289786 ], [ 93.097013921681707, 56.112153952559368 ] ] ] } },
{ "type": "Feature", "properties": { "h3_id": "880b9a0cadfffff", "h3_resolution": 8, "center_lat": 55.98455466610703, "center_lng": 92.675380326879903 }, "geometry": { "type": "Polygon", "coordinates": [ [ [ 92.668457296718387, 55.987739401700665 ], [ 92.667309240461975, 55.982808320595261 ], [ 92.674231597283182, 55.979623650490211 ], [ 92.682302079835026, 55.981369605691228 ], [ 92.68345174124056, 55.986300397665623 ], [ 92.676529315124498, 55.98948552361373 ], [ 92.668457296718387, 55.987739401700665 ] ] ] } },
{ "type": "Feature", "properties": { "h3_id": "880b9a746dfffff", "h3_resolution": 8, "center_lat": 55.960502682024106, "center_lng": 92.845913545797728 }, "geometry": { "type": "Polygon", "coordinates": [ [ [ 92.839013182062274, 55.96369551309909 ], [ 92.837847098097697, 55.958767534552251 ], [ 92.844746794208604, 55.955574770355945 ], [ 92.852812632829597, 55.957309529535216 ], [ 92.85398031416527, 55.962237216148665 ], [ 92.847080559689644, 55.965430435559455 ], [ 92.839013182062274, 55.96369551309909 ] ] ] } },
{ "type": "Feature", "properties": { "h3_id": "880b9a766bfffff", "h3_resolution": 8, "center_lat": 55.985456670682673, "center_lng": 92.744564256488189 }, "geometry": { "type": "Polygon", "coordinates": [ [ [ 92.737648689399109, 55.988644719466805 ], [ 92.736493024895594, 55.983715178700258 ], [ 92.743407920626979, 55.980527195887383 ], [ 92.751478545930013, 55.982268298256621 ], [ 92.752635813232629, 55.987197548769366 ], [ 92.745720852613189, 55.990385987210189 ], [ 92.737648689399109, 55.988644719466805 ] ] ] } },
{ "type": "Feature", "properties": { "h3_id": "880b9a2b2dfffff", "h3_resolution": 8, "center_lat": 56.067671583390656, "center_lng": 92.909734018569409 }, "geometry": { "type": "Polygon", "coordinates": [ [ [ 92.902823344832072, 56.070867691107061 ], [ 92.901647329824712, 56.065944019421785 ], [ 92.908557334442193, 56.062747978201273 ], [ 92.916643408831192, 56.064475153332687 ], [ 92.917821026999832, 56.069398532216432 ], [ 92.910910967801001, 56.072595028813545 ], [ 92.902823344832072, 56.070867691107061 ] ] ] } },
{ "type": "Feature", "properties": { "h3_id": "880b9a7499fffff", "h3_resolution": 8, "center_lat": 56.058081326914035, "center_lng": 92.930458339554704 }, "geometry": { "type": "Polygon", "coordinates": [ [ [ 92.923551515774051, 56.061278401113654 ], [ 92.922373494316105, 56.056354929135352 ], [ 92.929279649885729, 56.053157921650879 ], [ 92.937363880329954, 56.054883930914265 ], [ 92.938543503491758, 56.059807109742245 ], [ 92.931637294688358, 56.063004572500304 ], [ 92.923551515774051, 56.061278401113654 ] ] ] } },
{ "type": "Feature", "properties": { "h3_id": "880b9a0c81fffff", "h3_resolution": 8, "center_lat": 56.008900583794883, "center_lng": 92.658049080215804 }, "geometry": { "type": "Polygon", "coordinates": [ [ [ 92.651120194056972, 56.012084539460446 ], [ 92.649973384896569, 56.007153737238276 ], [ 92.656901596442623, 56.003969846749428 ], [ 92.664976687808888, 56.005716302544506 ], [ 92.666125104555491, 56.010646815954829 ], [ 92.659196822529168, 56.013831162425674 ], [ 92.651120194056972, 56.012084539460446 ] ] ] } },
{ "type": "Feature", "properties": { "h3_id": "880b9a74c5fffff", "h3_resolution": 8, "center_lat": 56.023353393641251, "center_lng": 92.89915339456239 }, "geometry": { "type": "Polygon", "coordinates": [ [ [ 92.892248738575773, 56.026548901819041 ], [ 92.891075104445434, 56.021623795172474 ], [ 92.897979092393754, 56.018428353759596 ], [ 92.906056769796876, 56.020157563779783 ], [ 92.907232004130364, 56.02508237772826 ], [ 92.900327961039721, 56.028278274397778 ], [ 92.892248738575773, 56.026548901819041 ] ] ] } },
{ "type": "Feature", "properties": { "h3_id": "880b9a75c7fffff", "h3_resolution": 8, "center_lat": 55.97315365964851, "center_lng": 92.948449021341688 }, "geometry": { "type": "Polygon", "coordinates": [ [ [ 92.941557933927953, 55.976351399205733 ], [ 92.940380288350667, 55.971426035215366 ], [ 92.947270710736333, 55.968228363156747 ], [ 92.955338830759672, 55.96995560021351 ], [ 92.956518071034623, 55.974880670634917 ], [ 92.949627596770583, 55.978078797611431 ], [ 92.941557933927953, 55.976351399205733 ] ] ] } },
{ "type": "Feature", "properties": { "h3_id": "880b9a396bfffff", "h3_resolution": 8, "center_lat": 56.04227130954235, "center_lng": 92.704197126278032 }, "geometry": { "type": "Polygon", "coordinates": [ [ [ 92.697267893679552, 56.045457545131924 ], [ 92.696115120278506, 56.0405286556852 ], [ 92.703043678551396, 56.037342485340773 ], [ 92.711125078046408, 56.039084748532389 ], [ 92.712279459937676, 56.044013348467523 ], [ 92.705350834024117, 56.047199974766414 ], [ 92.697267893679552, 56.045457545131924 ] ] ] } },
{ "type": "Feature", "properties": { "h3_id": "880b9a76c3fffff", "h3_resolution": 8, "center_lat": 56.048356324588887, "center_lng": 92.797713477912879 }, "geometry": { "type": "Polygon", "coordinates": [ [ [ 92.790793563445817, 56.051547047117992 ], [ 92.789630362722576, 56.046620375868784 ], [ 92.796549605400045, 56.043429719198301 ], [ 92.804632110666105, 56.045165278143557 ], [ 92.805796917054494, 56.050091658372928 ], [ 92.798877612693104, 56.053282770720372 ], [ 92.790793563445817, 56.051547047117992 ] ] ] } },
{ "type": "Feature", "properties": { "h3_id": "880b9a665bfffff", "h3_resolution": 8, "center_lat": 56.050704194070079, "center_lng": 93.005386815340458 }, "geometry": { "type": "Polygon", "coordinates": [ [ [ 92.998489486824639, 56.053904814928252 ], [ 92.99730346328235, 56.048982811138316 ], [ 93.004200126016485, 56.045782257575226 ], [ 93.012282860912251, 56.047503252851101 ], [ 93.013470482938743, 56.052424962273179 ], [ 93.006573771768771, 56.055625970830164 ], [ 92.998489486824639, 56.053904814928252 ] ] ] } },
{ "type": "Feature", "properties": { "h3_id": "880b9a2903fffff", "h3_resolution": 8, "center_lat": 56.088354364061352, "center_lng": 93.006799132201252 }, "geometry": { "type": "Polygon", "coordinates": [ [ [ 92.999895854653403, 56.091555134099899 ], [ 92.998708627260669, 56.086634183143708 ], [ 93.005611237889084, 56.083433480118892 ], [ 93.01370112452571, 56.085153272972107 ], [ 93.014889953183271, 56.090073929594872 ], [ 93.007987294123438, 56.093275087740899 ], [ 92.999895854653403, 56.091555134099899 ] ] ] } },
{ "type": "Feature", "properties": { "h3_id": "880b9a759bfffff", "h3_resolution": 8, "center_lat": 56.007877226132258, "center_lng": 92.979749294912494 }, "geometry": { "type": "Polygon", "coordinates": [ [ [ 92.972856058540088, 56.011076532890819 ], [ 92.971674030044795, 56.006152800406269 ], [ 92.978566601221772, 56.00295356109568 ], [ 92.986641251047033, 56.004677599380393 ], [ 92.987824875727426, 56.009601037844568 ], [ 92.980932254580196, 56.012800732087321 ], [ 92.972856058540088, 56.011076532890819 ] ] ] } },
{ "type": "Feature", "properties": { "h3_id": "880b9a6603fffff", "h3_resolution": 8, "center_lat": 56.031493747653862, "center_lng": 93.046743850149838 }, "geometry": { "type": "Polygon", "coordinates": [ [ [ 93.039854216923814, 56.034696287972821 ], [ 93.038664203227867, 56.029774689044217 ], [ 93.045553172486265, 56.026572216456564 ], [ 93.053632201382214, 56.028290888055572 ], [ 93.054823810646496, 56.033212191922843 ], [ 93.047934795630212, 56.036415119295228 ], [ 93.039854216923814, 56.034696287972821 ] ] ] } },
{ "type": "Feature", "properties": { "h3_id": "880b9a771bfffff", "h3_resolution": 8, "center_lat": 55.971535374330493, "center_lng": 92.810235546545201 }, "geometry": { "type": "Polygon", "coordinates": [ [ [ 92.80332946611037, 55.974726529123103 ], [ 92.802166986276518, 55.969798059040322 ], [ 92.809072397702209, 55.966606970789996 ], [ 92.817140349807516, 55.968343897297039 ], [ 92.818304429092876, 55.973272076040395 ], [ 92.811398957002041, 55.97646361965942 ], [ 92.80332946611037, 55.974726529123103 ] ] ] } },
{ "type": "Feature", "properties": { "h3_id": "880b9a7543fffff", "h3_resolution": 8, "center_lat": 55.934678398774253, "center_lng": 92.878056309419918 }, "geometry": { "type": "Polygon", "coordinates": [ [ [ 92.871163659781601, 55.937872700600288 ], [ 92.869994766003344, 55.932944741367734 ], [ 92.876886749759493, 55.929750506846254 ], [ 92.884947683727731, 55.931483776580116 ], [ 92.886118171816165, 55.936411443320821 ], [ 92.879226131806973, 55.939606132862536 ], [ 92.871163659781601, 55.937872700600288 ] ] ] } },
{ "type": "Feature", "properties": { "h3_id": "880b9a7715fffff", "h3_resolution": 8, "center_lat": 55.955295399650907, "center_lng": 92.821715165902589 }, "geometry": { "type": "Polygon", "coordinates": [ [ [ 92.814812976352627, 55.958487065337216 ], [ 92.813649682008503, 55.953558412263682 ], [ 92.820551203392171, 55.950366813326411 ], [ 92.828616079189416, 55.952103412230457 ], [ 92.829780971365793, 55.957031773754153 ], [ 92.822879390093149, 55.960223827966892 ], [ 92.814812976352627, 55.958487065337216 ] ] ] } },
{ "type": "Feature", "properties": { "h3_id": "880b9a7549fffff", "h3_resolution": 8, "center_lat": 55.929475588058459, "center_lng": 92.853872637310147 }, "geometry": { "type": "Polygon", "coordinates": [ [ [ 92.846978160744143, 55.932668726355509 ], [ 92.845812052633747, 55.927740092197567 ], [ 92.852705862775878, 55.924547021075838 ], [ 92.860765838983482, 55.926282129073208 ], [ 92.861933541866705, 55.931210471122156 ], [ 92.855039673949932, 55.934403997325809 ], [ 92.846978160744143, 55.932668726355509 ] ] ] } },
{ "type": "Feature", "properties": { "h3_id": "880b9a7517fffff", "h3_resolution": 8, "center_lat": 55.951722995094414, "center_lng": 92.935672351322353 }, "geometry": { "type": "Polygon", "coordinates": [ [ [ 92.928783311210708, 55.95492007716598 ], [ 92.927607652566749, 55.949993853877636 ], [ 92.93449602794486, 55.946796839381548 ], [ 92.942560114786218, 55.948525593329641 ], [ 92.94373736697942, 55.953451523222512 ], [ 92.936848938963578, 55.9566489926057 ], [ 92.928783311210708, 55.95492007716598 ] ] ] } },
{ "type": "Feature", "properties": { "h3_id": "880b9a6609fffff", "h3_resolution": 8, "center_lat": 56.026334728881302, "center_lng": 93.022505851320162 }, "geometry": { "type": "Polygon", "coordinates": [ [ [ 93.015614365428505, 56.029536107651737 ], [ 93.014427146940349, 56.024613827367332 ], [ 93.021317968313895, 56.021412516199668 ], [ 93.029396055649187, 56.02313303050898 ], [ 93.030584870183631, 56.028055016113498 ], [ 93.023694001519914, 56.031256782131415 ], [ 93.015614365428505, 56.029536107651737 ] ] ] } },
{ "type": "Feature", "properties": { "h3_id": "880b9a76e9fffff", "h3_resolution": 8, "center_lat": 56.025458165647542, "center_lng": 92.799975508122799 }, "geometry": { "type": "Polygon", "coordinates": [ [ [ 92.793059560589626, 56.02864894818476 ], [ 92.791896736270232, 56.023721706470624 ], [ 92.798812012801406, 56.020530989985353 ], [ 92.806890175306449, 56.022267059668337 ], [ 92.808054603486866, 56.027194010291133 ], [ 92.801139265482362, 56.030385182365762 ], [ 92.793059560589626, 56.02864894818476 ] ] ] } },
{ "type": "Feature", "properties": { "h3_id": "880b9a74ebfffff", "h3_resolution": 8, "center_lat": 56.021886159482229, "center_lng": 92.91413476632269 }, "geometry": { "type": "Polygon", "coordinates": [ [ [ 92.907232004130364, 56.02508237772826 ], [ 92.906056769796876, 56.020157563779783 ], [ 92.912958864435126, 56.016961412414929 ], [ 92.921036247772776, 56.018689619840011 ], [ 92.922213081668929, 56.023614140846433 ], [ 92.915310932847007, 56.026810747412924 ], [ 92.907232004130364, 56.02508237772826 ] ] ] } },
{ "type": "Feature", "properties": { "h3_id": "880b9a76bdfffff", "h3_resolution": 8, "center_lat": 56.042521611141638, "center_lng": 92.85770624190863 }, "geometry": { "type": "Polygon", "coordinates": [ [ [ 92.850793898139372, 56.045715185430296 ], [ 92.849624278586731, 56.040789679730835 ], [ 92.856535952503606, 56.037596171767959 ], [ 92.864617303992006, 56.039327714087158 ], [ 92.865788526654185, 56.044252927787085 ], [ 92.858876794900411, 56.047446891210647 ], [ 92.850793898139372, 56.045715185430296 ] ] ] } },
{ "type": "Feature", "properties": { "h3_id": "880b9a6635fffff", "h3_resolution": 8, "center_lat": 56.020397292516954, "center_lng": 93.08236705093077 }, "geometry": { "type": "Polygon", "coordinates": [ [ [ 93.075483163508906, 56.023601495495633 ], [ 93.074289564705225, 56.018680395386049 ], [ 93.081172789551175, 56.015476260471701 ], [ 93.089249656851678, 56.017192771087011 ], [ 93.090444849120473, 56.022113575547067 ], [ 93.083561580807526, 56.025318165083995 ], [ 93.075483163508906, 56.023601495495633 ] ] ] } },
{ "type": "Feature", "properties": { "h3_id": "880b9a3965fffff", "h3_resolution": 8, "center_lat": 56.026040316456324, "center_lng": 92.715742418374404 }, "geometry": { "type": "Polygon", "coordinates": [ [ [ 92.708817094602068, 56.029227071890823 ], [ 92.707663492875056, 56.024297995327004 ], [ 92.714588143171326, 56.021111305345229 ], [ 92.722666462226812, 56.022853236109917 ], [ 92.723821670815525, 56.027782022949744 ], [ 92.716896953667373, 56.030969168792524 ], [ 92.708817094602068, 56.029227071890823 ] ] ] } },
{ "type": "Feature", "properties": { "h3_id": "880b9a2827fffff", "h3_resolution": 8, "center_lat": 56.119358266133545, "center_lng": 92.998928104927813 }, "geometry": { "type": "Polygon", "coordinates": [ [ [ 92.992018917031217, 56.122558727422962 ], [ 92.990831687236408, 56.117638445129984 ], [ 92.997740207008277, 56.114438050559876 ], [ 93.005836005765005, 56.116157483068044 ], [ 93.00702483944319, 56.121077471201289 ], [ 93.000116270665686, 56.124278321029244 ], [ 92.992018917031217, 56.122558727422962 ] ] ] } },
{ "type": "Feature", "properties": { "h3_id": "880b9a6751fffff", "h3_resolution": 8, "center_lat": 55.985712085315924, "center_lng": 93.050990731234833 }, "geometry": { "type": "Polygon", "coordinates": [ [ [ 93.044108965435953, 55.988914720166463 ], [ 93.04291976437581, 55.983991983131425 ], [ 93.049800867756417, 55.980789416396071 ], [ 93.057871217770156, 55.982509132126779 ], [ 93.059062010823396, 55.987431573963185 ], [ 93.05218086205295, 55.990634595310169 ], [ 93.044108965435953, 55.988914720166463 ] ] ] } },
{ "type": "Feature", "properties": { "h3_id": "880b9a2909fffff", "h3_resolution": 8, "center_lat": 56.083191975235003, "center_lng": 92.982528566720191 }, "geometry": { "type": "Polygon", "coordinates": [ [ [ 92.975623435682053, 56.086391580563166 ], [ 92.974439011728293, 56.081469948283697 ], [ 92.981343475295532, 56.078270409840066 ], [ 92.989432412970046, 56.079992048533057 ], [ 92.990618438665649, 56.084913386861636 ], [ 92.983713925128626, 56.088113380491187 ], [ 92.975623435682053, 56.086391580563166 ] ] ] } },
{ "type": "Feature", "properties": { "h3_id": "880b9a6661fffff", "h3_resolution": 8, "center_lat": 56.003443494787092, "center_lng": 93.024643469741335 }, "geometry": { "type": "Polygon", "coordinates": [ [ [ 93.017755921565296, 56.006644922278618 ], [ 93.016569106442404, 56.001722072583981 ], [ 93.023455990876514, 55.998520712887235 ], [ 93.031529737720078, 56.000241748164449 ], [ 93.032718147099544, 56.005164303110263 ], [ 93.025831215561979, 56.008366117570489 ], [ 93.017755921565296, 56.006644922278618 ] ] ] } },
{ "type": "Feature", "properties": { "h3_id": "880b9a2b07fffff", "h3_resolution": 8, "center_lat": 56.090560779173011, "center_lng": 92.907530055588211 }, "geometry": { "type": "Polygon", "coordinates": [ [ [ 92.900615419322591, 56.093756829759926 ], [ 92.899439013752115, 56.088833731383666 ], [ 92.906352980112956, 56.085637747100144 ], [ 92.914443407008363, 56.087364405771488 ], [ 92.915621417543974, 56.092287211416632 ], [ 92.908707396402122, 56.095483651164848 ], [ 92.900615419322591, 56.093756829759926 ] ] ] } },
{ "type": "Feature", "properties": { "h3_id": "880b9a75cdfffff", "h3_resolution": 8, "center_lat": 55.967968946090231, "center_lng": 92.924243773679834 }, "geometry": { "type": "Polygon", "coordinates": [ [ [ 92.917350848778128, 55.97116552300502 ], [ 92.916175992602561, 55.966239481439018 ], [ 92.923068251930928, 55.96304297189387 ], [ 92.931135421020741, 55.964772048976549 ], [ 92.932311872362945, 55.969697797355828 ], [ 92.925419559630356, 55.972894761882138 ], [ 92.917350848778128, 55.97116552300502 ] ] ] } },
{ "type": "Feature", "properties": { "h3_id": "880b9a2935fffff", "h3_resolution": 8, "center_lat": 56.077266089385773, "center_lng": 93.042487737329793 }, "geometry": { "type": "Polygon", "coordinates": [ [ [ 93.035590218789338, 56.080468530220791 ], [ 93.034399391745566, 56.075548075204928 ], [ 93.0412962447637, 56.072345701717587 ], [ 93.049383971137857, 56.074063328329665 ], [ 93.050576397337167, 56.078983488421876 ], [ 93.043679498191011, 56.082186316868651 ], [ 93.035590218789338, 56.080468530220791 ] ] ] } },
{ "type": "Feature", "properties": { "h3_id": "880b9a0c87fffff", "h3_resolution": 8, "center_lat": 56.007462144005771, "center_lng": 92.673052107865345 }, "geometry": { "type": "Polygon", "coordinates": [ [ [ 92.666125104555491, 56.010646815954829 ], [ 92.664976687808888, 56.005716302544506 ], [ 92.671903016987514, 56.002531695889786 ], [ 92.679977832610305, 56.004277146758902 ], [ 92.681127856311292, 56.009207371111032 ], [ 92.674201457614771, 56.01239243369595 ], [ 92.666125104555491, 56.010646815954829 ] ] ] } },
{ "type": "Feature", "properties": { "h3_id": "880b9a2b33fffff", "h3_resolution": 8, "center_lat": 56.102384780277397, "center_lng": 92.941078503138698 }, "geometry": { "type": "Polygon", "coordinates": [ [ [ 92.934165660055172, 56.105582453570662 ], [ 92.932985247299669, 56.100660421515961 ], [ 92.939897421091104, 56.097462814669434 ], [ 92.947990060487072, 56.099186784526729 ], [ 92.949172077907534, 56.104108523327255 ], [ 92.942259851450643, 56.107306585567862 ], [ 92.934165660055172, 56.105582453570662 ] ] ] } },
{ "type": "Feature", "properties": { "h3_id": "880b9a7493fffff", "h3_resolution": 8, "center_lat": 56.063256830466216, "center_lng": 92.954714786248587 }, "geometry": { "type": "Polygon", "coordinates": [ [ [ 92.947809808386396, 56.066455070148251 ], [ 92.946628985824134, 56.061532277599717 ], [ 92.953533296024276, 56.058334104762267 ], [ 92.961618480668037, 56.060058269306417 ], [ 92.962800904461773, 56.064980768321604 ], [ 92.955896542563451, 56.068179396369111 ], [ 92.947809808386396, 56.066455070148251 ] ] ] } },
{ "type": "Feature", "properties": { "h3_id": "880b9a2961fffff", "h3_resolution": 8, "center_lat": 56.060305094840786, "center_lng": 92.984690980328523 }, "geometry": { "type": "Polygon", "coordinates": [ [ [ 92.977789802032348, 56.063504753534389 ], [ 92.976605777651258, 56.058582548296194 ], [ 92.983506289257619, 56.055382956679168 ], [ 92.991590875206654, 56.057105115245271 ], [ 92.992776499530592, 56.062027026463028 ], [ 92.985875938146137, 56.065227073178157 ], [ 92.977789802032348, 56.063504753534389 ] ] ] } },
{ "type": "Feature", "properties": { "h3_id": "880b9a7665fffff", "h3_resolution": 8, "center_lat": 55.969220758968518, "center_lng": 92.756076462952066 }, "geometry": { "type": "Polygon", "coordinates": [ [ [ 92.749164792393344, 55.972409322589428 ], [ 92.748008305985465, 55.967479597577849 ], [ 92.754919306031681, 55.964291100135434 ], [ 92.762986856771548, 55.966031872213094 ], [ 92.764144944356985, 55.970961306759428 ], [ 92.757233880204979, 55.974150259736781 ], [ 92.749164792393344, 55.972409322589428 ] ] ] } },
{ "type": "Feature", "properties": { "h3_id": "880b9a0cb3fffff", "h3_resolution": 8, "center_lat": 56.019368760029614, "center_lng": 92.706510151028951 }, "geometry": { "type": "Polygon", "coordinates": [ [ [ 92.699584894618908, 56.022555059583667 ], [ 92.698432486100941, 56.0176256001849 ], [ 92.705357068976838, 56.014439366069929 ], [ 92.713434127971212, 56.016182135530578 ], [ 92.714588143171326, 56.021111305345229 ], [ 92.707663492875056, 56.024297995327004 ], [ 92.699584894618908, 56.022555059583667 ] ] ] } },
{ "type": "Feature", "properties": { "h3_id": "880b9a7427fffff", "h3_resolution": 8, "center_lat": 55.969435670678322, "center_lng": 92.90928245585863 }, "geometry": { "type": "Polygon", "coordinates": [ [ [ 92.902387641543626, 55.972631539431816 ], [ 92.901214381173077, 55.967705204922574 ], [ 92.908108529432241, 55.964509403422696 ], [ 92.916175992602561, 55.966239481439018 ], [ 92.917350848778128, 55.97116552300502 ], [ 92.910456646159886, 55.974361779540985 ], [ 92.902387641543626, 55.972631539431816 ] ] ] } },
{ "type": "Feature", "properties": { "h3_id": "880b9a390dfffff", "h3_resolution": 8, "center_lat": 56.048941789383882, "center_lng": 92.713434102057718 }, "geometry": { "type": "Polygon", "coordinates": [ [ [ 92.706504801876662, 56.052128480941604 ], [ 92.705350834024117, 56.047199974766414 ], [ 92.712279459937676, 56.044013348467523 ], [ 92.720362120955713, 56.045754772438805 ], [ 92.721517697478475, 56.0506829889625 ], [ 92.714589004493575, 56.05387007121012 ], [ 92.706504801876662, 56.052128480941604 ] ] ] } },
{ "type": "Feature", "properties": { "h3_id": "880b9a7467fffff", "h3_resolution": 8, "center_lat": 55.965704444272028, "center_lng": 92.870114811699978 }, "geometry": { "type": "Polygon", "coordinates": [ [ [ 92.863216276726305, 55.968898440163407 ], [ 92.86204740289962, 55.963971136904959 ], [ 92.8689452707914, 55.960777208021725 ], [ 92.877012069530821, 55.962510127287196 ], [ 92.878182540265541, 55.96743713822903 ], [ 92.871284615533938, 55.97063152226518 ], [ 92.863216276726305, 55.968898440163407 ] ] ] } },
{ "type": "Feature", "properties": { "h3_id": "880b9a7625fffff", "h3_resolution": 8, "center_lat": 55.97298882494308, "center_lng": 92.795260297825806 }, "geometry": { "type": "Polygon", "coordinates": [ [ [ 92.788352332196609, 55.976179268318141 ], [ 92.787191452449022, 55.971250507140638 ], [ 92.79409874858753, 55.968060130191155 ], [ 92.802166986276518, 55.969798059040322 ], [ 92.80332946611037, 55.974726529123103 ], [ 92.796422108349446, 55.977917361494782 ], [ 92.788352332196609, 55.976179268318141 ] ] ] } },
{ "type": "Feature", "properties": { "h3_id": "880b9a29a1fffff", "h3_resolution": 8, "center_lat": 56.11044077014683, "center_lng": 93.088919022231664 }, "geometry": { "type": "Polygon", "coordinates": [ [ [ 93.08202127916627, 56.113645485756656 ], [ 93.080824435801631, 56.108726972071324 ], [ 93.087721513673984, 56.105522323875171 ], [ 93.095815478328831, 56.107235734492306 ], [ 93.097013921681707, 56.112153952559368 ], [ 93.090116800576638, 56.115359055670453 ], [ 93.08202127916627, 56.113645485756656 ] ] ] } },
{ "type": "Feature", "properties": { "h3_id": "880b9a7639fffff", "h3_resolution": 8, "center_lat": 56.004011151300773, "center_lng": 92.787248056413247 }, "geometry": { "type": "Polygon", "coordinates": [ [ [ 92.780334183685852, 56.00720128002304 ], [ 92.779173338338069, 56.002273178380491 ], [ 92.786086540367094, 55.999083115786746 ], [ 92.794160650147532, 56.000820699323356 ], [ 92.795323098191147, 56.005748510048143 ], [ 92.788409833939255, 56.008939028197545 ], [ 92.780334183685852, 56.00720128002304 ] ] ] } },
{ "type": "Feature", "properties": { "h3_id": "880b9a7453fffff", "h3_resolution": 8, "center_lat": 56.012966587824813, "center_lng": 92.85068845619999 }, "geometry": { "type": "Polygon", "coordinates": [ [ [ 92.843780129735734, 56.016159763709766 ], [ 92.842612089132672, 56.011233303499935 ], [ 92.849519746468005, 56.008040194120419 ], [ 92.857595502791952, 56.009773089613525 ], [ 92.858765144530395, 56.014699257892381 ], [ 92.851857428991025, 56.017892822652392 ], [ 92.843780129735734, 56.016159763709766 ] ] ] } },
{ "type": "Feature", "properties": { "h3_id": "880b9a743bfffff", "h3_resolution": 8, "center_lat": 56.000456717746921, "center_lng": 92.9013584758669 }, "geometry": { "type": "Polygon", "coordinates": [ [ [ 92.894457770857841, 56.003652280076906 ], [ 92.893284525042105, 55.998726604407928 ], [ 92.90018456279445, 55.995531109035682 ], [ 92.908257901487104, 55.997260834205818 ], [ 92.909432745710276, 56.002186217106392 ], [ 92.902532653015214, 56.005382167648328 ], [ 92.894457770857841, 56.003652280076906 ] ] ] } },
{ "type": "Feature", "properties": { "h3_id": "880b9a66cdfffff", "h3_resolution": 8, "center_lat": 56.061019581668745, "center_lng": 93.053893543412315 }, "geometry": { "type": "Polygon", "coordinates": [ [ [ 93.046999923891406, 56.064222527749699 ], [ 93.045808302665108, 56.059301887404395 ], [ 93.052701257507081, 56.056099008875961 ], [ 93.060785879124921, 56.057816315872735 ], [ 93.061979097878407, 56.062736661086689 ], [ 93.055086097671008, 56.065939994478121 ], [ 93.046999923891406, 56.064222527749699 ] ] ] } },
{ "type": "Feature", "properties": { "h3_id": "880b9a7651fffff", "h3_resolution": 8, "center_lat": 56.016478101403322, "center_lng": 92.736510710782397 }, "geometry": { "type": "Polygon", "coordinates": [ [ [ 92.729589226311916, 56.019665831032114 ], [ 92.728433605063586, 56.014736951047546 ], [ 92.735354416964753, 56.011549287092507 ], [ 92.74343091579108, 56.01329004740397 ], [ 92.744588142453253, 56.018218637312685 ], [ 92.737667265055634, 56.021406757029354 ], [ 92.729589226311916, 56.019665831032114 ] ] ] } },
{ "type": "Feature", "properties": { "h3_id": "880b9a760dfffff", "h3_resolution": 8, "center_lat": 55.992126640973012, "center_lng": 92.75379334100738 }, "geometry": { "type": "Polygon", "coordinates": [ [ [ 92.746877709088977, 55.995315145398479 ], [ 92.745720852613189, 55.990385987210189 ], [ 92.752635813232629, 55.987197548769366 ], [ 92.760707694828255, 55.988937812938694 ], [ 92.761866154280852, 55.993866680733603 ], [ 92.754951129341265, 55.997055574796107 ], [ 92.746877709088977, 55.995315145398479 ] ] ] } },
{ "type": "Feature", "properties": { "h3_id": "880b9a3925fffff", "h3_resolution": 8, "center_lat": 56.029814813223915, "center_lng": 92.754983001551494 }, "geometry": { "type": "Polygon", "coordinates": [ [ [ 92.748061386774722, 56.033003454397068 ], [ 92.746903377857905, 56.028075340880541 ], [ 92.753824320182929, 56.024886765408276 ], [ 92.761903335963453, 56.026625847746708 ], [ 92.763062950650593, 56.03155367090789 ], [ 92.756141943967634, 56.03474270212957 ], [ 92.748061386774722, 56.033003454397068 ] ] ] } },
{ "type": "Feature", "properties": { "h3_id": "880b9a0c9bfffff", "h3_resolution": 8, "center_lat": 56.038481676862943, "center_lng": 92.664939415225987 }, "geometry": { "type": "Polygon", "coordinates": [ [ [ 92.658006478814883, 56.041666022956782 ], [ 92.656858117851769, 56.036736172473134 ], [ 92.663790378914058, 56.033551891375495 ], [ 92.671871071257087, 56.03529700474099 ], [ 92.673021041797398, 56.040226566345837 ], [ 92.66608871059745, 56.043411303507767 ], [ 92.658006478814883, 56.041666022956782 ] ] ] } },
{ "type": "Feature", "properties": { "h3_id": "880b9a2949fffff", "h3_resolution": 8, "center_lat": 56.0794982271591, "center_lng": 92.943264653760153 }, "geometry": { "type": "Polygon", "coordinates": [ [ [ 92.936355771644614, 56.082695956651946 ], [ 92.935175753764781, 56.077773350485458 ], [ 92.942083967372284, 56.074575687631523 ], [ 92.9501722515121, 56.076300175681489 ], [ 92.951353872253307, 56.081222488523814 ], [ 92.944445606176615, 56.084420606683537 ], [ 92.936355771644614, 56.082695956651946 ] ] ] } },
{ "type": "Feature", "properties": { "h3_id": "880b9a29e5fffff", "h3_resolution": 8, "center_lat": 56.098662525811896, "center_lng": 93.055348788066581 }, "geometry": { "type": "Polygon", "coordinates": [ [ [ 93.048449226379319, 56.101865623523871 ], [ 93.047256391441366, 56.096946037493773 ], [ 93.054155287314984, 56.093743007053533 ], [ 93.062247063664088, 56.095459107696037 ], [ 93.06344149890711, 56.100378398628429 ], [ 93.056542557680615, 56.103581884058968 ], [ 93.048449226379319, 56.101865623523871 ] ] ] } },
{ "type": "Feature", "properties": { "h3_id": "880b9a74abfffff", "h3_resolution": 8, "center_lat": 56.025596306595141, "center_lng": 92.953348963023345 }, "geometry": { "type": "Polygon", "coordinates": [ [ [ 92.946449937606687, 56.028794398705422 ], [ 92.945270307530436, 56.023870556388836 ], [ 92.952168666424797, 56.02067253140509 ], [ 92.96024670727202, 56.022397893697985 ], [ 92.96142793579898, 56.027321442446066 ], [ 92.954529525210702, 56.030519922512788 ], [ 92.946449937606687, 56.028794398705422 ] ] ] } },
{ "type": "Feature", "properties": { "h3_id": "880b9a75e1fffff", "h3_resolution": 8, "center_lat": 55.956906740131124, "center_lng": 92.959868347794128 }, "geometry": { "type": "Polygon", "coordinates": [ [ [ 92.952981144949121, 55.960104983945399 ], [ 92.951802699237007, 55.955179438241515 ], [ 92.958689237893509, 55.951981262131468 ], [ 92.966754273557569, 55.953708176944602 ], [ 92.967934312349684, 55.95863342887106 ], [ 92.961047722579593, 55.961832059804699 ], [ 92.952981144949121, 55.960104983945399 ] ] ] } },
{ "type": "Feature", "properties": { "h3_id": "880b9a76a9fffff", "h3_resolution": 8, "center_lat": 56.029205193490576, "center_lng": 92.839206054130443 }, "geometry": { "type": "Polygon", "coordinates": [ [ [ 92.832293827629172, 56.032397856809858 ], [ 92.831126600707677, 56.027471581813714 ], [ 92.838038157234536, 56.024278984793384 ], [ 92.846116999845421, 56.026012207337772 ], [ 92.847285829527721, 56.030938190613305 ], [ 92.840374214019945, 56.034131243108398 ], [ 92.832293827629172, 56.032397856809858 ] ] ] } },
{ "type": "Feature", "properties": { "h3_id": "880b9a74d7fffff", "h3_resolution": 8, "center_lat": 56.051431297521496, "center_lng": 92.921195738114278 }, "geometry": { "type": "Polygon", "coordinates": [ [ [ 92.91428896807912, 56.054627916426533 ], [ 92.913112145318507, 56.049704058546617 ], [ 92.920018247079895, 56.04650750634336 ], [ 92.928101225592826, 56.048234356781997 ], [ 92.929279649885729, 56.053157921650879 ], [ 92.922373494316105, 56.056354929135352 ], [ 92.91428896807912, 56.054627916426533 ] ] ] } },
{ "type": "Feature", "properties": { "h3_id": "880b9a291dfffff", "h3_resolution": 8, "center_lat": 56.096475924763389, "center_lng": 93.001083349536771 }, "geometry": { "type": "Polygon", "coordinates": [ [ [ 92.99417811926466, 56.099676440481801 ], [ 92.992991291723655, 56.094755582907169 ], [ 92.999895854653403, 56.091555134099899 ], [ 93.007987294123438, 56.093275087740899 ], [ 93.009175723745088, 56.098195651086385 ], [ 93.002271112000173, 56.101396555063083 ], [ 92.99417811926466, 56.099676440481801 ] ] ] } },
{ "type": "Feature", "properties": { "h3_id": "880b9a6649fffff", "h3_resolution": 8, "center_lat": 56.022647266467303, "center_lng": 92.98329897220151 }, "geometry": { "type": "Polygon", "coordinates": [ [ [ 92.97640373952855, 56.02584677539037 ], [ 92.97522091319324, 56.020923520454176 ], [ 92.982115480313624, 56.017724078889422 ], [ 92.99019292373103, 56.019447437332502 ], [ 92.991377347231875, 56.02437039821357 ], [ 92.984482730332715, 56.027570294749637 ], [ 92.97640373952855, 56.02584677539037 ] ] ] } },
{ "type": "Feature", "properties": { "h3_id": "880b9a7589fffff", "h3_resolution": 8, "center_lat": 55.979805582485938, "center_lng": 92.957697576340465 }, "geometry": { "type": "Polygon", "coordinates": [ [ [ 92.950806437111353, 55.983003776974016 ], [ 92.949627596770583, 55.978078797611431 ], [ 92.956518071034623, 55.974880670634917 ], [ 92.964587437128074, 55.976607068154287 ], [ 92.965767872336045, 55.98153175380903 ], [ 92.958877346765533, 55.984730335695211 ], [ 92.950806437111353, 55.983003776974016 ] ] ] } },
{ "type": "Feature", "properties": { "h3_id": "880b9a644bfffff", "h3_resolution": 8, "center_lat": 56.018908667666388, "center_lng": 93.097326835789872 }, "geometry": { "type": "Polygon", "coordinates": [ [ [ 93.090444849120473, 56.022113575547067 ], [ 93.089249656851678, 56.017192771087011 ], [ 93.096130981430875, 56.013987931385778 ], [ 93.104207540975111, 56.015703441622058 ], [ 93.105404326062711, 56.020623950190597 ], [ 93.098522958971301, 56.023829244457048 ], [ 93.090444849120473, 56.022113575547067 ] ] ] } },
{ "type": "Feature", "properties": { "h3_id": "880b9a661dfffff", "h3_resolution": 8, "center_lat": 56.039617727315672, "center_lng": 93.041044498318087 }, "geometry": { "type": "Polygon", "coordinates": [ [ [ 93.03415291855147, 56.04282001580389 ], [ 93.032963301545536, 56.037898508832221 ], [ 93.039854216923814, 56.034696287972821 ], [ 93.047934795630212, 56.036415119295228 ], [ 93.049126009016717, 56.041336331309374 ], [ 93.042235047499972, 56.044539007001475 ], [ 93.03415291855147, 56.04282001580389 ] ] ] } },
{ "type": "Feature", "properties": { "h3_id": "880b9a775bfffff", "h3_resolution": 8, "center_lat": 55.96777203075419, "center_lng": 92.771054731621376 }, "geometry": { "type": "Polygon", "coordinates": [ [ [ 92.764144944356985, 55.970961306759428 ], [ 92.762986856771548, 55.966031872213094 ], [ 92.769895974004527, 55.962842662503299 ], [ 92.777963242151031, 55.964582431901249 ], [ 92.779122930280693, 55.969511575737194 ], [ 92.772213749899734, 55.972701240928991 ], [ 92.764144944356985, 55.970961306759428 ] ] ] } },
{ "type": "Feature", "properties": { "h3_id": "880b9a755dfffff", "h3_resolution": 8, "center_lat": 55.942800501963099, "center_lng": 92.87233281616696 }, "geometry": { "type": "Polygon", "coordinates": [ [ [ 92.865438224741553, 55.945994550442599 ], [ 92.864269734658279, 55.941066681878375 ], [ 92.871163659781601, 55.937872700600288 ], [ 92.879226131806973, 55.939606132862536 ], [ 92.880396217008268, 55.944533709039675 ], [ 92.873502235246974, 55.94772814538468 ], [ 92.865438224741553, 55.945994550442599 ] ] ] } },
{ "type": "Feature", "properties": { "h3_id": "880b9a0dbbfffff", "h3_resolution": 8, "center_lat": 55.963995434083976, "center_lng": 92.731872966568645 }, "geometry": { "type": "Polygon", "coordinates": [ [ [ 92.72495947876088, 55.967182829256764 ], [ 92.723805784718962, 55.962252432024236 ], [ 92.730718601474791, 55.959065102899586 ], [ 92.738785178083091, 55.960807715457022 ], [ 92.739940473757557, 55.965737822609114 ], [ 92.733027591370913, 55.968925607327677 ], [ 92.72495947876088, 55.967182829256764 ] ] ] } },
{ "type": "Feature", "properties": { "h3_id": "880b9a755bfffff", "h3_resolution": 8, "center_lat": 55.957582958118195, "center_lng": 92.87584186184128 }, "geometry": { "type": "Polygon", "coordinates": [ [ [ 92.8689452707914, 55.960777208021725 ], [ 92.867775992720553, 55.955849813585743 ], [ 92.874671917109211, 55.952655630793551 ], [ 92.882737176203918, 55.954388387374316 ], [ 92.883908050373634, 55.959315489388871 ], [ 92.877012069530821, 55.962510127287196 ], [ 92.8689452707914, 55.960777208021725 ] ] ] } },
{ "type": "Feature", "properties": { "h3_id": "880b9a7759fffff", "h3_resolution": 8, "center_lat": 55.96110227963208, "center_lng": 92.761829029639742 }, "geometry": { "type": "Polygon", "coordinates": [ [ [ 92.754919306031681, 55.964291100135434 ], [ 92.753762409356952, 55.959361283309057 ], [ 92.760671462874598, 55.956172529087851 ], [ 92.768737476962272, 55.957913136247818 ], [ 92.769895974004527, 55.962842662503299 ], [ 92.762986856771548, 55.966031872213094 ], [ 92.754919306031681, 55.964291100135434 ] ] ] } },
{ "type": "Feature", "properties": { "h3_id": "880b9a661bfffff", "h3_resolution": 8, "center_lat": 56.0543810871171, "center_lng": 93.044616949584082 }, "geometry": { "type": "Polygon", "coordinates": [ [ [ 93.037723375940544, 56.057583578313078 ], [ 93.036532955659609, 56.052662550615551 ], [ 93.043425864558841, 56.04946012695904 ], [ 93.051509239865723, 56.051178276171008 ], [ 93.052701257507081, 56.056099008875961 ], [ 93.045808302665108, 56.059301887404395 ], [ 93.037723375940544, 56.057583578313078 ] ] ] } },
{ "type": "Feature", "properties": { "h3_id": "880b9a0d91fffff", "h3_resolution": 8, "center_lat": 55.973556648519121, "center_lng": 92.711128673656887 }, "geometry": { "type": "Polygon", "coordinates": [ [ [ 92.704211356056604, 55.976743072248333 ], [ 92.703059676977105, 55.971812477313264 ], [ 92.709976322622055, 55.968626119411233 ], [ 92.718044714507656, 55.97036990079517 ], [ 92.719197996662146, 55.975300206001322 ], [ 92.712281284035654, 55.978487019596002 ], [ 92.704211356056604, 55.976743072248333 ] ] ] } },
{ "type": "Feature", "properties": { "h3_id": "880b9a7587fffff", "h3_resolution": 8, "center_lat": 55.976858414412696, "center_lng": 92.987614471591002 }, "geometry": { "type": "Polygon", "coordinates": [ [ [ 92.980727117310224, 55.980058022711269 ], [ 92.979545087875437, 55.975133631007424 ], [ 92.986431778157751, 55.971934090451867 ], [ 92.994500547455004, 55.973658486844784 ], [ 92.995684170475741, 55.978582584354847 ], [ 92.988797430795685, 55.981782579708636 ], [ 92.980727117310224, 55.980058022711269 ] ] ] } },
{ "type": "Feature", "properties": { "h3_id": "880b9a6647fffff", "h3_resolution": 8, "center_lat": 56.019691387692873, "center_lng": 93.013240195437916 }, "geometry": { "type": "Polygon", "coordinates": [ [ [ 93.00634875734707, 56.022892311591313 ], [ 93.0051627373239, 56.017969645008399 ], [ 93.012053510832118, 56.014768788699662 ], [ 93.020130352412039, 56.016490144157778 ], [ 93.021317968313895, 56.021412516199668 ], [ 93.014427146940349, 56.024613827367332 ], [ 93.00634875734707, 56.022892311591313 ] ] ] } },
{ "type": "Feature", "properties": { "h3_id": "880b9a74d9fffff", "h3_resolution": 8, "center_lat": 56.054367565624212, "center_lng": 92.891211593421957 }, "geometry": { "type": "Polygon", "coordinates": [ [ [ 92.884301030445556, 56.057562762538211 ], [ 92.883127412675321, 56.052638319368469 ], [ 92.890037306407422, 56.049443188923547 ], [ 92.898120873821853, 56.051172046300152 ], [ 92.899296094408086, 56.056096196947124 ], [ 92.892386144946315, 56.059291782783525 ], [ 92.884301030445556, 56.057562762538211 ] ] ] } },
{ "type": "Feature", "properties": { "h3_id": "880b9a76abfffff", "h3_resolution": 8, "center_lat": 56.035864014768087, "center_lng": 92.848454922412174 }, "geometry": { "type": "Polygon", "coordinates": [ [ [ 92.841542636990908, 56.039057133575547 ], [ 92.840374214019945, 56.034131243108398 ], [ 92.847285829527721, 56.030938190613305 ], [ 92.855365926597344, 56.0326705731609 ], [ 92.856535952503606, 56.037596171767959 ], [ 92.849624278586731, 56.040789679730835 ], [ 92.841542636990908, 56.039057133575547 ] ] ] } },
{ "type": "Feature", "properties": { "h3_id": "880b9a75b3fffff", "h3_resolution": 8, "center_lat": 55.988674672023748, "center_lng": 93.021081833658513 }, "geometry": { "type": "Polygon", "coordinates": [ [ [ 93.014196276352834, 55.991875896041279 ], [ 93.013010261208436, 55.986952569335955 ], [ 93.019895155127514, 55.98375141320286 ], [ 93.027966111671105, 55.98547312909313 ], [ 93.02915372009484, 55.990396161084526 ], [ 93.022268778878555, 55.993597771942333 ], [ 93.014196276352834, 55.991875896041279 ] ] ] } },
{ "type": "Feature", "properties": { "h3_id": "880b9a291bfffff", "h3_resolution": 8, "center_lat": 56.111237334286507, "center_lng": 93.004647440024797 }, "geometry": { "type": "Polygon", "coordinates": [ [ [ 92.997740207008277, 56.114438050559876 ], [ 92.99655257681755, 56.109517674379276 ], [ 93.003459142133011, 56.106317024927847 ], [ 93.01155338644466, 56.108036296490596 ], [ 93.012742619701612, 56.112956378407091 ], [ 93.005836005765005, 56.116157483068044 ], [ 92.997740207008277, 56.114438050559876 ] ] ] } },
{ "type": "Feature", "properties": { "h3_id": "880b9a74adfffff", "h3_resolution": 8, "center_lat": 56.010824503492998, "center_lng": 92.949808869639853 }, "geometry": { "type": "Polygon", "coordinates": [ [ [ 92.942911843431702, 56.014022394134038 ], [ 92.941733009232223, 56.009098074338468 ], [ 92.948629369276333, 56.005900250913612 ], [ 92.956704615585906, 56.007626292283824 ], [ 92.957885047254109, 56.01255031854555 ], [ 92.950988635326496, 56.015748597013932 ], [ 92.942911843431702, 56.014022394134038 ] ] ] } },
{ "type": "Feature", "properties": { "h3_id": "880b9a29e7fffff", "h3_resolution": 8, "center_lat": 56.105297529008126, "center_lng": 93.064636203221269 }, "geometry": { "type": "Polygon", "coordinates": [ [ [ 93.057736596246897, 56.108501081723574 ], [ 93.056542557680615, 56.103581884058968 ], [ 93.06344149890711, 56.100378398628429 ], [ 93.071534523658315, 56.102093655924023 ], [ 93.072730162696516, 56.107012558352004 ], [ 93.065831176696449, 56.110216498763961 ], [ 93.057736596246897, 56.108501081723574 ] ] ] } },
{ "type": "Feature", "properties": { "h3_id": "880b9a2947fffff", "h3_resolution": 8, "center_lat": 56.076548155906863, "center_lng": 92.973254854549467 }, "geometry": { "type": "Polygon", "coordinates": [ [ [ 92.96634977399377, 56.079747306027663 ], [ 92.965166551035651, 56.07482528675343 ], [ 92.972070964056499, 56.071626203503804 ], [ 92.980158650765404, 56.073348684377528 ], [ 92.981343475295532, 56.078270409840066 ], [ 92.974439011728293, 56.081469948283697 ], [ 92.96634977399377, 56.079747306027663 ] ] ] } },
{ "type": "Feature", "properties": { "h3_id": "880b9a3927fffff", "h3_resolution": 8, "center_lat": 56.036481335117756, "center_lng": 92.764222826594292 }, "geometry": { "type": "Polygon", "coordinates": [ [ [ 92.757301147518717, 56.039670432053889 ], [ 92.756141943967634, 56.03474270212957 ], [ 92.763062950650593, 56.03155367090789 ], [ 92.771143224853574, 56.033291913910908 ], [ 92.772304034352828, 56.038219353340153 ], [ 92.765382963881862, 56.04140884030501 ], [ 92.757301147518717, 56.039670432053889 ] ] ] } },
{ "type": "Feature", "properties": { "h3_id": "880b9a7481fffff", "h3_resolution": 8, "center_lat": 56.035189619844225, "center_lng": 92.932648042642128 }, "geometry": { "type": "Polygon", "coordinates": [ [ [ 92.925745172780751, 56.038386748512231 ], [ 92.924567544084468, 56.033462705253825 ], [ 92.93146974651691, 56.030265643493479 ], [ 92.939549630865216, 56.031992169848536 ], [ 92.940728859466844, 56.036915919886532 ], [ 92.933826603997446, 56.040113436832989 ], [ 92.925745172780751, 56.038386748512231 ] ] ] } },
{ "type": "Feature", "properties": { "h3_id": "880b9a740dfffff", "h3_resolution": 8, "center_lat": 55.981946380145409, "center_lng": 92.85865366548704 }, "geometry": { "type": "Polygon", "coordinates": [ [ [ 92.851751240035711, 55.985139866943456 ], [ 92.850583176057285, 55.980212746653912 ], [ 92.857484933584544, 55.977019326657661 ], [ 92.865554812883872, 55.978752571747478 ], [ 92.866724475390072, 55.983679399930203 ], [ 92.859822660250359, 55.98687327517316 ], [ 92.851751240035711, 55.985139866943456 ] ] ] } },
{ "type": "Feature", "properties": { "h3_id": "880b9a760bfffff", "h3_resolution": 8, "center_lat": 56.006912967015175, "center_lng": 92.757267488034671 }, "geometry": { "type": "Polygon", "coordinates": [ [ [ 92.750349841490845, 56.010101669214471 ], [ 92.749192203440757, 56.005172986472004 ], [ 92.756109178321353, 56.001984350167305 ], [ 92.76418385557561, 56.003723940986454 ], [ 92.76534309759208, 56.008652333301633 ], [ 92.758426058568347, 56.011841425268429 ], [ 92.750349841490845, 56.010101669214471 ] ] ] } },
{ "type": "Feature", "properties": { "h3_id": "880b9a7653fffff", "h3_resolution": 8, "center_lat": 56.023147068495305, "center_lng": 92.745745629779819 }, "geometry": { "type": "Polygon", "coordinates": [ [ [ 92.738824079871577, 56.026335253899319 ], [ 92.737667265055634, 56.021406757029354 ], [ 92.744588142453253, 56.018218637312685 ], [ 92.752665899774755, 56.019958558753935 ], [ 92.753824320182929, 56.024886765408276 ], [ 92.746903377857905, 56.028075340880541 ], [ 92.738824079871577, 56.026335253899319 ] ] ] } },
{ "type": "Feature", "properties": { "h3_id": "880b9a7455fffff", "h3_resolution": 8, "center_lat": 55.998186930366501, "center_lng": 92.847183115830092 }, "geometry": { "type": "Polygon", "coordinates": [ [ [ 92.840276796391151, 56.001379906645184 ], [ 92.839109544077232, 55.996452970143039 ], [ 92.846015194748645, 55.993260060459725 ], [ 92.854088156302211, 55.994993631981181 ], [ 92.855257008765676, 55.999920276586572 ], [ 92.848351299707318, 56.003113641610511 ], [ 92.840276796391151, 56.001379906645184 ] ] ] } },
{ "type": "Feature", "properties": { "h3_id": "880b9a7439fffff", "h3_resolution": 8, "center_lat": 55.993800769970534, "center_lng": 92.892111543094302 }, "geometry": { "type": "Polygon", "coordinates": [ [ [ 92.885210893537604, 55.996995877109974 ], [ 92.884038842688327, 55.992069817030959 ], [ 92.890938824926437, 55.988874776836013 ], [ 92.899010913709773, 55.990605341585912 ], [ 92.90018456279445, 55.995531109035682 ], [ 92.893284525042105, 55.998726604407928 ], [ 92.885210893537604, 55.996995877109974 ] ] ] } },
{ "type": "Feature", "properties": { "h3_id": "880b9a7627fffff", "h3_resolution": 8, "center_lat": 55.979654840964265, "center_lng": 92.804492207437534 }, "geometry": { "type": "Polygon", "coordinates": [ [ [ 92.79758418024565, 55.982845739774845 ], [ 92.796422108349446, 55.977917361494782 ], [ 92.80332946611037, 55.974726529123103 ], [ 92.811398957002041, 55.97646361965942 ], [ 92.812562629160055, 55.981391706705395 ], [ 92.80565521034525, 55.984582994492428 ], [ 92.79758418024565, 55.982845739774845 ] ] ] } },
{ "type": "Feature", "properties": { "h3_id": "880b9a7637fffff", "h3_resolution": 8, "center_lat": 56.001102470631025, "center_lng": 92.817219936551666 }, "geometry": { "type": "Polygon", "coordinates": [ [ [ 92.810309839528671, 56.004294024046679 ], [ 92.809145789425131, 55.999366504484684 ], [ 92.816055216714986, 55.996175017431121 ], [ 92.824128754593559, 55.997910594534446 ], [ 92.825294406120676, 56.002837822688875 ], [ 92.818384918526661, 56.006029765190917 ], [ 92.810309839528671, 56.004294024046679 ] ] ] } },
{ "type": "Feature", "properties": { "h3_id": "880b9a2b61fffff", "h3_resolution": 8, "center_lat": 56.070606177118584, "center_lng": 92.879735874078008 }, "geometry": { "type": "Polygon", "coordinates": [ [ [ 92.872821405418691, 56.073800861226879 ], [ 92.871648598660656, 56.068876604671637 ], [ 92.878562397228691, 56.065681986826299 ], [ 92.886649059242714, 56.067411170092882 ], [ 92.887823470446392, 56.072335134335397 ], [ 92.880909615372943, 56.075530207667363 ], [ 92.872821405418691, 56.073800861226879 ] ] ] } },
{ "type": "Feature", "properties": { "h3_id": "880b9a7429fffff", "h3_resolution": 8, "center_lat": 55.972363990872303, "center_lng": 92.879353274133138 }, "geometry": { "type": "Polygon", "coordinates": [ [ [ 92.872454682380948, 55.975558441929735 ], [ 92.871284615533938, 55.97063152226518 ], [ 92.878182540265541, 55.96743713822903 ], [ 92.88625058829534, 55.969169218755162 ], [ 92.887422252222876, 55.974095845963973 ], [ 92.880524271221404, 55.977290685145533 ], [ 92.872454682380948, 55.975558441929735 ] ] ] } },
{ "type": "Feature", "properties": { "h3_id": "880b9a0cb5fffff", "h3_resolution": 8, "center_lat": 56.004580102449125, "center_lng": 92.703051683907347 }, "geometry": { "type": "Polygon", "coordinates": [ [ [ 92.696128447733358, 56.007766205595701 ], [ 92.69497681771027, 56.002836270547981 ], [ 92.701899380716398, 55.999650232930698 ], [ 92.709973641519824, 56.001393674578757 ], [ 92.711126877232317, 56.006323320076 ], [ 92.704204246631903, 56.009509813519308 ], [ 92.696128447733358, 56.007766205595701 ] ] ] } },
{ "type": "Feature", "properties": { "h3_id": "880b9a7465fffff", "h3_resolution": 8, "center_lat": 55.959043675430777, "center_lng": 92.860878791790739 }, "geometry": { "type": "Polygon", "coordinates": [ [ [ 92.85398031416527, 55.962237216148665 ], [ 92.852812632829597, 55.957309529535216 ], [ 92.859710443312167, 55.954116055812364 ], [ 92.867775992720553, 55.955849813585743 ], [ 92.8689452707914, 55.960777208021725 ], [ 92.86204740289962, 55.963971136904959 ], [ 92.85398031416527, 55.962237216148665 ] ] ] } },
{ "type": "Feature", "properties": { "h3_id": "880b9a2963fffff", "h3_resolution": 8, "center_lat": 56.066948777815192, "center_lng": 92.993962390809628 }, "geometry": { "type": "Polygon", "coordinates": [ [ [ 92.987061162799478, 56.070148891620164 ], [ 92.985875938146137, 56.065227073178157 ], [ 92.992776499530592, 56.062027026463028 ], [ 93.00086233495395, 56.063748343143097 ], [ 93.00204915971932, 56.068669867425569 ], [ 92.995148549132963, 56.071870369230524 ], [ 92.987061162799478, 56.070148891620164 ] ] ] } },
{ "type": "Feature", "properties": { "h3_id": "880b9a2b35fffff", "h3_resolution": 8, "center_lat": 56.087618402785544, "center_lng": 92.937536055433014 }, "geometry": { "type": "Polygon", "coordinates": [ [ [ 92.930625219865092, 56.090815876649295 ], [ 92.929445605008183, 56.085893363979565 ], [ 92.936355771644614, 56.082695956651946 ], [ 92.944445606176615, 56.084420606683537 ], [ 92.945626824710629, 56.089342826133738 ], [ 92.938716605218858, 56.092540688815106 ], [ 92.930625219865092, 56.090815876649295 ] ] ] } },
{ "type": "Feature", "properties": { "h3_id": "880b9a7663fffff", "h3_resolution": 8, "center_lat": 55.984008786793325, "center_lng": 92.759549496056124 }, "geometry": { "type": "Polygon", "coordinates": [ [ [ 92.752635813232629, 55.987197548769366 ], [ 92.751478545930013, 55.982268298256621 ], [ 92.758391557877331, 55.979079602368877 ], [ 92.766461901236454, 55.980819701462245 ], [ 92.767620770704539, 55.985748661475867 ], [ 92.760707694828255, 55.988937812938694 ], [ 92.752635813232629, 55.987197548769366 ] ] ] } },
{ "type": "Feature", "properties": { "h3_id": "880b9a7491fffff", "h3_resolution": 8, "center_lat": 56.056609325291511, "center_lng": 92.945448429143838 }, "geometry": { "type": "Polygon", "coordinates": [ [ [ 92.938543503491758, 56.059807109742245 ], [ 92.937363880329954, 56.054883930914265 ], [ 92.944268138256675, 56.051686213294822 ], [ 92.95235207180167, 56.053411219328481 ], [ 92.953533296024276, 56.058334104762267 ], [ 92.946628985824134, 56.061532277599717 ], [ 92.938543503491758, 56.059807109742245 ] ] ] } },
{ "type": "Feature", "properties": { "h3_id": "880b9a3937fffff", "h3_resolution": 8, "center_lat": 56.057927519705309, "center_lng": 92.776949888753265 }, "geometry": { "type": "Polygon", "coordinates": [ [ [ 92.770026128219456, 56.061117269402423 ], [ 92.768864944682051, 56.056190401018348 ], [ 92.775788032517625, 56.053000716959353 ], [ 92.783872367110675, 56.054737445550316 ], [ 92.78503515776606, 56.059664023265647 ], [ 92.77811200689176, 56.062854163102337 ], [ 92.770026128219456, 56.061117269402423 ] ] ] } },
{ "type": "Feature", "properties": { "h3_id": "880b9a2937fffff", "h3_resolution": 8, "center_lat": 56.083903488287376, "center_lng": 93.051769092040004 }, "geometry": { "type": "Polygon", "coordinates": [ [ [ 93.044871527436896, 56.08710638409503 ], [ 93.043679498191011, 56.082186316868651 ], [ 93.050576397337167, 56.078983488421876 ], [ 93.058665371463562, 56.080700272293761 ], [ 93.05985900003212, 56.085620044457556 ], [ 93.052962055336053, 56.088823327854975 ], [ 93.044871527436896, 56.08710638409503 ] ] ] } },
{ "type": "Feature", "properties": { "h3_id": "880b9a6663fffff", "h3_resolution": 8, "center_lat": 56.010086698898164, "center_lng": 93.033906823642241 }, "geometry": { "type": "Polygon", "coordinates": [ [ [ 93.027019228427477, 56.013288581166179 ], [ 93.025831215561979, 56.008366117570489 ], [ 93.032718147099544, 56.005164303110263 ], [ 93.040793138214539, 56.006884497533811 ], [ 93.041982745503532, 56.011806666241924 ], [ 93.035095767437298, 56.015008935456827 ], [ 93.027019228427477, 56.013288581166179 ] ] ] } },
{ "type": "Feature", "properties": { "h3_id": "880b9a74bdfffff", "h3_resolution": 8, "center_lat": 56.032244831880327, "center_lng": 92.962609430122825 }, "geometry": { "type": "Polygon", "coordinates": [ [ [ 92.955710353075617, 56.035443379086736 ], [ 92.954529525210702, 56.030519922512788 ], [ 92.96142793579898, 56.027321442446066 ], [ 92.969507225554722, 56.029045963921448 ], [ 92.970689652040321, 56.033969126787817 ], [ 92.963791190332302, 56.037168061929449 ], [ 92.955710353075617, 56.035443379086736 ] ] ] } },
{ "type": "Feature", "properties": { "h3_id": "880b9a3963fffff", "h3_resolution": 8, "center_lat": 56.040826396855067, "center_lng": 92.719206804870993 }, "geometry": { "type": "Polygon", "coordinates": [ [ [ 92.712279459937676, 56.044013348467523 ], [ 92.711125078046408, 56.039084748532389 ], [ 92.718051749137231, 56.035897862282532 ], [ 92.726132868976777, 56.037639120109596 ], [ 92.727288858723441, 56.042567430287029 ], [ 92.720362120955713, 56.045754772438805 ], [ 92.712279459937676, 56.044013348467523 ] ] ] } },
{ "type": "Feature", "properties": { "h3_id": "880b9a290bfffff", "h3_resolution": 8, "center_lat": 56.089834565010037, "center_lng": 92.991804731553742 }, "geometry": { "type": "Polygon", "coordinates": [ [ [ 92.984899550609967, 56.093034625537427 ], [ 92.983713925128626, 56.088113380491187 ], [ 92.990618438665649, 56.084913386861636 ], [ 92.998708627260669, 56.086634183143708 ], [ 92.999895854653403, 56.091555134099899 ], [ 92.992991291723655, 56.094755582907169 ], [ 92.984899550609967, 56.093034625537427 ] ] ] } },
{ "type": "Feature", "properties": { "h3_id": "880b9a74e9fffff", "h3_resolution": 8, "center_lat": 56.015232590736119, "center_lng": 92.904881799891996 }, "geometry": { "type": "Polygon", "coordinates": [ [ [ 92.897979092393754, 56.018428353759596 ], [ 92.896805054445551, 56.013503154824093 ], [ 92.90370709432753, 56.010307458668507 ], [ 92.911783227096038, 56.0120365062823 ], [ 92.912958864435126, 56.016961412414929 ], [ 92.906056769796876, 56.020157563779783 ], [ 92.897979092393754, 56.018428353759596 ] ] ] } },
{ "type": "Feature", "properties": { "h3_id": "880b9a76e7fffff", "h3_resolution": 8, "center_lat": 56.022545147779503, "center_lng": 92.829959636571175 }, "geometry": { "type": "Polygon", "coordinates": [ [ [ 92.823047469561445, 56.025737355603667 ], [ 92.821881438157277, 56.020810696317184 ], [ 92.828792935131958, 56.017618554778608 ], [ 92.836870523244414, 56.019352617088117 ], [ 92.838038157234536, 56.024278984793384 ], [ 92.831126600707677, 56.027471581813714 ], [ 92.823047469561445, 56.025737355603667 ] ] ] } },
{ "type": "Feature", "properties": { "h3_id": "880b9a660bfffff", "h3_resolution": 8, "center_lat": 56.032976842244992, "center_lng": 93.031773952119352 }, "geometry": { "type": "Polygon", "coordinates": [ [ [ 93.024882419002267, 56.036178675878709 ], [ 93.023694001519914, 56.031256782131415 ], [ 93.030584870183631, 56.028055016113498 ], [ 93.038664203227867, 56.029774689044217 ], [ 93.039854216923814, 56.034696287972821 ], [ 93.032963301545536, 56.037898508832221 ], [ 93.024882419002267, 56.036178675878709 ] ] ] } },
{ "type": "Feature", "properties": { "h3_id": "880b9a0dd7fffff", "h3_resolution": 8, "center_lat": 55.96832229381846, "center_lng": 92.686922663794888 }, "geometry": { "type": "Polygon", "coordinates": [ [ [ 92.680003533247515, 55.971507547573779 ], [ 92.67885464789272, 55.966576281573602 ], [ 92.685773105946538, 55.963391093514716 ], [ 92.693840518041384, 55.965136715749004 ], [ 92.694991006923061, 55.970067692405721 ], [ 92.688072480362322, 55.973253336215208 ], [ 92.680003533247515, 55.971507547573779 ] ] ] } },
{ "type": "Feature", "properties": { "h3_id": "880b9a754bfffff", "h3_resolution": 8, "center_lat": 55.936138655414418, "center_lng": 92.863101507062481 }, "geometry": { "type": "Polygon", "coordinates": [ [ [ 92.856206972782616, 55.939332248806394 ], [ 92.855039673949932, 55.934403997325809 ], [ 92.861933541866705, 55.931210471122156 ], [ 92.869994766003344, 55.932944741367734 ], [ 92.871163659781601, 55.937872700600288 ], [ 92.864269734658279, 55.941066681878375 ], [ 92.856206972782616, 55.939332248806394 ] ] ] } },
{ "type": "Feature", "properties": { "h3_id": "880b9a7713fffff", "h3_resolution": 8, "center_lat": 55.9700802102873, "center_lng": 92.825208623863915 }, "geometry": { "type": "Polygon", "coordinates": [ [ [ 92.818304429092876, 55.973272076040395 ], [ 92.817140349807516, 55.968343897297039 ], [ 92.824043876051121, 55.965152098202836 ], [ 92.832111541469033, 55.966888022580164 ], [ 92.833277219570647, 55.971815909739561 ], [ 92.826373633618815, 55.975008164148818 ], [ 92.818304429092876, 55.973272076040395 ] ] ] } },
{ "type": "Feature", "properties": { "h3_id": "880b9a771dfffff", "h3_resolution": 8, "center_lat": 55.956749689360109, "center_lng": 92.80674688450884 }, "geometry": { "type": "Polygon", "coordinates": [ [ [ 92.799842810739648, 55.959940644435747 ], [ 92.798681114862262, 55.955011700056829 ], [ 92.805584519984023, 55.951820811613665 ], [ 92.813649682008503, 55.953558412263682 ], [ 92.814812976352627, 55.958487065337216 ], [ 92.807909510385855, 55.961678409109382 ], [ 92.799842810739648, 55.959940644435747 ] ] ] } },
{ "type": "Feature", "properties": { "h3_id": "880b9a7541fffff", "h3_resolution": 8, "center_lat": 55.928016624337005, "center_lng": 92.868826134744708 }, "geometry": { "type": "Polygon", "coordinates": [ [ [ 92.861933541866705, 55.931210471122156 ], [ 92.860765838983482, 55.926282129073208 ], [ 92.867657765918239, 55.923088349579579 ], [ 92.875717452738243, 55.924822457150093 ], [ 92.876886749759493, 55.929750506846254 ], [ 92.869994766003344, 55.932944741367734 ], [ 92.861933541866705, 55.931210471122156 ] ] ] } },
{ "type": "Feature", "properties": { "h3_id": "880b9a6601fffff", "h3_resolution": 8, "center_lat": 56.024852930601178, "center_lng": 93.037474457140931 }, "geometry": { "type": "Polygon", "coordinates": [ [ [ 93.030584870183631, 56.028055016113498 ], [ 93.029396055649187, 56.02313303050898 ], [ 93.036284978573818, 56.01993101271497 ], [ 93.044362762550193, 56.021650525774596 ], [ 93.045553172486265, 56.026572216456564 ], [ 93.038664203227867, 56.029774689044217 ], [ 93.030584870183631, 56.028055016113498 ] ] ] } },
{ "type": "Feature", "properties": { "h3_id": "880b9a76c5fffff", "h3_resolution": 8, "center_lat": 56.033576030924984, "center_lng": 92.794222646826 }, "geometry": { "type": "Polygon", "coordinates": [ [ [ 92.787304747363677, 56.036766555788311 ], [ 92.786142332552856, 56.031839407099575 ], [ 92.793059560589626, 56.02864894818476 ], [ 92.801139265482362, 56.030385182365762 ], [ 92.802303284967707, 56.035312040068703 ], [ 92.795385995066965, 56.038502954619922 ], [ 92.787304747363677, 56.036766555788311 ] ] ] } },
{ "type": "Feature", "properties": { "h3_id": "880b9a396dfffff", "h3_resolution": 8, "center_lat": 56.027484360290138, "center_lng": 92.700737562808754 }, "geometry": { "type": "Polygon", "coordinates": [ [ [ 92.693810352820037, 56.030670400054106 ], [ 92.692658358588844, 56.02574103401237 ], [ 92.699584894618908, 56.022555059583667 ], [ 92.707663492875056, 56.024297995327004 ], [ 92.708817094602068, 56.029227071890823 ], [ 92.701890490757293, 56.032413502232949 ], [ 92.693810352820037, 56.030670400054106 ] ] ] } },
{ "type": "Feature", "properties": { "h3_id": "880b9a74c7fffff", "h3_resolution": 8, "center_lat": 56.03000703251017, "center_lng": 92.908407502980751 }, "geometry": { "type": "Polygon", "coordinates": [ [ [ 92.901502791913956, 56.033202995957872 ], [ 92.900327961039721, 56.028278274397778 ], [ 92.907232004130364, 56.02508237772826 ], [ 92.915310932847007, 56.026810747412924 ], [ 92.916487364096483, 56.031735176135697 ], [ 92.909583266436371, 56.034931528054265 ], [ 92.901502791913956, 56.033202995957872 ] ] ] } },
{ "type": "Feature", "properties": { "h3_id": "880b9a6759fffff", "h3_resolution": 8, "center_lat": 55.987194231420887, "center_lng": 93.036037381874607 }, "geometry": { "type": "Polygon", "coordinates": [ [ [ 93.02915372009484, 55.990396161084526 ], [ 93.027966111671105, 55.98547312909313 ], [ 93.034849110548407, 55.98227126742934 ], [ 93.04291976437581, 55.983991983131425 ], [ 93.044108965435953, 55.988914720166463 ], [ 93.037225920215334, 55.992117036498477 ], [ 93.02915372009484, 55.990396161084526 ] ] ] } },
{ "type": "Feature", "properties": { "h3_id": "880b9a662dfffff", "h3_resolution": 8, "center_lat": 56.00047913823628, "center_lng": 93.054561926064736 }, "geometry": { "type": "Polygon", "coordinates": [ [ [ 93.047678172302597, 56.003681977253173 ], [ 93.046488169310265, 55.998759717298675 ], [ 93.053371260299897, 55.995556946307389 ], [ 93.061444399659408, 55.997275980663112 ], [ 93.062635995620454, 56.002197945383969 ], [ 93.055752859436666, 56.005401171025447 ], [ 93.047678172302597, 56.003681977253173 ] ] ] } },
{ "type": "Feature", "properties": { "h3_id": "880b9a2901fffff", "h3_resolution": 8, "center_lat": 56.081713071965957, "center_lng": 92.997521667269211 }, "geometry": { "type": "Polygon", "coordinates": [ [ [ 92.990618438665649, 56.084913386861636 ], [ 92.989432412970046, 56.079992048533057 ], [ 92.996334974589743, 56.076791800637864 ], [ 93.004423611097621, 56.078512435984663 ], [ 93.005611237889084, 56.083433480118892 ], [ 92.998708627260669, 56.086634183143708 ], [ 92.990618438665649, 56.084913386861636 ] ] ] } },
{ "type": "Feature", "properties": { "h3_id": "880b9a7599fffff", "h3_resolution": 8, "center_lat": 56.001228908881643, "center_lng": 92.970492267318818 }, "geometry": { "type": "Polygon", "coordinates": [ [ [ 92.963599081426636, 56.004427760686674 ], [ 92.96241824964028, 55.999503642758391 ], [ 92.969310770273509, 55.996304858388214 ], [ 92.977384173419381, 55.998029737048817 ], [ 92.978566601221772, 56.00295356109568 ], [ 92.971674030044795, 56.006152800406269 ], [ 92.963599081426636, 56.004427760686674 ] ] ] } },
{ "type": "Feature", "properties": { "h3_id": "880b9a6659fffff", "h3_resolution": 8, "center_lat": 56.044060647655058, "center_lng": 92.996117706636198 }, "geometry": { "type": "Polygon", "coordinates": [ [ [ 92.989220427067693, 56.047260813497729 ], [ 92.988035603074579, 56.042338423110465 ], [ 92.994932216797054, 56.039138324549668 ], [ 93.003013703707694, 56.040860161416809 ], [ 93.004200126016485, 56.045782257575226 ], [ 92.99730346328235, 56.048982811138316 ], [ 92.989220427067693, 56.047260813497729 ] ] ] } },
{ "type": "Feature", "properties": { "h3_id": "880b9a749bfffff", "h3_resolution": 8, "center_lat": 56.064730128851906, "center_lng": 92.939723392326925 }, "geometry": { "type": "Polygon", "coordinates": [ [ [ 92.93281651537545, 56.067927658338427 ], [ 92.931637294688358, 56.063004572500304 ], [ 92.938543503491758, 56.059807109742245 ], [ 92.946628985824134, 56.061532277599717 ], [ 92.947809808386396, 56.066455070148251 ], [ 92.940903546924162, 56.069652988172074 ], [ 92.93281651537545, 56.067927658338427 ] ] ] } },
{ "type": "Feature", "properties": { "h3_id": "880b9a75c5fffff", "h3_resolution": 8, "center_lat": 55.966500512737639, "center_lng": 92.939202907389614 }, "geometry": { "type": "Polygon", "coordinates": [ [ [ 92.932311872362945, 55.969697797355828 ], [ 92.931135421020741, 55.964772048976549 ], [ 92.938025790956644, 55.961574831843912 ], [ 92.946092664866313, 55.963302908207531 ], [ 92.947270710736333, 55.968228363156747 ], [ 92.940380288350667, 55.971426035215366 ], [ 92.932311872362945, 55.969697797355828 ] ] ] } },
{ "type": "Feature", "properties": { "h3_id": "880b9a292dfffff", "h3_resolution": 8, "center_lat": 56.057346511919057, "center_lng": 93.014658372277736 }, "geometry": { "type": "Polygon", "coordinates": [ [ [ 93.007760995390584, 56.060547587784249 ], [ 93.006573771768771, 56.055625970830164 ], [ 93.013470482938743, 56.052424962273179 ], [ 93.021554465773818, 56.054145115727827 ], [ 93.022743288048076, 56.059066438175087 ], [ 93.015846529018532, 56.062267901717448 ], [ 93.007760995390584, 56.060547587784249 ] ] ] } },
{ "type": "Feature", "properties": { "h3_id": "880b9a2b2bfffff", "h3_resolution": 8, "center_lat": 56.082441440075151, "center_lng": 92.913265661931817 }, "geometry": { "type": "Polygon", "coordinates": [ [ [ 92.906352980112956, 56.085637747100144 ], [ 92.905176169887582, 56.080714555017416 ], [ 92.912088182225588, 56.07751831439878 ], [ 92.920177059365486, 56.0792448104893 ], [ 92.921355473739894, 56.084167709735979 ], [ 92.914443407008363, 56.087364405771488 ], [ 92.906352980112956, 56.085637747100144 ] ] ] } },
{ "type": "Feature", "properties": { "h3_id": "880b9a766dfffff", "h3_resolution": 8, "center_lat": 55.970667771779155, "center_lng": 92.741096029348526 }, "geometry": { "type": "Polygon", "coordinates": [ [ [ 92.734182475968339, 55.97385562255927 ], [ 92.733027591370913, 55.968925607327677 ], [ 92.739940473757557, 55.965737822609114 ], [ 92.748008305985465, 55.967479597577849 ], [ 92.749164792393344, 55.972409322589428 ], [ 92.742251844942714, 55.975597562895757 ], [ 92.734182475968339, 55.97385562255927 ] ] ] } },
{ "type": "Feature", "properties": { "h3_id": "880b9a7641fffff", "h3_resolution": 8, "center_lat": 55.995019845388235, "center_lng": 92.723813721668975 }, "geometry": { "type": "Polygon", "coordinates": [ [ [ 92.716894320722957, 55.998206922165018 ], [ 92.715740672101873, 55.993277183926388 ], [ 92.72265940078546, 55.990090172900004 ], [ 92.730731844510231, 55.991832444428724 ], [ 92.731887097375349, 55.996761892765036 ], [ 92.724968302451671, 55.99994935951851 ], [ 92.716894320722957, 55.998206922165018 ] ] ] } },
{ "type": "Feature", "properties": { "h3_id": "880b9a0cabfffff", "h3_resolution": 8, "center_lat": 55.999346764011044, "center_lng": 92.678828067903211 }, "geometry": { "type": "Polygon", "coordinates": [ [ [ 92.671903016987514, 56.002531695889786 ], [ 92.670754184894747, 55.997601089419319 ], [ 92.677678562103452, 55.994416222938881 ], [ 92.685751840707496, 55.996161507088743 ], [ 92.686902278941972, 56.001091824394642 ], [ 92.679977832610305, 56.004277146758902 ], [ 92.671903016987514, 56.002531695889786 ] ] ] } },
{ "type": "Feature", "properties": { "h3_id": "880b9a7443fffff", "h3_resolution": 8, "center_lat": 55.991525875019505, "center_lng": 92.837942554350988 }, "geometry": { "type": "Polygon", "coordinates": [ [ [ 92.83103629380858, 55.99471839593722 ], [ 92.829870235410638, 55.989791075681602 ], [ 92.836775827124796, 55.986598621345998 ], [ 92.844847536375212, 55.988333031961567 ], [ 92.846015194748645, 55.993260060459725 ], [ 92.839109544077232, 55.996452970143039 ], [ 92.83103629380858, 55.99471839593722 ] ] ] } },
{ "type": "Feature", "properties": { "h3_id": "880b9a66d5fffff", "h3_resolution": 8, "center_lat": 56.080927683784687, "center_lng": 93.081738014542992 }, "geometry": { "type": "Polygon", "coordinates": [ [ [ 93.074844260856693, 56.084131994467128 ], [ 93.073649033613719, 56.079212517608674 ], [ 93.080542122818457, 56.076008274518081 ], [ 93.088630483081786, 56.077723053492754 ], [ 93.089827308350536, 56.08264223480338 ], [ 93.082934175514836, 56.085846932729979 ], [ 93.074844260856693, 56.084131994467128 ] ] ] } },
{ "type": "Feature", "properties": { "h3_id": "880b9a761dfffff", "h3_resolution": 8, "center_lat": 56.013580566980835, "center_lng": 92.76650260063748 }, "geometry": { "type": "Polygon", "coordinates": [ [ [ 92.759584890009592, 56.016769724855664 ], [ 92.758426058568347, 56.011841425268429 ], [ 92.76534309759208, 56.008652333301633 ], [ 92.773419031811756, 56.010391085309841 ], [ 92.774579467396833, 56.015319094330145 ], [ 92.767662364799051, 56.018508641952671 ], [ 92.759584890009592, 56.016769724855664 ] ] ] } },
{ "type": "Feature", "properties": { "h3_id": "880b9a7615fffff", "h3_resolution": 8, "center_lat": 56.01212922301832, "center_lng": 92.781495290392371 }, "geometry": { "type": "Polygon", "coordinates": [ [ [ 92.774579467396833, 56.015319094330145 ], [ 92.773419031811756, 56.010391085309841 ], [ 92.780334183685852, 56.00720128002304 ], [ 92.788409833939255, 56.008939028197545 ], [ 92.789571873032472, 56.013866746405654 ], [ 92.782656658544951, 56.017057007294952 ], [ 92.774579467396833, 56.015319094330145 ] ] ] } },
{ "type": "Feature", "properties": { "h3_id": "880b9a7417fffff", "h3_resolution": 8, "center_lat": 56.008577796906089, "center_lng": 92.895631280629644 }, "geometry": { "type": "Polygon", "coordinates": [ [ [ 92.888728628397871, 56.011773104699436 ], [ 92.887555786304375, 56.00684752101558 ], [ 92.894457770857841, 56.003652280076906 ], [ 92.902532653015214, 56.005382167648328 ], [ 92.90370709432753, 56.010307458668507 ], [ 92.896805054445551, 56.013503154824093 ], [ 92.888728628397871, 56.011773104699436 ] ] ] } },
{ "type": "Feature", "properties": { "h3_id": "880b9a744bfffff", "h3_resolution": 8, "center_lat": 55.992983207770045, "center_lng": 92.82296336532545 }, "geometry": { "type": "Polygon", "coordinates": [ [ [ 92.816055216714986, 55.996175017431121 ], [ 92.814890758929124, 55.991247405662641 ], [ 92.821798238228794, 55.98805566246704 ], [ 92.829870235410638, 55.989791075681602 ], [ 92.83103629380858, 55.99471839593722 ], [ 92.824128754593559, 55.997910594534446 ], [ 92.816055216714986, 55.996175017431121 ] ] ] } },
{ "type": "Feature", "properties": { "h3_id": "880b9a0ca3fffff", "h3_resolution": 8, "center_lat": 55.99790617709337, "center_lng": 92.693825447012031 }, "geometry": { "type": "Polygon", "coordinates": [ [ [ 92.686902278941972, 56.001091824394642 ], [ 92.685751840707496, 55.996161507088743 ], [ 92.692674335552027, 55.992975925303227 ], [ 92.70074733697237, 55.994720205035456 ], [ 92.701899380716398, 55.999650232930698 ], [ 92.69497681771027, 56.002836270547981 ], [ 92.686902278941972, 56.001091824394642 ] ] ] } },
{ "type": "Feature", "properties": { "h3_id": "880b9a7649fffff", "h3_resolution": 8, "center_lat": 55.996463870663398, "center_lng": 92.708820665462923 }, "geometry": { "type": "Polygon", "coordinates": [ [ [ 92.701899380716398, 55.999650232930698 ], [ 92.70074733697237, 55.994720205035456 ], [ 92.70766794897483, 55.991533908401266 ], [ 92.715740672101873, 55.993277183926388 ], [ 92.716894320722957, 55.998206922165018 ], [ 92.709973641519824, 56.001393674578757 ], [ 92.701899380716398, 55.999650232930698 ] ] ] } },
{ "type": "Feature", "properties": { "h3_id": "880b9a75e9fffff", "h3_resolution": 8, "center_lat": 55.9583772948723, "center_lng": 92.94491488364342 }, "geometry": { "type": "Polygon", "coordinates": [ [ [ 92.938025790956644, 55.961574831843912 ], [ 92.936848938963578, 55.9566489926057 ], [ 92.94373736697942, 55.953451523222512 ], [ 92.951802699237007, 55.955179438241515 ], [ 92.952981144949121, 55.960104983945399 ], [ 92.946092664866313, 55.963302908207531 ], [ 92.938025790956644, 55.961574831843912 ] ] ] } },
{ "type": "Feature", "properties": { "h3_id": "880b9a2b23fffff", "h3_resolution": 8, "center_lat": 56.080970691247124, "center_lng": 92.928266255939661 }, "geometry": { "type": "Polygon", "coordinates": [ [ [ 92.921355473739894, 56.084167709735979 ], [ 92.920177059365486, 56.0792448104893 ], [ 92.927087172570779, 56.076047858523125 ], [ 92.935175753764781, 56.077773350485458 ], [ 92.936355771644614, 56.082695956651946 ], [ 92.929445605008183, 56.085893363979565 ], [ 92.921355473739894, 56.084167709735979 ] ] ] } },
{ "type": "Feature", "properties": { "h3_id": "880b9a2925fffff", "h3_resolution": 8, "center_lat": 56.055864654414357, "center_lng": 93.029638763542238 }, "geometry": { "type": "Polygon", "coordinates": [ [ [ 93.022743288048076, 56.059066438175087 ], [ 93.021554465773818, 56.054145115727827 ], [ 93.028449276037193, 56.050943399390974 ], [ 93.036532955659609, 56.052662550615551 ], [ 93.037723375940544, 56.057583578313078 ], [ 93.030828518776218, 56.06078574957867 ], [ 93.022743288048076, 56.059066438175087 ] ] ] } },
{ "type": "Feature", "properties": { "h3_id": "880b9a75bdfffff", "h3_resolution": 8, "center_lat": 55.97538226983891, "center_lng": 93.002569631595051 }, "geometry": { "type": "Polygon", "coordinates": [ [ [ 92.995684170475741, 55.978582584354847 ], [ 92.994500547455004, 55.973658486844784 ], [ 93.001385345059319, 55.970458240187455 ], [ 93.009453814310817, 55.972181636340714 ], [ 93.010639030276181, 55.977105439414295 ], [ 93.00375418422793, 55.98030614081388 ], [ 92.995684170475741, 55.978582584354847 ] ] ] } },
{ "type": "Feature", "properties": { "h3_id": "880b9a74a3fffff", "h3_resolution": 8, "center_lat": 56.024122641699783, "center_lng": 92.968325065074112 }, "geometry": { "type": "Polygon", "coordinates": [ [ [ 92.96142793579898, 56.027321442446066 ], [ 92.96024670727202, 56.022397893697985 ], [ 92.967143170509644, 56.019199160194169 ], [ 92.97522091319324, 56.020923520454176 ], [ 92.97640373952855, 56.02584677539037 ], [ 92.969507225554722, 56.029045963921448 ], [ 92.96142793579898, 56.027321442446066 ] ] ] } },
{ "type": "Feature", "properties": { "h3_id": "880b9a6651fffff", "h3_resolution": 8, "center_lat": 56.042581383724048, "center_lng": 93.011095506109072 }, "geometry": { "type": "Polygon", "coordinates": [ [ [ 93.004200126016485, 56.045782257575226 ], [ 93.003013703707694, 56.040860161416809 ], [ 93.009908418440091, 56.037659354963289 ], [ 93.017989603718306, 56.039380189765133 ], [ 93.01917762369817, 56.044301991451611 ], [ 93.012282860912251, 56.047503252851101 ], [ 93.004200126016485, 56.045782257575226 ] ] ] } },
{ "type": "Feature", "properties": { "h3_id": "880b9a76a1fffff", "h3_resolution": 8, "center_lat": 56.027744815391742, "center_lng": 92.854196164101808 }, "geometry": { "type": "Polygon", "coordinates": [ [ [ 92.847285829527721, 56.030938190613305 ], [ 92.846116999845421, 56.026012207337772 ], [ 92.853026664929004, 56.02281889853181 ], [ 92.86110521789729, 56.024551117624156 ], [ 92.862275649701601, 56.02947680893439 ], [ 92.855365926597344, 56.0326705731609 ], [ 92.847285829527721, 56.030938190613305 ] ] ] } },
{ "type": "Feature", "properties": { "h3_id": "880b9a7591fffff", "h3_resolution": 8, "center_lat": 55.999754001864552, "center_lng": 92.985457892462563 }, "geometry": { "type": "Polygon", "coordinates": [ [ [ 92.978566601221772, 56.00295356109568 ], [ 92.977384173419381, 55.998029737048817 ], [ 92.984274799885299, 55.994830245368313 ], [ 92.992347903924326, 55.99655412289296 ], [ 92.99353192710096, 56.001477652815311 ], [ 92.986641251047033, 56.004677599380393 ], [ 92.978566601221772, 56.00295356109568 ] ] ] } },
{ "type": "Feature", "properties": { "h3_id": "880b9a76cdfffff", "h3_resolution": 8, "center_lat": 56.035029542211532, "center_lng": 92.779223823858544 }, "geometry": { "type": "Polygon", "coordinates": [ [ [ 92.772304034352828, 56.038219353340153 ], [ 92.771143224853574, 56.033291913910908 ], [ 92.778062342450156, 56.030102168613816 ], [ 92.786142332552856, 56.031839407099575 ], [ 92.787304747363677, 56.036766555788311 ], [ 92.780385566941291, 56.039956756775304 ], [ 92.772304034352828, 56.038219353340153 ] ] ] } },
{ "type": "Feature", "properties": { "h3_id": "880b9a7737fffff", "h3_resolution": 8, "center_lat": 55.944260342428692, "center_lng": 92.85737453389558 }, "geometry": { "type": "Polygon", "coordinates": [ [ [ 92.85047805733916, 55.947453682071341 ], [ 92.849311163009489, 55.942525521363919 ], [ 92.856206972782616, 55.939332248806394 ], [ 92.864269734658279, 55.941066681878375 ], [ 92.865438224741553, 55.945994550442599 ], [ 92.858542357376265, 55.949188278121177 ], [ 92.85047805733916, 55.947453682071341 ] ] ] } },
{ "type": "Feature", "properties": { "h3_id": "880b9a0d99fffff", "h3_resolution": 8, "center_lat": 55.974998511114073, "center_lng": 92.696141754732068 }, "geometry": { "type": "Polygon", "coordinates": [ [ [ 92.689222555735256, 55.978184220633459 ], [ 92.688072480362322, 55.973253336215208 ], [ 92.694991006923061, 55.970067692405721 ], [ 92.703059676977105, 55.971812477313264 ], [ 92.704211356056604, 55.976743072248333 ], [ 92.697292761554976, 55.979929171802674 ], [ 92.689222555735256, 55.978184220633459 ] ] ] } },
{ "type": "Feature", "properties": { "h3_id": "880b9a0db3fffff", "h3_resolution": 8, "center_lat": 55.962549714542845, "center_lng": 92.746852079702109 }, "geometry": { "type": "Polygon", "coordinates": [ [ [ 92.739940473757557, 55.965737822609114 ], [ 92.738785178083091, 55.960807715457022 ], [ 92.745696113456432, 55.957619673555911 ], [ 92.753762409356952, 55.959361283309057 ], [ 92.754919306031681, 55.964291100135434 ], [ 92.748008305985465, 55.967479597577849 ], [ 92.739940473757557, 55.965737822609114 ] ] ] } },
{ "type": "Feature", "properties": { "h3_id": "880b9a74e1fffff", "h3_resolution": 8, "center_lat": 56.01376493972689, "center_lng": 92.919859678633202 }, "geometry": { "type": "Polygon", "coordinates": [ [ [ 92.912958864435126, 56.016961412414929 ], [ 92.911783227096038, 56.0120365062823 ], [ 92.91868337416183, 56.008840100578318 ], [ 92.926759212547211, 56.010568145895881 ], [ 92.927936448636856, 56.015492758981829 ], [ 92.921036247772776, 56.018689619840011 ], [ 92.912958864435126, 56.016961412414929 ] ] ] } },
{ "type": "Feature", "properties": { "h3_id": "880b9a76b3fffff", "h3_resolution": 8, "center_lat": 56.055833127296033, "center_lng": 92.876216236513542 }, "geometry": { "type": "Polygon", "coordinates": [ [ [ 92.869303777766163, 56.059027612525796 ], [ 92.868131763453079, 56.054102877077639 ], [ 92.875043552471027, 56.050908458200482 ], [ 92.883127412675321, 56.052638319368469 ], [ 92.884301030445556, 56.057562762538211 ], [ 92.877389184736643, 56.060757636861688 ], [ 92.869303777766163, 56.059027612525796 ] ] ] } },
{ "type": "Feature", "properties": { "h3_id": "880b9a7553fffff", "h3_resolution": 8, "center_lat": 55.956120530757048, "center_lng": 92.890802754383273 }, "geometry": { "type": "Polygon", "coordinates": [ [ [ 92.883908050373634, 55.959315489388871 ], [ 92.882737176203918, 55.954388387374316 ], [ 92.889631214034139, 55.951193495969974 ], [ 92.897696181714707, 55.952925251571649 ], [ 92.89886865134649, 55.957852060921049 ], [ 92.891974558016827, 55.961047407376988 ], [ 92.883908050373634, 55.959315489388871 ] ] ] } },
{ "type": "Feature", "properties": { "h3_id": "880b9a74b5fffff", "h3_resolution": 8, "center_lat": 56.030769871001169, "center_lng": 92.977586831988006 }, "geometry": { "type": "Polygon", "coordinates": [ [ [ 92.970689652040321, 56.033969126787817 ], [ 92.969507225554722, 56.029045963921448 ], [ 92.97640373952855, 56.02584677539037 ], [ 92.984482730332715, 56.027570294749637 ], [ 92.985666754796014, 56.03249316366513 ], [ 92.978770190660455, 56.035692807215241 ], [ 92.970689652040321, 56.033969126787817 ] ] ] } },
{ "type": "Feature", "properties": { "h3_id": "880b9a7751fffff", "h3_resolution": 8, "center_lat": 55.959653130019269, "center_lng": 92.776803814803827 }, "geometry": { "type": "Polygon", "coordinates": [ [ [ 92.769895974004527, 55.962842662503299 ], [ 92.768737476962272, 55.957913136247818 ], [ 92.775644648152095, 55.954723670162778 ], [ 92.7837103793224, 55.956463274941051 ], [ 92.784870476099016, 55.961392510380641 ], [ 92.777963242151031, 55.964582431901249 ], [ 92.769895974004527, 55.962842662503299 ] ] ] } },
{ "type": "Feature", "properties": { "h3_id": "880b9a6613fffff", "h3_resolution": 8, "center_lat": 56.052895810705145, "center_lng": 93.059592928843401 }, "geometry": { "type": "Polygon", "coordinates": [ [ [ 93.052701257507081, 56.056099008875961 ], [ 93.051509239865723, 56.051178276171008 ], [ 93.058400246944316, 56.047975145655116 ], [ 93.066483316833285, 56.049692293072134 ], [ 93.067676931188402, 56.05461273054199 ], [ 93.060785879124921, 56.057816315872735 ], [ 93.052701257507081, 56.056099008875961 ] ] ] } },
{ "type": "Feature", "properties": { "h3_id": "880b9a7687fffff", "h3_resolution": 8, "center_lat": 56.043982864820741, "center_lng": 92.84271132313124 }, "geometry": { "type": "Polygon", "coordinates": [ [ [ 92.835797085982037, 56.047175726857212 ], [ 92.834629070178494, 56.0422499294029 ], [ 92.841542636990908, 56.039057133575547 ], [ 92.849624278586731, 56.040789679730835 ], [ 92.850793898139372, 56.045715185430296 ], [ 92.843880272528892, 56.048908436772699 ], [ 92.835797085982037, 56.047175726857212 ] ] ] } },
{ "type": "Feature", "properties": { "h3_id": "880b9a7489fffff", "h3_resolution": 8, "center_lat": 56.036659445579183, "center_lng": 92.917664060159524 }, "geometry": { "type": "Polygon", "coordinates": [ [ [ 92.910759294585617, 56.039855864289187 ], [ 92.909583266436371, 56.034931528054265 ], [ 92.916487364096483, 56.031735176135697 ], [ 92.924567544084468, 56.033462705253825 ], [ 92.925745172780751, 56.038386748512231 ], [ 92.918841021124493, 56.04158355567219 ], [ 92.910759294585617, 56.039855864289187 ] ] ] } },
{ "type": "Feature", "properties": { "h3_id": "880b9a765bfffff", "h3_resolution": 8, "center_lat": 56.024594552301885, "center_lng": 92.730745107894023 }, "geometry": { "type": "Polygon", "coordinates": [ [ [ 92.723821670815525, 56.027782022949744 ], [ 92.722666462226812, 56.022853236109917 ], [ 92.729589226311916, 56.019665831032114 ], [ 92.737667265055634, 56.021406757029354 ], [ 92.738824079871577, 56.026335253899319 ], [ 92.731901249897007, 56.029523114785498 ], [ 92.723821670815525, 56.027782022949744 ] ] ] } },
{ "type": "Feature", "properties": { "h3_id": "880b9a3903fffff", "h3_resolution": 8, "center_lat": 56.062279079983561, "center_lng": 92.731915424183669 }, "geometry": { "type": "Polygon", "coordinates": [ [ [ 92.724985990546656, 56.065466683460528 ], [ 92.723829632186749, 56.060538944544604 ], [ 92.730758391673163, 56.057351406353938 ], [ 92.738843575631677, 56.059091151185733 ], [ 92.740001543020909, 56.064018600170279 ], [ 92.733072717603235, 56.067206594298121 ], [ 92.724985990546656, 56.065466683460528 ] ] ] } },
{ "type": "Feature", "properties": { "h3_id": "880b9a745dfffff", "h3_resolution": 8, "center_lat": 55.999645557612851, "center_lng": 92.83220261458608 }, "geometry": { "type": "Polygon", "coordinates": [ [ [ 92.825294406120676, 56.002837822688875 ], [ 92.824128754593559, 55.997910594534446 ], [ 92.83103629380858, 55.99471839593722 ], [ 92.839109544077232, 55.996452970143039 ], [ 92.840276796391151, 56.001379906645184 ], [ 92.833369197830763, 56.004572560637079 ], [ 92.825294406120676, 56.002837822688875 ] ] ] } },
{ "type": "Feature", "properties": { "h3_id": "880b9a2913fffff", "h3_resolution": 8, "center_lat": 56.109754952331421, "center_lng": 93.019647946896569 }, "geometry": { "type": "Polygon", "coordinates": [ [ [ 93.012742619701612, 56.112956378407091 ], [ 93.01155338644466, 56.108036296490596 ], [ 93.01845804642673, 56.104834937352713 ], [ 93.026551987508881, 56.106553205021648 ], [ 93.027742823184113, 56.111472992430691 ], [ 93.02083811554337, 56.114674806721347 ], [ 93.012742619701612, 56.112956378407091 ] ] ] } },
{ "type": "Feature", "properties": { "h3_id": "880b9a75abfffff", "h3_resolution": 8, "center_lat": 55.968734230699731, "center_lng": 92.993317190324319 }, "geometry": { "type": "Polygon", "coordinates": [ [ [ 92.986431778157751, 55.971934090451867 ], [ 92.9852493504074, 55.967009607897545 ], [ 92.992134098995052, 55.963809815991112 ], [ 93.000201324532057, 55.965534051930895 ], [ 93.001385345059319, 55.970458240187455 ], [ 92.994500547455004, 55.973658486844784 ], [ 92.986431778157751, 55.971934090451867 ] ] ] } },
{ "type": "Feature", "properties": { "h3_id": "880b9a666bfffff", "h3_resolution": 8, "center_lat": 56.011567612826994, "center_lng": 93.018943003525507 }, "geometry": { "type": "Polygon", "coordinates": [ [ [ 93.012053510832118, 56.014768788699662 ], [ 93.010867093034008, 56.00984603045903 ], [ 93.017755921565296, 56.006644922278618 ], [ 93.025831215561979, 56.008366117570489 ], [ 93.027019228427477, 56.013288581166179 ], [ 93.020130352412039, 56.016490144157778 ], [ 93.012053510832118, 56.014768788699662 ] ] ] } },
{ "type": "Feature", "properties": { "h3_id": "880b9a2b11fffff", "h3_resolution": 8, "center_lat": 56.113447621445047, "center_lng": 92.905323694672717 }, "geometry": { "type": "Polygon", "coordinates": [ [ [ 92.898405091364751, 56.116643613659448 ], [ 92.897228295080566, 56.111721090042423 ], [ 92.904146227697481, 56.108525163939007 ], [ 92.912241011763101, 56.110251305942782 ], [ 92.913419414819231, 56.115173536899135 ], [ 92.906501427221102, 56.118369918555771 ], [ 92.898405091364751, 56.116643613659448 ] ] ] } },
{ "type": "Feature", "properties": { "h3_id": "880b9a7431fffff", "h3_resolution": 8, "center_lat": 55.992335292525318, "center_lng": 92.907083321459567 }, "geometry": { "type": "Polygon", "coordinates": [ [ [ 92.90018456279445, 55.995531109035682 ], [ 92.899010913709773, 55.990605341585912 ], [ 92.905909005539513, 55.987409592136302 ], [ 92.913980801193148, 55.989139155057046 ], [ 92.915156047874248, 55.994064629633712 ], [ 92.908257901487104, 55.997260834205818 ], [ 92.90018456279445, 55.995531109035682 ] ] ] } },
{ "type": "Feature", "properties": { "h3_id": "880b9a75d7fffff", "h3_resolution": 8, "center_lat": 55.994579365902823, "center_lng": 92.961237683326999 }, "geometry": { "type": "Polygon", "coordinates": [ [ [ 92.954344548488265, 55.997777762746075 ], [ 92.953164912881803, 55.992853259612751 ], [ 92.960057382398233, 55.989654930191293 ], [ 92.968129538820293, 55.991380648997392 ], [ 92.969310770273509, 55.996304858388214 ], [ 92.96241824964028, 55.999503642758391 ], [ 92.954344548488265, 55.997777762746075 ] ] ] } },
{ "type": "Feature", "properties": { "h3_id": "880b9a0cbdfffff", "h3_resolution": 8, "center_lat": 56.006021983334897, "center_lng": 92.688052976292525 }, "geometry": { "type": "Polygon", "coordinates": [ [ [ 92.681127856311292, 56.009207371111032 ], [ 92.679977832610305, 56.004277146758902 ], [ 92.686902278941972, 56.001091824394642 ], [ 92.69497681771027, 56.002836270547981 ], [ 92.696128447733358, 56.007766205595701 ], [ 92.689203932845828, 56.010951983838154 ], [ 92.681127856311292, 56.009207371111032 ] ] ] } },
{ "type": "Feature", "properties": { "h3_id": "880b9a0c91fffff", "h3_resolution": 8, "center_lat": 56.03036728432361, "center_lng": 92.670721359898991 }, "geometry": { "type": "Polygon", "coordinates": [ [ [ 92.663790378914058, 56.033551891375495 ], [ 92.662641601575018, 56.028621947116704 ], [ 92.66957190763641, 56.025437405164979 ], [ 92.677651060958254, 56.027182351498091 ], [ 92.678801447059982, 56.032112006771548 ], [ 92.671871071257087, 56.03529700474099 ], [ 92.663790378914058, 56.033551891375495 ] ] ] } },
{ "type": "Feature", "properties": { "h3_id": "880b9a2b3dfffff", "h3_resolution": 8, "center_lat": 56.089090448961315, "center_lng": 92.922534153693661 }, "geometry": { "type": "Polygon", "coordinates": [ [ [ 92.915621417543974, 56.092287211416632 ], [ 92.914443407008363, 56.087364405771488 ], [ 92.921355473739894, 56.084167709735979 ], [ 92.929445605008183, 56.085893363979565 ], [ 92.930625219865092, 56.090815876649295 ], [ 92.923713099315606, 56.094013028094103 ], [ 92.915621417543974, 56.092287211416632 ] ] ] } },
{ "type": "Feature", "properties": { "h3_id": "880b9a7405fffff", "h3_resolution": 8, "center_lat": 55.980485203194313, "center_lng": 92.873625012328787 }, "geometry": { "type": "Polygon", "coordinates": [ [ [ 92.866724475390072, 55.983679399930203 ], [ 92.865554812883872, 55.978752571747478 ], [ 92.872454682380948, 55.975558441929735 ], [ 92.880524271221404, 55.977290685145533 ], [ 92.881695531618092, 55.982217220977347 ], [ 92.874795605465209, 55.985411805987425 ], [ 92.866724475390072, 55.983679399930203 ] ] ] } },
{ "type": "Feature", "properties": { "h3_id": "880b9a7603fffff", "h3_resolution": 8, "center_lat": 56.005462917612228, "center_lng": 92.772258857464195 }, "geometry": { "type": "Polygon", "coordinates": [ [ [ 92.76534309759208, 56.008652333301633 ], [ 92.76418385557561, 56.003723940986454 ], [ 92.77109894426691, 56.000534591308629 ], [ 92.779173338338069, 56.002273178380491 ], [ 92.780334183685852, 56.00720128002304 ], [ 92.773419031811756, 56.010391085309841 ], [ 92.76534309759208, 56.008652333301633 ] ] ] } },
{ "type": "Feature", "properties": { "h3_id": "880b9a296bfffff", "h3_resolution": 8, "center_lat": 56.06842679891858, "center_lng": 92.978974093040719 }, "geometry": { "type": "Polygon", "coordinates": [ [ [ 92.972070964056499, 56.071626203503804 ], [ 92.970887340160331, 56.066704091145738 ], [ 92.977789802032348, 56.063504753534389 ], [ 92.985875938146137, 56.065227073178157 ], [ 92.987061162799478, 56.070148891620164 ], [ 92.980158650765404, 56.073348684377528 ], [ 92.972070964056499, 56.071626203503804 ] ] ] } }
]
}
