{
"type": "FeatureCollection",
"name": "hexagons_analyzed",
"crs": { "type": "name", "properties": { "name": "urn:ogc:def:crs:EPSG::32646" } },
"features": [
{ "type": "Feature", "properties": { "h3_id": "880b9a0d83fffff", "h3_resolution": 8, "center_lat": 55.958764587388245, "center_lng": 92.707672398237818, "district_name": "Свердловский район", "total_levels": 0.0, "district_total_levels": 8998.0, "population_2020": 163470, "population_estimated": 0, "pvz_count": 0, "pvz_per_10k_people": 0.0 }, "geometry": { "type": "Polygon", "coordinates": [ [ [ 481318.573901600204408, 6201885.255154100246727 ], [ 481244.340231018839404, 6201336.758565471507609 ], [ 481674.561889745644294, 6200980.297880952246487 ], [ 482178.994188607553951, 6201172.340283929370344 ], [ 482253.211511799308937, 6201720.819924888201058 ], [ 481823.012881972186733, 6202077.274108615703881 ], [ 481318.573901600204408, 6201885.255154100246727 ] ] ] } },
{ "type": "Feature", "properties": { "h3_id": "880ab49363fffff", "h3_resolution": 8, "center_lat": 56.102962473923192, "center_lng": 93.163850481439766, "district_name": "Советский район", "total_levels": 0.0, "district_total_levels": 14302.0, "population_2020": 368563, "population_estimated": 0, "pvz_count": 0, "pvz_per_10k_people": 0.0 }, "geometry": { "type": "Polygon", "coordinates": [ [ [ 509762.536120351171121, 6217907.303403997793794 ], [ 509688.834200587007217, 6217359.872680994682014 ], [ 510118.111339512630366, 6217003.793753998354077 ], [ 510621.067426398920361, 6217195.152249278500676 ], [ 510694.752895533223636, 6217742.566162361763418 ], [ 510265.498726864578202, 6218098.638388180173934 ], [ 509762.536120351171121, 6217907.303403997793794 ] ] ] } },
{ "type": "Feature", "properties": { "h3_id": "880b9a76c9fffff", "h3_resolution": 8, "center_lat": 56.043146633705504, "center_lng": 92.773465105404952, "district_name": "Октябрьский район", "total_levels": 36.0, "district_total_levels": 17839.0, "population_2020": 186772, "population_estimated": 377, "pvz_count": 0, "pvz_per_10k_people": 0.0 }, "geometry": { "type": "Polygon", "coordinates": [ [ [ 485457.260278793633915, 6211261.27483738027513 ], [ 485383.112911426345818, 6210713.117279456928372 ], [ 485813.131895241036545, 6210356.691853183321655 ], [ 486317.275211892672814, 6210548.430608398281038 ], [ 486391.406134651799221, 6211096.57128232717514 ], [ 485961.410183818137739, 6211452.990083117038012 ], [ 485457.260278793633915, 6211261.27483738027513 ] ] ] } },
{ "type": "Feature", "properties": { "h3_id": "880b9a74cbfffff", "h3_resolution": 8, "center_lat": 56.039593957183286, "center_lng": 92.88768952555445, "district_name": "Центральный район", "total_levels": 264.0, "district_total_levels": 8464.0, "population_2020": 86061, "population_estimated": 2684, "pvz_count": 2, "pvz_per_10k_people": 7.4515648286140088 }, "geometry": { "type": "Polygon", "coordinates": [ [ [ 492572.78888238617219, 6210848.307962076738477 ], [ 492498.767935205076355, 6210300.301113183610141 ], [ 492928.591936701908708, 6209943.983531290665269 ], [ 493432.413873311248608, 6210135.679412153549492 ], [ 493506.418401378963608, 6210683.669384133070707 ], [ 493076.617410401173402, 6211039.980350246652961 ], [ 492572.78888238617219, 6210848.307962076738477 ] ] ] } },
{ "type": "Feature", "properties": { "h3_id": "880b9a3945fffff", "h3_resolution": 8, "center_lat": 56.043714500502347, "center_lng": 92.689185281325777, "district_name": "Октябрьский район", "total_levels": 15.0, "district_total_levels": 17839.0, "population_2020": 186772, "population_estimated": 157, "pvz_count": 0, "pvz_per_10k_people": 0.0 }, "geometry": { "type": "Polygon", "coordinates": [ [ [ 480206.930108766595367, 6211344.978028904646635 ], [ 480132.689138454385102, 6210796.703468118794262 ], [ 480562.853710960131139, 6210440.199079387821257 ], [ 481067.236203108390328, 6210631.975879184901714 ], [ 481141.460712596017402, 6211180.233549392782152 ], [ 480711.319189205707517, 6211536.731308463029563 ], [ 480206.930108766595367, 6211344.978028904646635 ] ] ] } },
{ "type": "Feature", "properties": { "h3_id": "880b9a29adfffff", "h3_resolution": 8, "center_lat": 56.103808297679343, "center_lng": 93.079627862015542, "district_name": "Советский район", "total_levels": 0.0, "district_total_levels": 14302.0, "population_2020": 368563, "population_estimated": 0, "pvz_count": 0, "pvz_per_10k_people": 0.0 }, "geometry": { "type": "Polygon", "coordinates": [ [ [ 504523.478952855744865, 6217992.28232837934047 ], [ 504449.683125285780989, 6217444.73492194712162 ], [ 504879.106474030006211, 6217088.577195825055242 ], [ 505382.302662270900328, 6217279.973579625599086 ], [ 505456.082022830145434, 6217827.504169595427811 ], [ 505026.681660613336135, 6218183.655190323479474 ], [ 504523.478952855744865, 6217992.28232837934047 ] ] ] } },
{ "type": "Feature", "properties": { "h3_id": "880b9a0ddbfffff", "h3_resolution": 8, "center_lat": 55.977877081421013, "center_lng": 92.666161442644906, "district_name": "Октябрьский район", "total_levels": 117.0, "district_total_levels": 17839.0, "population_2020": 186772, "population_estimated": 1225, "pvz_count": 0, "pvz_per_10k_people": 0.0 }, "geometry": { "type": "Polygon", "coordinates": [ [ [ 478737.104017343313899, 6204024.179561494849622 ], [ 478662.827342749806121, 6203475.680055249482393 ], [ 479093.101240114425309, 6203119.174414317123592 ], [ 479597.628769946808461, 6203311.174808987416327 ], [ 479671.889064766874071, 6203859.657377291470766 ], [ 479241.638207979267463, 6204216.156486944295466 ], [ 478737.104017343313899, 6204024.179561494849622 ] ] ] } },
{ "type": "Feature", "properties": { "h3_id": "880b9a7645fffff", "h3_resolution": 8, "center_lat": 55.986902837764518, "center_lng": 92.729576851665911, "district_name": "Октябрьский район", "total_levels": 57.0, "district_total_levels": 17839.0, "population_2020": 186772, "population_estimated": 597, "pvz_count": 0, "pvz_per_10k_people": 0.0 }, "geometry": { "type": "Polygon", "coordinates": [ [ [ 482698.472448821528815, 6205011.362471599131823 ], [ 482624.26741983438842, 6204462.978667600080371 ], [ 483054.421548187674489, 6204106.529559123329818 ], [ 483558.757673702551983, 6204298.470795121975243 ], [ 483632.946322844247334, 6204846.837672669440508 ], [ 483202.815224768943153, 6205203.280238747596741 ], [ 482698.472448821528815, 6205011.362471599131823 ] ] ] } },
{ "type": "Feature", "properties": { "h3_id": "880b9a7447fffff", "h3_resolution": 8, "center_lat": 55.983405844943384, "center_lng": 92.843680140622197, "district_name": "Свердловский район", "total_levels": 293.0, "district_total_levels": 8998.0, "population_2020": 163470, "population_estimated": 5323, "pvz_count": 3, "pvz_per_10k_people": 5.6359195942137896 }, "geometry": { "type": "Polygon", "coordinates": [ [ [ 489816.547854518750682, 6204600.075293035246432 ], [ 489742.468713672598824, 6204051.842393134720623 ], [ 490172.427547851635609, 6203695.501191641204059 ], [ 490676.442513511341531, 6203887.399420884437859 ], [ 490750.505299889075104, 6204435.615401445887983 ], [ 490320.569473527837545, 6204791.95007018558681 ], [ 489816.547854518750682, 6204600.075293035246432 ] ] ] } },
{ "type": "Feature", "properties": { "h3_id": "880b9a66d9fffff", "h3_resolution": 8, "center_lat": 56.090539656282004, "center_lng": 93.061052897402377, "district_name": "Советский район", "total_levels": 0.0, "district_total_levels": 14302.0, "population_2020": 368563, "population_estimated": 0, "pvz_count": 0, "pvz_per_10k_people": 0.0 }, "geometry": { "type": "Polygon", "coordinates": [ [ [ 503369.366617858293466, 6216514.331420774571598 ], [ 503295.547654888126999, 6215966.71878772508353 ], [ 503725.016978091385681, 6215610.547679742798209 ], [ 504228.282275255362038, 6215801.995889008976519 ], [ 504302.084784940001555, 6216349.591694867238402 ], [ 503872.638449198391754, 6216705.75611674040556 ], [ 503369.366617858293466, 6216514.331420774571598 ] ] ] } },
{ "type": "Feature", "properties": { "h3_id": "880b9a7619fffff", "h3_resolution": 8, "center_lat": 56.021697865705519, "center_lng": 92.760743982445518, "district_name": "Октябрьский район", "total_levels": 635.0, "district_total_levels": 17839.0, "population_2020": 186772, "population_estimated": 6648, "pvz_count": 4, "pvz_per_10k_people": 6.0168471720818291 }, "geometry": { "type": "Polygon", "coordinates": [ [ [ 484656.446248812309932, 6208876.757586140185595 ], [ 484582.281304793956224, 6208328.519305306486785 ], [ 485012.344843180675525, 6207972.088533589616418 ], [ 485516.55029284383636, 6208163.902634439058602 ], [ 485590.698817672964651, 6208712.124015416018665 ], [ 485160.658310477563646, 6209068.548193478956819 ], [ 484656.446248812309932, 6208876.757586140185595 ] ] ] } },
{ "type": "Feature", "properties": { "h3_id": "880b9a741bfffff", "h3_resolution": 8, "center_lat": 56.01816275517205, "center_lng": 92.874919483773184, "district_name": "Центральный район", "total_levels": 447.0, "district_total_levels": 8464.0, "population_2020": 86061, "population_estimated": 4545, "pvz_count": 3, "pvz_per_10k_people": 6.6006600660066006 }, "geometry": { "type": "Polygon", "coordinates": [ [ [ 491772.801546825969126, 6208464.43654483743012 ], [ 491698.762817309179809, 6207916.349044484086335 ], [ 492128.631239907292183, 6207560.026138844899833 ], [ 492632.515381747449283, 6207751.797315610572696 ], [ 492706.53771752526518, 6208299.867923194542527 ], [ 492276.692303654388525, 6208656.184244864620268 ], [ 491772.801546825969126, 6208464.43654483743012 ] ] ] } },
{ "type": "Feature", "properties": { "h3_id": "880b9a0ca7fffff", "h3_resolution": 8, "center_lat": 55.989790018834775, "center_lng": 92.699595552588548, "district_name": "Октябрьский район", "total_levels": 45.0, "district_total_levels": 17839.0, "population_2020": 186772, "population_estimated": 471, "pvz_count": 0, "pvz_per_10k_people": 0.0 }, "geometry": { "type": "Polygon", "coordinates": [ [ [ 480829.328149793902412, 6205340.448199289850891 ], [ 480755.090347262856085, 6204792.030541634187102 ], [ 481185.293611061410047, 6204435.552460360340774 ], [ 481689.711639286775608, 6204627.498582746833563 ], [ 481763.933052736276295, 6205175.899313448928297 ], [ 481333.752825496019796, 6205532.37084679491818 ], [ 480829.328149793902412, 6205340.448199289850891 ] ] ] } },
{ "type": "Feature", "properties": { "h3_id": "880b9a2955fffff", "h3_resolution": 8, "center_lat": 56.091313052674039, "center_lng": 92.976808126499904, "district_name": "Советский район", "total_levels": 0.0, "district_total_levels": 14302.0, "population_2020": 368563, "population_estimated": 0, "pvz_count": 0, "pvz_per_10k_people": 0.0 }, "geometry": { "type": "Polygon", "coordinates": [ [ [ 498127.37759767472744, 6216599.051110023632646 ], [ 498053.464782541850582, 6216051.321714332327247 ], [ 498483.080134161398746, 6215695.071764428168535 ], [ 498986.585295669967309, 6215886.557898622006178 ], [ 499060.481641173013486, 6216434.270460568368435 ], [ 498630.889293251326308, 6216790.513720157556236 ], [ 498127.37759767472744, 6216599.051110023632646 ] ] ] } },
{ "type": "Feature", "properties": { "h3_id": "880b9a6667fffff", "h3_resolution": 8, "center_lat": 56.001962169626296, "center_lng": 93.039603798296255, "district_name": "Ленинский район", "total_levels": 278.0, "district_total_levels": 4826.0, "population_2020": 156777, "population_estimated": 9031, "pvz_count": 2, "pvz_per_10k_people": 2.2145941756173184 }, "geometry": { "type": "Polygon", "coordinates": [ [ [ 502040.287170388852246, 6206654.843422999605536 ], [ 501966.42851763672661, 6206106.941729512065649 ], [ 502396.025544573320076, 6205750.777900975197554 ], [ 502899.458248699607793, 6205942.522317593917251 ], [ 502973.300558582996018, 6206490.407121033407748 ], [ 502543.72650566365337, 6206846.564395987428725 ], [ 502040.287170388852246, 6206654.843422999605536 ] ] ] } },
{ "type": "Feature", "properties": { "h3_id": "880b9a2b0dfffff", "h3_resolution": 8, "center_lat": 56.085377789249648, "center_lng": 92.883257891653429, "district_name": "Центральный район", "total_levels": 0.0, "district_total_levels": 8464.0, "population_2020": 86061, "population_estimated": 0, "pvz_count": 0, "pvz_per_10k_people": 0.0 }, "geometry": { "type": "Polygon", "coordinates": [ [ [ 492305.334145174711011, 6215944.448094569146633 ], [ 492231.315983565873466, 6215396.56926067173481 ], [ 492661.100169397308491, 6215040.233749569393694 ], [ 493164.879494925728068, 6215231.783755323849618 ], [ 493238.881177470553666, 6215779.645743546076119 ], [ 492809.120012000319548, 6216135.974569780752063 ], [ 492305.334145174711011, 6215944.448094569146633 ] ] ] } },
{ "type": "Feature", "properties": { "h3_id": "880b9a75edfffff", "h3_resolution": 8, "center_lat": 55.950253734253074, "center_lng": 92.950624518202744, "district_name": "Свердловский район", "total_levels": 0.0, "district_total_levels": 8998.0, "population_2020": 163470, "population_estimated": 0, "pvz_count": 0, "pvz_per_10k_people": 0.0 }, "geometry": { "type": "Polygon", "coordinates": [ [ [ 496486.806365117314272, 6200900.316782324574888 ], [ 496412.840117306390312, 6200352.139053876511753 ], [ 496842.645699415763374, 6199995.908665032126009 ], [ 497346.394547029223759, 6200187.862481540068984 ], [ 497420.34450271318201, 6200736.023276844061911 ], [ 496990.561901368200779, 6201092.24718685913831 ], [ 496486.806365117314272, 6200900.316782324574888 ] ] ] } },
{ "type": "Feature", "properties": { "h3_id": "880b9a2b27fffff", "h3_resolution": 8, "center_lat": 56.072850584357205, "center_lng": 92.933996001704656, "district_name": "Советский район", "total_levels": 102.0, "district_total_levels": 14302.0, "population_2020": 368563, "population_estimated": 2629, "pvz_count": 0, "pvz_per_10k_people": 0.0 }, "geometry": { "type": "Polygon", "coordinates": [ [ [ 495461.520322962780483, 6214545.956674080342054 ], [ 495387.556575203023385, 6213998.112626979127526 ], [ 495817.265528667659964, 6213641.828220685943961 ], [ 496320.915220109862275, 6213833.394523703493178 ], [ 496394.862514252192341, 6214381.22172072250396 ], [ 495965.176569020957686, 6214737.499462896957994 ], [ 495461.520322962780483, 6214545.956674080342054 ] ] ] } },
{ "type": "Feature", "properties": { "h3_id": "880b9a75d3fffff", "h3_resolution": 8, "center_lat": 56.002702106993553, "center_lng": 92.955524449360141, "district_name": "Кировский район", "total_levels": 387.0, "district_total_levels": 5412.0, "population_2020": 125182, "population_estimated": 8951, "pvz_count": 3, "pvz_per_10k_people": 3.3515808289576583 }, "geometry": { "type": "Polygon", "coordinates": [ [ [ 496796.614330298674759, 6206737.460143147036433 ], [ 496722.662475030578207, 6206189.441541216336191 ], [ 497152.406001650320832, 6205833.198857096023858 ], [ 497656.078391729388386, 6206024.981330689042807 ], [ 497730.013887922395952, 6206572.983035973273218 ], [ 497300.293351565429475, 6206929.219162388704717 ], [ 496796.614330298674759, 6206737.460143147036433 ] ] ] } },
{ "type": "Feature", "properties": { "h3_id": "880b9a293bfffff", "h3_resolution": 8, "center_lat": 56.093511214430556, "center_lng": 93.031072542054915, "district_name": "Советский район", "total_levels": 0.0, "district_total_levels": 14302.0, "population_2020": 368563, "population_estimated": 0, "pvz_count": 0, "pvz_per_10k_people": 0.0 }, "geometry": { "type": "Polygon", "coordinates": [ [ [ 501503.733200515678618, 6216843.846957863308489 ], [ 501429.881317042454612, 6216296.200669725425541 ], [ 501859.399879679316655, 6215940.000703057274222 ], [ 502362.747330468846485, 6216131.453714276663959 ], [ 502436.582751370675396, 6216679.083174750208855 ], [ 502007.087182506104, 6217035.276449763216078 ], [ 501503.733200515678618, 6216843.846957863308489 ] ] ] } },
{ "type": "Feature", "properties": { "h3_id": "880b9a2b39fffff", "h3_resolution": 8, "center_lat": 56.097209856939394, "center_lng": 92.916799693627397, "district_name": "Советский район", "total_levels": 0.0, "district_total_levels": 14302.0, "population_2020": 368563, "population_estimated": 0, "pvz_count": 0, "pvz_per_10k_people": 0.0 }, "geometry": { "type": "Polygon", "coordinates": [ [ [ 494394.30533920682501, 6217258.294054422527552 ], [ 494320.326599130406976, 6216710.497321386821568 ], [ 494750.040205661789514, 6216354.189627350308001 ], [ 495253.709534428373445, 6216545.685365853831172 ], [ 495327.671786303864792, 6217093.465264198370278 ], [ 494897.981196063454263, 6217449.766256823204458 ], [ 494394.30533920682501, 6217258.294054422527552 ] ] ] } },
{ "type": "Feature", "properties": { "h3_id": "880b9a7401fffff", "h3_resolution": 8, "center_lat": 55.9886060696115, "center_lng": 92.867894400964914, "district_name": "Свердловский район", "total_levels": 469.0, "district_total_levels": 8998.0, "population_2020": 163470, "population_estimated": 8520, "pvz_count": 6, "pvz_per_10k_people": 7.042253521126761 }, "geometry": { "type": "Polygon", "coordinates": [ [ [ 491328.537362024537288, 6205175.671287821605802 ], [ 491254.485920379287563, 6204627.487737515941262 ], [ 491684.397101222013589, 6204271.167544024065137 ], [ 492188.336717940168455, 6204463.037438604980707 ], [ 492262.371802797541022, 6205011.204075184650719 ], [ 491832.483626178465784, 6205367.517728988081217 ], [ 491328.537362024537288, 6205175.671287821605802 ] ] ] } },
{ "type": "Feature", "properties": { "h3_id": "880b9a2929fffff", "h3_resolution": 8, "center_lat": 56.065469044861082, "center_lng": 93.008948486295054, "district_name": "Ленинский район", "total_levels": 0.0, "district_total_levels": 4826.0, "population_2020": 156777, "population_estimated": 0, "pvz_count": 0, "pvz_per_10k_people": 0.0 }, "geometry": { "type": "Polygon", "coordinates": [ [ [ 500127.57491065049544, 6213722.402237799949944 ], [ 500053.693384597077966, 6213174.642438711598516 ], [ 500483.279299553541932, 6212818.430242704227567 ], [ 500986.723746543517336, 6213009.98449414037168 ], [ 501060.58884216833394, 6213557.727444347925484 ], [ 500631.025919684383553, 6213913.932990087196231 ], [ 500127.57491065049544, 6213722.402237799949944 ] ] ] } },
{ "type": "Feature", "properties": { "h3_id": "880b9a2967fffff", "h3_resolution": 8, "center_lat": 56.058826658953564, "center_lng": 92.99967577735211, "district_name": "Советский район", "total_levels": 0.0, "district_total_levels": 14302.0, "population_2020": 368563, "population_estimated": 0, "pvz_count": 0, "pvz_per_10k_people": 0.0 }, "geometry": { "type": "Polygon", "coordinates": [ [ [ 499550.207878281187732, 6212983.085776128806174 ], [ 499476.314854762866162, 6212435.293420768342912 ], [ 499905.923762651334982, 6212079.074584147892892 ], [ 500409.402699578087777, 6212270.654741588979959 ], [ 500483.279299553541932, 6212818.430242704227567 ], [ 500053.693384597077966, 6213174.642438711598516 ], [ 499550.207878281187732, 6212983.085776128806174 ] ] ] } },
{ "type": "Feature", "properties": { "h3_id": "880b9a75c1fffff", "h3_resolution": 8, "center_lat": 55.974623387289178, "center_lng": 92.933488588114074, "district_name": "Свердловский район", "total_levels": 281.0, "district_total_levels": 8998.0, "population_2020": 163470, "population_estimated": 5105, "pvz_count": 0, "pvz_per_10k_people": 0.0 }, "geometry": { "type": "Polygon", "coordinates": [ [ [ 495419.307563824462704, 6203613.496434546075761 ], [ 495345.326480537187308, 6203065.365046908147633 ], [ 495775.137274723849259, 6202709.110703529790044 ], [ 496278.906161750725005, 6202900.994262059219182 ], [ 496352.87091826996766, 6203449.108731864020228 ], [ 495923.083112987224013, 6203805.356559051200747 ], [ 495419.307563824462704, 6203613.496434546075761 ] ] ] } },
{ "type": "Feature", "properties": { "h3_id": "880b9a0cb9fffff", "h3_resolution": 8, "center_lat": 56.014137436996052, "center_lng": 92.682278139092773, "district_name": "Октябрьский район", "total_levels": 0.0, "district_total_levels": 17839.0, "population_2020": 186772, "population_estimated": 0, "pvz_count": 0, "pvz_per_10k_people": 0.0 }, "geometry": { "type": "Polygon", "coordinates": [ [ [ 479761.453599618806038, 6208055.089586303569376 ], [ 479687.200365435273852, 6207506.718646397814155 ], [ 480117.408121453423519, 6207150.216798765584826 ], [ 480621.846065470483154, 6207342.092474460601807 ], [ 480696.082875852298457, 6207890.446502782404423 ], [ 480265.898164469574112, 6208246.941765074618161 ], [ 479761.453599618806038, 6208055.089586303569376 ] ] ] } },
{ "type": "Feature", "properties": { "h3_id": "880b9a742dfffff", "h3_resolution": 8, "center_lat": 55.96424243320633, "center_lng": 92.885079187708172, "district_name": "Свердловский район", "total_levels": 0.0, "district_total_levels": 8998.0, "population_2020": 163470, "population_estimated": 0, "pvz_count": 0, "pvz_per_10k_people": 0.0 }, "geometry": { "type": "Polygon", "coordinates": [ [ [ 492396.126610769133549, 6202462.137401429004967 ], [ 492322.09016384993447, 6201913.907383322715759 ], [ 492751.996335910225753, 6201557.611075554974377 ], [ 493255.915957239805721, 6201749.551286292262375 ], [ 493329.936082030355465, 6202297.764375348575413 ], [ 492900.052906073571648, 6202654.054180797189474 ], [ 492396.126610769133549, 6202462.137401429004967 ] ] ] } },
{ "type": "Feature", "properties": { "h3_id": "880b9a2b65fffff", "h3_resolution": 8, "center_lat": 56.062487046136752, "center_lng": 92.885474912605233, "district_name": "Центральный район", "total_levels": 18.0, "district_total_levels": 8464.0, "population_2020": 86061, "population_estimated": 183, "pvz_count": 1, "pvz_per_10k_people": 54.644808743169399 }, "geometry": { "type": "Polygon", "coordinates": [ [ [ 492439.054337603098247, 6213396.501612874679267 ], [ 492365.0347818104201, 6212848.55868858192116 ], [ 492794.838912055478431, 6212492.232083258219063 ], [ 493298.63958109752275, 6212683.855050647631288 ], [ 493372.642687794053927, 6213231.781113644130528 ], [ 492942.861572993861046, 6213588.10106863360852 ], [ 492439.054337603098247, 6213396.501612874679267 ] ] ] } },
{ "type": "Feature", "properties": { "h3_id": "880b9a762bfffff", "h3_resolution": 8, "center_lat": 55.989226569192326, "center_lng": 92.783764292365206, "district_name": "Октябрьский район", "total_levels": 271.0, "district_total_levels": 17839.0, "population_2020": 186772, "population_estimated": 2837, "pvz_count": 1, "pvz_per_10k_people": 3.5248501938667607 }, "geometry": { "type": "Polygon", "coordinates": [ [ [ 486080.061935483827256, 6205258.035222531296313 ], [ 486005.917330578027759, 6204709.734642785973847 ], [ 486435.974660621432122, 6204353.335522641427815 ], [ 486940.15357361221686, 6204545.24352413136512 ], [ 487014.281805573904421, 6205093.527183539234102 ], [ 486584.247495939547662, 6205449.919759876094759 ], [ 486080.061935483827256, 6205258.035222531296313 ] ] ] } },
{ "type": "Feature", "properties": { "h3_id": "880b9a6655fffff", "h3_resolution": 8, "center_lat": 56.034458228474719, "center_lng": 93.016801850991456, "district_name": "Ленинский район", "total_levels": 33.0, "district_total_levels": 4826.0, "population_2020": 156777, "population_estimated": 1072, "pvz_count": 0, "pvz_per_10k_people": 0.0 }, "geometry": { "type": "Polygon", "coordinates": [ [ [ 500617.365350468782708, 6210271.0286247106269 ], [ 500543.487098526849877, 6209723.18927900865674 ], [ 500973.091008773888461, 6209366.993930042721331 ], [ 501476.550184579158667, 6209558.644528186880052 ], [ 501550.412047547695693, 6210106.46700428891927 ], [ 501120.831122140341904, 6210462.655749932862818 ], [ 500617.365350468782708, 6210271.0286247106269 ] ] ] } },
{ "type": "Feature", "properties": { "h3_id": "880b9a7595fffff", "h3_resolution": 8, "center_lat": 55.991630434020131, "center_lng": 92.9911641468737, "district_name": "Кировский район", "total_levels": 638.0, "district_total_levels": 5412.0, "population_2020": 125182, "population_estimated": 14757, "pvz_count": 4, "pvz_per_10k_people": 2.7105780307650607 }, "geometry": { "type": "Polygon", "coordinates": [ [ [ 499019.122727845679037, 6205504.319390596821904 ], [ 498945.20850795856677, 6204956.319050864316523 ], [ 499374.900930210016668, 6204600.113215991295874 ], [ 499878.4845895615872, 6204791.914258672855794 ], [ 499952.38247115467675, 6205339.897697144187987 ], [ 499522.713030145619996, 6205696.096992278471589 ], [ 499019.122727845679037, 6205504.319390596821904 ] ] ] } },
{ "type": "Feature", "properties": { "h3_id": "880b9a7459fffff", "h3_resolution": 8, "center_lat": 56.007764892161923, "center_lng": 92.826460319994368, "district_name": "Железнодорожный район", "total_levels": 300.0, "district_total_levels": 3954.0, "population_2020": 100946, "population_estimated": 7659, "pvz_count": 0, "pvz_per_10k_people": 0.0 }, "geometry": { "type": "Polygon", "coordinates": [ [ [ 488748.929267384286504, 6207313.751981878653169 ], [ 488674.8350212238729, 6206765.565711886622012 ], [ 489104.798691682051867, 6206409.200724619440734 ], [ 489608.833590830385219, 6206601.028575553558767 ], [ 489682.911447855702136, 6207149.197941552847624 ], [ 489252.970793319633231, 6207505.55635869409889 ], [ 488748.929267384286504, 6207313.751981878653169 ] ] ] } },
{ "type": "Feature", "properties": { "h3_id": "880b9a7657fffff", "h3_resolution": 8, "center_lat": 56.015030193332223, "center_lng": 92.751507740239802, "district_name": "Октябрьский район", "total_levels": 1008.0, "district_total_levels": 17839.0, "population_2020": 186772, "population_estimated": 10554, "pvz_count": 0, "pvz_per_10k_people": 0.0 }, "geometry": { "type": "Polygon", "coordinates": [ [ [ 484078.034887387708295, 6208136.70277448091656 ], [ 484003.858626201981679, 6207588.431980827823281 ], [ 484433.945196225831751, 6207231.994625148363411 ], [ 484938.184994246228598, 6207423.834645164199173 ], [ 485012.344843180675525, 6207972.088533589616418 ], [ 484582.281304793956224, 6208328.519305306486785 ], [ 484078.034887387708295, 6208136.70277448091656 ] ] ] } },
{ "type": "Feature", "properties": { "h3_id": "880b9a6629fffff", "h3_resolution": 8, "center_lat": 56.008604078038083, "center_lng": 93.048868442783842, "district_name": "Ленинский район", "total_levels": 95.0, "district_total_levels": 4826.0, "population_2020": 156777, "population_estimated": 3086, "pvz_count": 3, "pvz_per_10k_people": 9.7213220998055743 }, "geometry": { "type": "Polygon", "coordinates": [ [ [ 502617.573693501821253, 6207394.43365038279444 ], [ 502543.72650566365337, 6206846.564395987428725 ], [ 502973.300558582996018, 6206490.407121033407748 ], [ 503476.698824230581522, 6206682.125661814585328 ], [ 503550.529662296699826, 6207229.978031517937779 ], [ 503120.978582942800131, 6207586.128743212670088 ], [ 502617.573693501821253, 6207394.43365038279444 ] ] ] } },
{ "type": "Feature", "properties": { "h3_id": "880b9a7485fffff", "h3_resolution": 8, "center_lat": 56.027068260478352, "center_lng": 92.93837066761337, "district_name": "Советский район", "total_levels": 0.0, "district_total_levels": 14302.0, "population_2020": 368563, "population_estimated": 0, "pvz_count": 0, "pvz_per_10k_people": 0.0 }, "geometry": { "type": "Polygon", "coordinates": [ [ [ 495729.259024873725139, 6209450.197901012375951 ], [ 495655.292293570644688, 6208902.226053559221327 ], [ 496085.04081932362169, 6208545.959701532498002 ], [ 496588.733076467062347, 6208737.671790078282356 ], [ 496662.683414081984665, 6209285.626756228506565 ], [ 496232.957886698131915, 6209641.886513222008944 ], [ 495729.259024873725139, 6209450.197901012375951 ] ] ] } },
{ "type": "Feature", "properties": { "h3_id": "880b9a392bfffff", "h3_resolution": 8, "center_lat": 56.04604765239182, "center_lng": 92.743453946304712, "district_name": "Октябрьский район", "total_levels": 402.0, "district_total_levels": 17839.0, "population_2020": 186772, "population_estimated": 4209, "pvz_count": 0, "pvz_per_10k_people": 0.0 }, "geometry": { "type": "Polygon", "coordinates": [ [ [ 483588.772091395279858, 6211590.718079732730985 ], [ 483514.591820923262276, 6211042.526753106154501 ], [ 483944.659850316005759, 6210686.07239568606019 ], [ 484448.8851093731937, 6210877.815994004718959 ], [ 484523.048925977549516, 6211425.990436158142984 ], [ 484093.003935843182262, 6211782.438162548467517 ], [ 483588.772091395279858, 6211590.718079732730985 ] ] ] } },
{ "type": "Feature", "properties": { "h3_id": "880b9a74b1fffff", "h3_resolution": 8, "center_lat": 56.038892130227651, "center_lng": 92.971872344619626, "district_name": "Советский район", "total_levels": 0.0, "district_total_levels": 14302.0, "population_2020": 368563, "population_estimated": 0, "pvz_count": 0, "pvz_per_10k_people": 0.0 }, "geometry": { "type": "Polygon", "coordinates": [ [ [ 497817.830969667178579, 6210764.785654184408486 ], [ 497743.903523022076115, 6210216.8956982139498 ], [ 498173.581412459316198, 6209860.656997745856643 ], [ 498677.163752689084504, 6210052.314862951636314 ], [ 498751.074796468135901, 6210600.18794858828187 ], [ 498321.419901338987984, 6210956.420037440024316 ], [ 497817.830969667178579, 6210764.785654184408486 ] ] ] } },
{ "type": "Feature", "properties": { "h3_id": "880b9a773bfffff", "h3_resolution": 8, "center_lat": 55.95383939791401, "center_lng": 92.836681276228376, "district_name": "Свердловский район", "total_levels": 0.0, "district_total_levels": 8998.0, "population_2020": 163470, "population_estimated": 0, "pvz_count": 0, "pvz_per_10k_people": 0.0 }, "geometry": { "type": "Polygon", "coordinates": [ [ [ 489372.041516586439684, 6201310.43839643523097 ], [ 489297.949789576930925, 6200762.109749739989638 ], [ 489727.95132706296863, 6200405.771491681225598 ], [ 490232.021586722286884, 6200597.768366812728345 ], [ 490306.096996269887313, 6201146.08007322717458 ], [ 489876.118462076061405, 6201502.41184286493808 ], [ 489372.041516586439684, 6201310.43839643523097 ] ] ] } },
{ "type": "Feature", "properties": { "h3_id": "880ab49349fffff", "h3_resolution": 8, "center_lat": 56.115578470319072, "center_lng": 93.113204658421637, "district_name": "Советский район", "total_levels": 0.0, "district_total_levels": 14302.0, "population_2020": 368563, "population_estimated": 0, "pvz_count": 0, "pvz_per_10k_people": 0.0 }, "geometry": { "type": "Polygon", "coordinates": [ [ [ 506609.894609478360508, 6219305.182483557611704 ], [ 506536.13844401598908, 6218757.717154767364264 ], [ 506965.491198326693848, 6218401.587266352027655 ], [ 507468.577134119812399, 6218592.929426717571914 ], [ 507542.316823514585849, 6219140.37795000616461 ], [ 507112.987051633826923, 6219496.501116525381804 ], [ 506609.894609478360508, 6219305.182483557611704 ] ] ] } },
{ "type": "Feature", "properties": { "h3_id": "880b9a7511fffff", "h3_resolution": 8, "center_lat": 55.953190548573559, "center_lng": 92.920718000685739, "district_name": "Свердловский район", "total_levels": 0.0, "district_total_levels": 8998.0, "population_2020": 163470, "population_estimated": 0, "pvz_count": 0, "pvz_per_10k_people": 0.0 }, "geometry": { "type": "Polygon", "coordinates": [ [ [ 494619.532816110178828, 6201228.939872531220317 ], [ 494545.533970210584812, 6200680.728277031332254 ], [ 494975.389016469707713, 6200324.468925566412508 ], [ 495479.219920007511973, 6200516.427652017213404 ], [ 495553.202464556437917, 6201064.622313860803843 ], [ 495123.37040537543362, 6201420.875180987641215 ], [ 494619.532816110178828, 6201228.939872531220317 ] ] ] } },
{ "type": "Feature", "properties": { "h3_id": "880b9a74ddfffff", "h3_resolution": 8, "center_lat": 56.046247736141765, "center_lng": 92.896945917865764, "district_name": "Советский район", "total_levels": 510.0, "district_total_levels": 14302.0, "population_2020": 368563, "population_estimated": 13143, "pvz_count": 5, "pvz_per_10k_people": 3.8043064749296205 }, "geometry": { "type": "Polygon", "coordinates": [ [ [ 493150.626940841728356, 6211587.954661536030471 ], [ 493076.617410401173402, 6211039.980350246652961 ], [ 493506.418401378963608, 6210683.669384133070707 ], [ 494010.205911184311844, 6210875.339352841489017 ], [ 494084.199015603691805, 6211423.296792578883469 ], [ 493654.421034689934459, 6211779.601133242249489 ], [ 493150.626940841728356, 6211587.954661536030471 ] ] ] } },
{ "type": "Feature", "properties": { "h3_id": "880b9a0d9dfffff", "h3_resolution": 8, "center_lat": 55.9668817243885, "center_lng": 92.701908257033224, "district_name": "Свердловский район", "total_levels": 0.0, "district_total_levels": 8998.0, "population_2020": 163470, "population_estimated": 0, "pvz_count": 0, "pvz_per_10k_people": 0.0 }, "geometry": { "type": "Polygon", "coordinates": [ [ [ 480962.589471448154654, 6202790.204952112399042 ], [ 480888.350679763476364, 6202241.723831522278488 ], [ 481318.573901600204408, 6201885.255154100246727 ], [ 481823.012881972186733, 6202077.274108615703881 ], [ 481897.235314688005019, 6202625.738286648876965 ], [ 481467.035124453308526, 6202982.200450801290572 ], [ 480962.589471448154654, 6202790.204952112399042 ] ] ] } },
{ "type": "Feature", "properties": { "h3_id": "880b9a76e3fffff", "h3_resolution": 8, "center_lat": 56.030663855893422, "center_lng": 92.824213763542048, "district_name": "Железнодорожный район", "total_levels": 292.0, "district_total_levels": 3954.0, "population_2020": 100946, "population_estimated": 7455, "pvz_count": 2, "pvz_per_10k_people": 2.6827632461435278 }, "geometry": { "type": "Polygon", "coordinates": [ [ [ 488615.348588507738896, 6209862.71135794557631 ], [ 488541.255598980467767, 6209314.58880359120667 ], [ 488971.199393659771886, 6208958.214626989327371 ], [ 489475.213155456178356, 6209149.969607541337609 ], [ 489549.289725816808641, 6209698.075273512862623 ], [ 489119.368951999873389, 6210054.442845391109586 ], [ 488615.348588507738896, 6209862.71135794557631 ] ] ] } },
{ "type": "Feature", "properties": { "h3_id": "880b9a74e5fffff", "h3_resolution": 8, "center_lat": 56.005643373804453, "center_lng": 92.925582241245408, "district_name": "Кировский район", "total_levels": 101.0, "district_total_levels": 5412.0, "population_2020": 125182, "population_estimated": 2336, "pvz_count": 0, "pvz_per_10k_people": 0.0 }, "geometry": { "type": "Polygon", "coordinates": [ [ [ 494929.61810931871878, 6207066.450446245260537 ], [ 494855.633522030082531, 6206518.398050280287862 ], [ 495285.426389813190326, 6206162.126436861231923 ], [ 495789.180846767907497, 6206353.913780725561082 ], [ 495863.149065736215562, 6206901.949279547668993 ], [ 495433.379194526234642, 6207258.214329735375941 ], [ 494929.61810931871878, 6207066.450446245260537 ] ] ] } },
{ "type": "Feature", "properties": { "h3_id": "880b9a7509fffff", "h3_resolution": 8, "center_lat": 55.93321643351775, "center_lng": 92.893008936349219, "district_name": "Свердловский район", "total_levels": 0.0, "district_total_levels": 8998.0, "population_2020": 163470, "population_estimated": 0, "pvz_count": 0, "pvz_per_10k_people": 0.0 }, "geometry": { "type": "Polygon", "coordinates": [ [ [ 492885.783540911448654, 6199008.246887987479568 ], [ 492811.750710125255864, 6198459.938269822858274 ], [ 493241.674720274924766, 6198103.659523564390838 ], [ 493745.608571265882347, 6198295.69584876857698 ], [ 493819.625121539458632, 6198843.987517211586237 ], [ 493389.724099792772904, 6199200.259808249771595 ], [ 492885.783540911448654, 6199008.246887987479568 ] ] ] } },
{ "type": "Feature", "properties": { "h3_id": "880b9a0d95fffff", "h3_resolution": 8, "center_lat": 55.965439437588152, "center_lng": 92.716891691818716, "district_name": "Свердловский район", "total_levels": 0.0, "district_total_levels": 8998.0, "population_2020": 163470, "population_estimated": 0, "pvz_count": 0, "pvz_per_10k_people": 0.0 }, "geometry": { "type": "Polygon", "coordinates": [ [ [ 481897.235314688005019, 6202625.738286648876965 ], [ 481823.012881972186733, 6202077.274108615703881 ], [ 482253.211511799308937, 6201720.819924888201058 ], [ 482757.609544334816746, 6201912.836427779868245 ], [ 482831.815622694499325, 6202461.283663512207568 ], [ 482401.640021328988951, 6202817.731336731463671 ], [ 481897.235314688005019, 6202625.738286648876965 ] ] ] } },
{ "type": "Feature", "properties": { "h3_id": "880b9a76b7fffff", "h3_resolution": 8, "center_lat": 56.047713716698723, "center_lng": 92.88195405920618, "district_name": "Центральный район", "total_levels": 323.0, "district_total_levels": 8464.0, "population_2020": 86061, "population_estimated": 3284, "pvz_count": 3, "pvz_per_10k_people": 9.1352009744214371 }, "geometry": { "type": "Polygon", "coordinates": [ [ [ 492216.98926180053968, 6211752.624566375277936 ], [ 492142.963300705712754, 6211204.633383293636143 ], [ 492572.78888238617219, 6210848.307962076738477 ], [ 493076.617410401173402, 6211039.980350246652961 ], [ 493150.626940841728356, 6211587.954661536030471 ], [ 492720.824372372590005, 6211944.273454532958567 ], [ 492216.98926180053968, 6211752.624566375277936 ] ] ] } },
{ "type": "Feature", "properties": { "h3_id": "880b9a74b9fffff", "h3_resolution": 8, "center_lat": 56.040366676245682, "center_lng": 92.956891446706678, "district_name": "Советский район", "total_levels": 60.0, "district_total_levels": 14302.0, "population_2020": 368563, "population_estimated": 1546, "pvz_count": 0, "pvz_per_10k_people": 0.0 }, "geometry": { "type": "Polygon", "coordinates": [ [ [ 496884.521463095443323, 6210929.395390309393406 ], [ 496810.577608952997252, 6210381.488563761115074 ], [ 497240.280138422036543, 6210025.23541148006916 ], [ 497743.903523022076115, 6210216.8956982139498 ], [ 497817.830969667178579, 6210764.785654184408486 ], [ 497388.151437660970259, 6211121.032192084006965 ], [ 496884.521463095443323, 6210929.395390309393406 ] ] ] } },
{ "type": "Feature", "properties": { "h3_id": "880b9a7733fffff", "h3_resolution": 8, "center_lat": 55.952381684818924, "center_lng": 92.851645213916726, "district_name": "Свердловский район", "total_levels": 0.0, "district_total_levels": 8998.0, "population_2020": 163470, "population_estimated": 0, "pvz_count": 0, "pvz_per_10k_people": 0.0 }, "geometry": { "type": "Polygon", "coordinates": [ [ [ 490306.096996269887313, 6201146.08007322717458 ], [ 490232.021586722286884, 6200597.768366812728345 ], [ 490661.998443195130676, 6200241.444596472196281 ], [ 491166.027707531873602, 6200433.439016287215054 ], [ 491240.086804230988491, 6200981.733782676979899 ], [ 490810.132947897072881, 6201338.051067353226244 ], [ 490306.096996269887313, 6201146.08007322717458 ] ] ] } },
{ "type": "Feature", "properties": { "h3_id": "880b9a3933fffff", "h3_resolution": 8, "center_lat": 56.066043978407585, "center_lng": 92.7711875735381, "district_name": "Октябрьский район", "total_levels": 23.0, "district_total_levels": 17839.0, "population_2020": 186772, "population_estimated": 241, "pvz_count": 0, "pvz_per_10k_people": 0.0 }, "geometry": { "type": "Polygon", "coordinates": [ [ [ 485323.837154077889863, 6213810.178999090567231 ], [ 485249.690947087015957, 6213262.085430267266929 ], [ 485679.689860067795962, 6212905.650994976982474 ], [ 486183.811940590676386, 6213097.316786664538085 ], [ 486257.941672948072664, 6213645.393487133085728 ], [ 485827.965797863958869, 6214001.821262354962528 ], [ 485323.837154077889863, 6213810.178999090567231 ] ] ] } },
{ "type": "Feature", "properties": { "h3_id": "880b9a748dfffff", "h3_resolution": 8, "center_lat": 56.028538502674813, "center_lng": 92.92339018041001, "district_name": "Советский район", "total_levels": 254.0, "district_total_levels": 14302.0, "population_2020": 368563, "population_estimated": 6546, "pvz_count": 2, "pvz_per_10k_people": 3.0553009471432935 }, "geometry": { "type": "Polygon", "coordinates": [ [ [ 494795.768972174089868, 6209614.781077737919986 ], [ 494721.785842554818373, 6209066.792348735965788 ], [ 495151.559004787472077, 6208710.511538702994585 ], [ 495655.292293570644688, 6208902.226053559221327 ], [ 495729.259024873725139, 6209450.197901012375951 ], [ 495299.508864164701663, 6209806.472113243304193 ], [ 494795.768972174089868, 6209614.781077737919986 ] ] ] } },
{ "type": "Feature", "properties": { "h3_id": "880b9a3907fffff", "h3_resolution": 8, "center_lat": 56.054163542916079, "center_lng": 92.737685869273633, "district_name": "Октябрьский район", "total_levels": 263.0, "district_total_levels": 17839.0, "population_2020": 186772, "population_estimated": 2754, "pvz_count": 2, "pvz_per_10k_people": 7.2621641249092228 }, "geometry": { "type": "Polygon", "coordinates": [ [ [ 483232.887989496230148, 6212495.355901337228715 ], [ 483158.702596476883627, 6211947.180269910953939 ], [ 483588.772091395279858, 6211590.718079732730985 ], [ 484093.003935843182262, 6211782.438162548467517 ], [ 484167.172863436629996, 6212330.596914631314576 ], [ 483737.126410460390616, 6212687.052461325190961 ], [ 483232.887989496230148, 6212495.355901337228715 ] ] ] } },
{ "type": "Feature", "properties": { "h3_id": "880b9a7461fffff", "h3_resolution": 8, "center_lat": 55.967164744587862, "center_lng": 92.855148258011283, "district_name": "Свердловский район", "total_levels": 3.0, "district_total_levels": 8998.0, "population_2020": 163470, "population_estimated": 55, "pvz_count": 0, "pvz_per_10k_people": 0.0 }, "geometry": { "type": "Polygon", "coordinates": [ [ [ 490528.310618985095061, 6202790.919548472389579 ], [ 490454.241513970016968, 6202242.655671501532197 ], [ 490884.197045314882416, 6201886.330399992875755 ], [ 491388.198677721840795, 6202078.275511366315186 ], [ 491462.251451380492654, 6202626.522458779625595 ], [ 491032.318922444363125, 6202982.841222453862429 ], [ 490528.310618985095061, 6202790.919548472389579 ] ] ] } },
{ "type": "Feature", "properties": { "h3_id": "880b9a6621fffff", "h3_resolution": 8, "center_lat": 56.007119750923536, "center_lng": 93.063827859395886, "district_name": "Ленинский район", "total_levels": 48.0, "district_total_levels": 4826.0, "population_2020": 156777, "population_estimated": 1559, "pvz_count": 0, "pvz_per_10k_people": 0.0 }, "geometry": { "type": "Polygon", "coordinates": [ [ [ 503550.529662296699826, 6207229.978031517937779 ], [ 503476.698824230581522, 6206682.125661814585328 ], [ 503906.248148926824797, 6206325.98284169845283 ], [ 504409.605339745874517, 6206517.69894986320287 ], [ 504483.419832666520961, 6207065.53443512134254 ], [ 504053.893478370911907, 6207421.670694741420448 ], [ 503550.529662296699826, 6207229.978031517937779 ] ] ] } },
{ "type": "Feature", "properties": { "h3_id": "880b9a7633fffff", "h3_resolution": 8, "center_lat": 56.009221384938733, "center_lng": 92.811474151649762, "district_name": "Октябрьский район", "total_levels": 480.0, "district_total_levels": 17839.0, "population_2020": 186772, "population_estimated": 5026, "pvz_count": 4, "pvz_per_10k_people": 7.9586152009550339 }, "geometry": { "type": "Polygon", "coordinates": [ [ [ 487814.881501522380859, 6207478.318060172721744 ], [ 487740.770861602970399, 6206930.114885943941772 ], [ 488170.759131761617027, 6206573.735426312312484 ], [ 488674.8350212238729, 6206765.565711886622012 ], [ 488748.929267384286504, 6207313.751981878653169 ], [ 488318.964016294863541, 6207670.124868615530431 ], [ 487814.881501522380859, 6207478.318060172721744 ] ] ] } },
{ "type": "Feature", "properties": { "h3_id": "880b9a2b6dfffff", "h3_resolution": 8, "center_lat": 56.063952188414177, "center_lng": 92.870476056139253, "district_name": "Центральный район", "total_levels": 84.0, "district_total_levels": 8464.0, "population_2020": 86061, "population_estimated": 854, "pvz_count": 0, "pvz_per_10k_people": 0.0 }, "geometry": { "type": "Polygon", "coordinates": [ [ [ 491505.400412158574909, 6213561.234149786643684 ], [ 491431.36440263321856, 6213013.274363952688873 ], [ 491861.193097529758234, 6212656.933307753875852 ], [ 492365.0347818104201, 6212848.55868858192116 ], [ 492439.054337603098247, 6213396.501612874679267 ], [ 492009.248661298537627, 6213752.836015970446169 ], [ 491505.400412158574909, 6213561.234149786643684 ] ] ] } },
{ "type": "Feature", "properties": { "h3_id": "880b9a758dfffff", "h3_resolution": 8, "center_lat": 55.971682223887697, "center_lng": 92.963407267158232, "district_name": "Кировский район", "total_levels": 0.0, "district_total_levels": 5412.0, "population_2020": 125182, "population_estimated": 0, "pvz_count": 0, "pvz_per_10k_people": 0.0 }, "geometry": { "type": "Polygon", "coordinates": [ [ [ 497286.368538054754026, 6203284.73305691499263 ], [ 497212.420103685639333, 6202736.635504689998925 ], [ 497642.18147235782817, 6202380.410108719021082 ], [ 498145.868291268823668, 6202572.288773726671934 ], [ 498219.800408103328664, 6203120.369408621452749 ], [ 497790.062022019410506, 6203476.588293917477131 ], [ 497286.368538054754026, 6203284.73305691499263 ] ] ] } },
{ "type": "Feature", "properties": { "h3_id": "880b9a7435fffff", "h3_resolution": 8, "center_lat": 55.984213521801749, "center_lng": 92.912805818739088, "district_name": "Свердловский район", "total_levels": 20.0, "district_total_levels": 8998.0, "population_2020": 163470, "population_estimated": 363, "pvz_count": 0, "pvz_per_10k_people": 0.0 }, "geometry": { "type": "Polygon", "coordinates": [ [ [ 494129.843689854489639, 6204682.305747635662556 ], [ 494055.841304715839215, 6204134.17293775267899 ], [ 494485.678489800950047, 6203777.896166029386222 ], [ 494989.49506371334428, 6203969.758733672089875 ], [ 495063.481105921673588, 6204517.874630575999618 ], [ 494633.666915603622328, 6204874.144870896823704 ], [ 494129.843689854489639, 6204682.305747635662556 ] ] ] } },
{ "type": "Feature", "properties": { "h3_id": "880b9a7607fffff", "h3_resolution": 8, "center_lat": 55.997344918161978, "center_lng": 92.778012754261724, "district_name": "Октябрьский район", "total_levels": 28.0, "district_total_levels": 17839.0, "population_2020": 186772, "population_estimated": 293, "pvz_count": 0, "pvz_per_10k_people": 0.0 }, "geometry": { "type": "Polygon", "coordinates": [ [ [ 485724.152709124202374, 6206162.727315305732191 ], [ 485650.003029747633263, 6205614.442277421243489 ], [ 486080.061935483827256, 6205258.035222531296313 ], [ 486584.247495939547662, 6205449.919759876094759 ], [ 486658.380790811614133, 6205998.187882545404136 ], [ 486228.344908181403298, 6206354.588381161913276 ], [ 485724.152709124202374, 6206162.727315305732191 ] ] ] } },
{ "type": "Feature", "properties": { "h3_id": "880b9a664dfffff", "h3_resolution": 8, "center_lat": 56.014524317185703, "center_lng": 92.989008766592491, "district_name": "Ленинский район", "total_levels": 77.0, "district_total_levels": 4826.0, "population_2020": 156777, "population_estimated": 2501, "pvz_count": 1, "pvz_per_10k_people": 3.9984006397441023 }, "geometry": { "type": "Polygon", "coordinates": [ [ [ 498885.092134731821716, 6208052.37637195456773 ], [ 498811.179501555743627, 6207504.43957631662488 ], [ 499240.852369051077403, 6207148.224475419148803 ], [ 499744.414881974400487, 6207339.952742546796799 ], [ 499818.311146877182182, 6207887.872652503661811 ], [ 499388.661265583941713, 6208244.081179097294807 ], [ 498885.092134731821716, 6208052.37637195456773 ] ] ] } },
{ "type": "Feature", "properties": { "h3_id": "880b9a7409fffff", "h3_resolution": 8, "center_lat": 55.990066828743018, "center_lng": 92.852919566754778, "district_name": "Свердловский район", "total_levels": 537.0, "district_total_levels": 8998.0, "population_2020": 163470, "population_estimated": 9756, "pvz_count": 8, "pvz_per_10k_people": 8.2000820008200073 }, "geometry": { "type": "Polygon", "coordinates": [ [ [ 490394.637276581139304, 6205340.150534462183714 ], [ 490320.569473527837545, 6204791.95007018558681 ], [ 490750.505299889075104, 6204435.615401445887983 ], [ 491254.485920379287563, 6204627.487737515941262 ], [ 491328.537362024537288, 6205175.671287821605802 ], [ 490898.624543038255069, 6205531.999414109624922 ], [ 490394.637276581139304, 6205340.150534462183714 ] ] ] } },
{ "type": "Feature", "properties": { "h3_id": "880b9a75b9fffff", "h3_resolution": 8, "center_lat": 55.983506523158503, "center_lng": 92.996868059475105, "district_name": "Кировский район", "total_levels": 90.0, "district_total_levels": 5412.0, "population_2020": 125182, "population_estimated": 2082, "pvz_count": 0, "pvz_per_10k_people": 0.0 }, "geometry": { "type": "Polygon", "coordinates": [ [ [ 499374.900930210016668, 6204600.113215991295874 ], [ 499300.991625295719132, 6204052.097367290407419 ], [ 499730.682308034505695, 6203695.899469554424286 ], [ 500234.259315614006482, 6203887.723945902660489 ], [ 500308.152293769526295, 6204435.722888235002756 ], [ 499878.4845895615872, 6204791.914258672855794 ], [ 499374.900930210016668, 6204600.113215991295874 ] ] ] } },
{ "type": "Feature", "properties": { "h3_id": "880b9a0c95fffff", "h3_resolution": 8, "center_lat": 56.022252537513452, "center_lng": 92.676500934074582, "district_name": "Октябрьский район", "total_levels": 5.0, "district_total_levels": 17839.0, "population_2020": 186772, "population_estimated": 52, "pvz_count": 0, "pvz_per_10k_people": 0.0 }, "geometry": { "type": "Polygon", "coordinates": [ [ [ 479405.502769498329144, 6208959.954650372266769 ], [ 479331.244377694732975, 6208411.599326898343861 ], [ 479761.453599618806038, 6208055.089586303569376 ], [ 480265.898164469574112, 6208246.941765074618161 ], [ 480340.140120900352485, 6208795.280182092450559 ], [ 479909.953946301597171, 6209151.783324879594147 ], [ 479405.502769498329144, 6208959.954650372266769 ] ] ] } },
{ "type": "Feature", "properties": { "h3_id": "880b9a669bfffff", "h3_resolution": 8, "center_lat": 56.100824703771167, "center_lng": 93.109604530259972, "district_name": "Советский район", "total_levels": 0.0, "district_total_levels": 14302.0, "population_2020": 368563, "population_estimated": 0, "pvz_count": 0, "pvz_per_10k_people": 0.0 }, "geometry": { "type": "Polygon", "coordinates": [ [ [ 506388.61937727307668, 6217662.738037459552288 ], [ 506314.856479076552205, 6217115.224263712763786 ], [ 506744.230561665026471, 6216759.095382582396269 ], [ 507247.344560690340586, 6216950.48697314132005 ], [ 507321.091001167078502, 6217497.983930896967649 ], [ 506891.73989879200235, 6217854.106112177483737 ], [ 506388.61937727307668, 6217662.738037459552288 ] ] ] } },
{ "type": "Feature", "properties": { "h3_id": "880b9a2943fffff", "h3_resolution": 8, "center_lat": 56.084669165245906, "center_lng": 92.967533263518035, "district_name": "Советский район", "total_levels": 0.0, "district_total_levels": 14302.0, "population_2020": 368563, "population_estimated": 0, "pvz_count": 0, "pvz_per_10k_people": 0.0 }, "geometry": { "type": "Polygon", "coordinates": [ [ [ 497549.918571382935625, 6215859.83317843824625 ], [ 497475.994251705415081, 6215312.071170954033732 ], [ 497905.632607483537868, 6214955.814540385268629 ], [ 498409.172277232341003, 6215147.326596054248512 ], [ 498483.080134161398746, 6215695.071764428168535 ], [ 498053.464782541850582, 6216051.321714332327247 ], [ 497549.918571382935625, 6215859.83317843824625 ] ] ] } },
{ "type": "Feature", "properties": { "h3_id": "880b9a75dbfffff", "h3_resolution": 8, "center_lat": 56.004173595525849, "center_lng": 92.940554440147991, "district_name": "Кировский район", "total_levels": 454.0, "district_total_levels": 5412.0, "population_2020": 125182, "population_estimated": 10501, "pvz_count": 4, "pvz_per_10k_people": 3.8091610322826397 }, "geometry": { "type": "Polygon", "coordinates": [ [ [ 495863.149065736215562, 6206901.949279547668993 ], [ 495789.180846767907497, 6206353.913780725561082 ], [ 496218.949048898823094, 6205997.65663228277117 ], [ 496722.662475030578207, 6206189.441541216336191 ], [ 496796.614330298674759, 6206737.460143147036433 ], [ 496366.86912158987252, 6207093.71073112078011 ], [ 495863.149065736215562, 6206901.949279547668993 ] ] ] } },
{ "type": "Feature", "properties": { "h3_id": "880b9a2b15fffff", "h3_resolution": 8, "center_lat": 56.105328914620834, "center_lng": 92.91106287440077, "district_name": "Советский район", "total_levels": 621.0, "district_total_levels": 14302.0, "population_2020": 368563, "population_estimated": 16003, "pvz_count": 3, "pvz_per_10k_people": 1.8746485034056115 }, "geometry": { "type": "Polygon", "coordinates": [ [ [ 494038.573964310693555, 6218162.390399925410748 ], [ 493964.590213069750462, 6217614.609481940045953 ], [ 494394.30533920682501, 6217258.294054422527552 ], [ 494897.981196063454263, 6217449.766256823204458 ], [ 494971.948447578120977, 6217997.530345250852406 ], [ 494542.256340412772261, 6218353.839058925397694 ], [ 494038.573964310693555, 6218162.390399925410748 ] ] ] } },
{ "type": "Feature", "properties": { "h3_id": "880b9a2917fffff", "h3_resolution": 8, "center_lat": 56.101633257053521, "center_lng": 93.025361420129954, "district_name": "Советский район", "total_levels": 0.0, "district_total_levels": 14302.0, "population_2020": 368563, "population_estimated": 0, "pvz_count": 0, "pvz_per_10k_people": 0.0 }, "geometry": { "type": "Polygon", "coordinates": [ [ [ 501148.069839200528804, 6217747.685152733698487 ], [ 501074.213029858132359, 6217200.054660427384079 ], [ 501503.733200515678618, 6216843.846957863308489 ], [ 502007.087182506104, 6217035.276449763216078 ], [ 502080.927517763397191, 6217582.890119533985853 ], [ 501651.430343568441458, 6217939.091118028387427 ], [ 501148.069839200528804, 6217747.685152733698487 ] ] ] } },
{ "type": "Feature", "properties": { "h3_id": "880b9a75e5fffff", "h3_resolution": 8, "center_lat": 55.948782766722005, "center_lng": 92.965574499769062, "district_name": "Свердловский район", "total_levels": 0.0, "district_total_levels": 8998.0, "population_2020": 163470, "population_estimated": 0, "pvz_count": 0, "pvz_per_10k_people": 0.0 }, "geometry": { "type": "Polygon", "coordinates": [ [ [ 497420.34450271318201, 6200736.023276844061911 ], [ 497346.394547029223759, 6200187.862481540068984 ], [ 497776.175382298242766, 6199831.646573010832071 ], [ 498279.883194105233997, 6200023.59793393779546 ], [ 498353.816862275067251, 6200571.74179635103792 ], [ 497924.059004608949181, 6200927.951228805817664 ], [ 497420.34450271318201, 6200736.023276844061911 ] ] ] } },
{ "type": "Feature", "properties": { "h3_id": "880b9a294dfffff", "h3_resolution": 8, "center_lat": 56.071377702865917, "center_lng": 92.948990896919412, "district_name": "Советский район", "total_levels": 130.0, "district_total_levels": 14302.0, "population_2020": 368563, "population_estimated": 3350, "pvz_count": 0, "pvz_per_10k_people": 0.0 }, "geometry": { "type": "Polygon", "coordinates": [ [ [ 496394.862514252192341, 6214381.22172072250396 ], [ 496320.915220109862275, 6213833.394523703493178 ], [ 496750.599585593212396, 6213477.12456077709794 ], [ 497254.20823858876247, 6213668.688454311341047 ], [ 497328.139083753107116, 6214216.498801486566663 ], [ 496898.477723353600595, 6214572.76210306212306 ], [ 496394.862514252192341, 6214381.22172072250396 ] ] ] } },
{ "type": "Feature", "properties": { "h3_id": "880b9a7413fffff", "h3_resolution": 8, "center_lat": 56.016698529442159, "center_lng": 92.889901734415503, "district_name": "Центральный район", "total_levels": 310.0, "district_total_levels": 8464.0, "population_2020": 86061, "population_estimated": 3152, "pvz_count": 2, "pvz_per_10k_people": 6.345177664974619 }, "geometry": { "type": "Polygon", "coordinates": [ [ [ 492706.53771752526518, 6208299.867923194542527 ], [ 492632.515381747449283, 6207751.797315610572696 ], [ 493062.359181299980264, 6207395.488874821923673 ], [ 493566.202309502288699, 6207587.257620910182595 ], [ 493640.208256167068612, 6208135.311335973441601 ], [ 493210.387462192797102, 6208491.613195555284619 ], [ 492706.53771752526518, 6208299.867923194542527 ] ] ] } },
{ "type": "Feature", "properties": { "h3_id": "880b9a6643fffff", "h3_resolution": 8, "center_lat": 56.027814818825632, "center_lng": 93.007535044148156, "district_name": "Ленинский район", "total_levels": 156.0, "district_total_levels": 4826.0, "population_2020": 156777, "population_estimated": 5068, "pvz_count": 1, "pvz_per_10k_people": 1.9731649565903711 }, "geometry": { "type": "Polygon", "coordinates": [ [ [ 500039.986862700025085, 6209531.536258097738028 ], [ 499966.097138794197235, 6208983.664417695254087 ], [ 500395.724034335813485, 6208627.462475080043077 ], [ 500899.217666944023222, 6208819.138964602723718 ], [ 500973.091008773888461, 6209366.993930042721331 ], [ 500543.487098526849877, 6209723.18927900865674 ], [ 500039.986862700025085, 6209531.536258097738028 ] ] ] } },
{ "type": "Feature", "properties": { "h3_id": "880b9a7611fffff", "h3_resolution": 8, "center_lat": 56.020246944601794, "center_lng": 92.775740164306683, "district_name": "Октябрьский район", "total_levels": 409.0, "district_total_levels": 17839.0, "population_2020": 186772, "population_estimated": 4282, "pvz_count": 3, "pvz_per_10k_people": 7.0060719290051381 }, "geometry": { "type": "Polygon", "coordinates": [ [ [ 485590.698817672964651, 6208712.124015416018665 ], [ 485516.55029284383636, 6208163.902634439058602 ], [ 485946.589274253114127, 6207807.486334955319762 ], [ 486450.753750892938115, 6207999.298005414195359 ], [ 486524.885861157148611, 6208547.502486781217158 ], [ 486094.869907798129134, 6208903.912195379845798 ], [ 485590.698817672964651, 6208712.124015416018665 ] ] ] } },
{ "type": "Feature", "properties": { "h3_id": "880b9a7583fffff", "h3_resolution": 8, "center_lat": 55.984982255720297, "center_lng": 92.981909412397741, "district_name": "Кировский район", "total_levels": 413.0, "district_total_levels": 5412.0, "population_2020": 125182, "population_estimated": 9553, "pvz_count": 0, "pvz_per_10k_people": 0.0 }, "geometry": { "type": "Polygon", "coordinates": [ [ [ 498441.583800643100403, 6204764.515569010749459 ], [ 498367.658164348627906, 6204216.482813693583012 ], [ 498797.373568292765412, 6203860.270448765717447 ], [ 499300.991625295719132, 6204052.097367290407419 ], [ 499374.900930210016668, 6204600.113215991295874 ], [ 498945.20850795856677, 6204956.319050864316523 ], [ 498441.583800643100403, 6204764.515569010749459 ] ] ] } },
{ "type": "Feature", "properties": { "h3_id": "880b9a66d1fffff", "h3_resolution": 8, "center_lat": 56.089051310974568, "center_lng": 93.076039757228472, "district_name": "Советский район", "total_levels": 0.0, "district_total_levels": 14302.0, "population_2020": 368563, "population_estimated": 0, "pvz_count": 0, "pvz_per_10k_people": 0.0 }, "geometry": { "type": "Polygon", "coordinates": [ [ [ 504302.084784940001555, 6216349.591694867238402 ], [ 504228.282275255362038, 6215801.995889008976519 ], [ 504657.726963980996516, 6215445.839209387078881 ], [ 505160.951176538481377, 6215637.285017054527998 ], [ 505234.737237579771318, 6216184.863995961844921 ], [ 504805.31553315842757, 6216541.013992244377732 ], [ 504302.084784940001555, 6216349.591694867238402 ] ] ] } },
{ "type": "Feature", "properties": { "h3_id": "880b9a6617fffff", "h3_resolution": 8, "center_lat": 56.044771695749645, "center_lng": 93.065289970978981, "district_name": "Ленинский район", "total_levels": 0.0, "district_total_levels": 4826.0, "population_2020": 156777, "population_estimated": 0, "pvz_count": 0, "pvz_per_10k_people": 0.0 }, "geometry": { "type": "Polygon", "coordinates": [ [ [ 503637.782253646175377, 6211420.649802880361676 ], [ 503563.95978113921592, 6210872.909198227338493 ], [ 503993.468366137414705, 6210516.755952222272754 ], [ 504496.77644449233776, 6210708.349926080554724 ], [ 504570.582523513236083, 6211256.07367233838886 ], [ 504141.096916119102389, 6211612.220301222987473 ], [ 503637.782253646175377, 6211420.649802880361676 ] ] ] } },
{ "type": "Feature", "properties": { "h3_id": "880b9a7557fffff", "h3_resolution": 8, "center_lat": 55.947998284085131, "center_lng": 92.896523975486843, "district_name": "Свердловский район", "total_levels": 0.0, "district_total_levels": 8998.0, "population_2020": 163470, "population_estimated": 0, "pvz_count": 0, "pvz_per_10k_people": 0.0 }, "geometry": { "type": "Polygon", "coordinates": [ [ [ 493107.869344489532523, 6200653.07729525398463 ], [ 493033.842859658820089, 6200104.816408148035407 ], [ 493463.745613902749028, 6199748.536096979863942 ], [ 493967.651860754180234, 6199940.52314838860184 ], [ 494041.662046566081699, 6200488.767096230760217 ], [ 493611.782283000880852, 6200845.04093000292778 ], [ 493107.869344489532523, 6200653.07729525398463 ] ] ] } },
{ "type": "Feature", "properties": { "h3_id": "880b9a763dfffff", "h3_resolution": 8, "center_lat": 55.995892730011285, "center_lng": 92.792998463704805, "district_name": "Октябрьский район", "total_levels": 529.0, "district_total_levels": 17839.0, "population_2020": 186772, "population_estimated": 5539, "pvz_count": 3, "pvz_per_10k_people": 5.4161400974905218 }, "geometry": { "type": "Polygon", "coordinates": [ [ [ 486658.380790811614133, 6205998.187882545404136 ], [ 486584.247495939547662, 6205449.919759876094759 ], [ 487014.281805573904421, 6205093.527183539234102 ], [ 487518.426388573134318, 6205285.409281454980373 ], [ 487592.543303558719344, 6205833.660489151254296 ], [ 487162.532013885269407, 6206190.046511980704963 ], [ 486658.380790811614133, 6205998.187882545404136 ] ] ] } },
{ "type": "Feature", "properties": { "h3_id": "880b9a29a5fffff", "h3_resolution": 8, "center_lat": 56.102317355706838, "center_lng": 93.094617304881808, "district_name": "Советский район", "total_levels": 0.0, "district_total_levels": 14302.0, "population_2020": 368563, "population_estimated": 0, "pvz_count": 0, "pvz_per_10k_people": 0.0 }, "geometry": { "type": "Polygon", "coordinates": [ [ [ 505456.082022830145434, 6217827.504169595427811 ], [ 505382.302662270900328, 6217279.973579625599086 ], [ 505811.701382851810195, 6216923.830276326276362 ], [ 506314.856479076552205, 6217115.224263712763786 ], [ 506388.61937727307668, 6217662.738037459552288 ], [ 505959.24364006111864, 6218018.874638134613633 ], [ 505456.082022830145434, 6217827.504169595427811 ] ] ] } },
{ "type": "Feature", "properties": { "h3_id": "880b9a746bfffff", "h3_resolution": 8, "center_lat": 55.975285467945774, "center_lng": 92.849415374731876, "district_name": "Свердловский район", "total_levels": 421.0, "district_total_levels": 8998.0, "population_2020": 163470, "population_estimated": 7648, "pvz_count": 4, "pvz_per_10k_people": 5.2301255230125516 }, "geometry": { "type": "Polygon", "coordinates": [ [ [ 490172.427547851635609, 6203695.501191641204059 ], [ 490098.353428358968813, 6203147.252792251296341 ], [ 490528.310618985095061, 6202790.919548472389579 ], [ 491032.318922444363125, 6202982.841222453862429 ], [ 491106.376699023123365, 6203531.07269739639014 ], [ 490676.442513511341531, 6203887.399420884437859 ], [ 490172.427547851635609, 6203695.501191641204059 ] ] ] } },
{ "type": "Feature", "properties": { "h3_id": "880b9a7669fffff", "h3_resolution": 8, "center_lat": 55.978785479707255, "center_lng": 92.735337620447623, "district_name": "Октябрьский район", "total_levels": 165.0, "district_total_levels": 17839.0, "population_2020": 186772, "population_estimated": 1728, "pvz_count": 0, "pvz_per_10k_people": 0.0 }, "geometry": { "type": "Polygon", "coordinates": [ [ [ 483054.421548187674489, 6204106.529559123329818 ], [ 482980.221626198268496, 6203558.130236631259322 ], [ 483410.374199546175078, 6203201.689083629287779 ], [ 483914.703665755339898, 6203393.653781124390662 ], [ 483988.887219469877891, 6203942.036172049120069 ], [ 483558.757673702551983, 6204298.470795121975243 ], [ 483054.421548187674489, 6204106.529559123329818 ] ] ] } },
{ "type": "Feature", "properties": { "h3_id": "880b9a0db7fffff", "h3_resolution": 8, "center_lat": 55.954431308560842, "center_lng": 92.752605772841022, "district_name": "Свердловский район", "total_levels": 0.0, "district_total_levels": 8998.0, "population_2020": 163470, "population_estimated": 0, "pvz_count": 0, "pvz_per_10k_people": 0.0 }, "geometry": { "type": "Polygon", "coordinates": [ [ [ 484122.290067751542665, 6201391.985589617863297 ], [ 484048.105425505782478, 6200843.539843234233558 ], [ 484478.253239356621634, 6200487.122644104994833 ], [ 484982.562674436543602, 6200679.157681938260794 ], [ 485056.730983121669851, 6201227.586481413803995 ], [ 484626.60618874168722, 6201583.997188035398722 ], [ 484122.290067751542665, 6201391.985589617863297 ] ] ] } },
{ "type": "Feature", "properties": { "h3_id": "880b9a7497fffff", "h3_resolution": 8, "center_lat": 56.055135610519997, "center_lng": 92.960436323084508, "district_name": "Советский район", "total_levels": 421.0, "district_total_levels": 14302.0, "population_2020": 368563, "population_estimated": 10849, "pvz_count": 4, "pvz_per_10k_people": 3.6869757581343898 }, "geometry": { "type": "Polygon", "coordinates": [ [ [ 497106.340033659012988, 6212573.019472108222544 ], [ 497032.402677005389705, 6212025.160851893015206 ], [ 497462.083835873752832, 6211668.906491105444729 ], [ 497965.67935015441617, 6211860.517385098151863 ], [ 498039.600280885468237, 6212408.359145215712488 ], [ 497609.942121713480446, 6212764.606869521550834 ], [ 497106.340033659012988, 6212573.019472108222544 ] ] ] } },
{ "type": "Feature", "properties": { "h3_id": "880b9a393dfffff", "h3_resolution": 8, "center_lat": 56.052714318350027, "center_lng": 92.752696032573866, "district_name": "Октябрьский район", "total_levels": 134.0, "district_total_levels": 17839.0, "population_2020": 186772, "population_estimated": 1403, "pvz_count": 0, "pvz_per_10k_people": 0.0 }, "geometry": { "type": "Polygon", "coordinates": [ [ [ 484167.172863436629996, 6212330.596914631314576 ], [ 484093.003935843182262, 6211782.438162548467517 ], [ 484523.048925977549516, 6211425.990436158142984 ], [ 485027.239803353964817, 6211617.70810064021498 ], [ 485101.392270155833103, 6212165.849973618984222 ], [ 484671.370318823435809, 6212522.291059301234782 ], [ 484167.172863436629996, 6212330.596914631314576 ] ] ] } },
{ "type": "Feature", "properties": { "h3_id": "880b9a0d8bfffff", "h3_resolution": 8, "center_lat": 55.960205581215405, "center_lng": 92.692690288000634, "district_name": "Свердловский район", "total_levels": 0.0, "district_total_levels": 8998.0, "population_2020": 163470, "population_estimated": 0, "pvz_count": 0, "pvz_per_10k_people": 0.0 }, "geometry": { "type": "Polygon", "coordinates": [ [ [ 480383.870756855409127, 6202049.702425799332559 ], [ 480309.620734272757545, 6201501.188889249227941 ], [ 480739.866988149122335, 6201144.713708272203803 ], [ 481244.340231018839404, 6201336.758565471507609 ], [ 481318.573901600204408, 6201885.255154100246727 ], [ 480888.350679763476364, 6202241.723831522278488 ], [ 480383.870756855409127, 6202049.702425799332559 ] ] ] } },
{ "type": "Feature", "properties": { "h3_id": "880b9a74c3fffff", "h3_resolution": 8, "center_lat": 56.038127558250203, "center_lng": 92.902677887273427, "district_name": "Советский район", "total_levels": 529.0, "district_total_levels": 14302.0, "population_2020": 368563, "population_estimated": 13632, "pvz_count": 8, "pvz_per_10k_people": 5.868544600938967 }, "geometry": { "type": "Polygon", "coordinates": [ [ [ 493506.418401378963608, 6210683.669384133070707 ], [ 493432.413873311248608, 6210135.679412153549492 ], [ 493862.213271081156563, 6209779.376287470571697 ], [ 494365.994188000855502, 6209971.06974586378783 ], [ 494439.982301585027017, 6210519.042841169983149 ], [ 494010.205911184311844, 6210875.339352841489017 ], [ 493506.418401378963608, 6210683.669384133070707 ] ] ] } },
{ "type": "Feature", "properties": { "h3_id": "880b9a282bfffff", "h3_resolution": 8, "center_lat": 56.128958683950586, "center_lng": 92.978196679424968, "district_name": "Советский район", "total_levels": 0.0, "district_total_levels": 14302.0, "population_2020": 368563, "population_estimated": 0, "pvz_count": 0, "pvz_per_10k_people": 0.0 }, "geometry": { "type": "Polygon", "coordinates": [ [ [ 498215.13923987565795, 6220788.964596258476377 ], [ 498141.23458055552328, 6220241.348007434047759 ], [ 498570.808577099640388, 6219885.08834009245038 ], [ 499074.264220601005945, 6220076.452006533741951 ], [ 499148.152362003049348, 6220624.051787752658129 ], [ 498718.601376272155903, 6220980.304708226583898 ], [ 498215.13923987565795, 6220788.964596258476377 ] ] ] } },
{ "type": "Feature", "properties": { "h3_id": "880b9a3969fffff", "h3_resolution": 8, "center_lat": 56.035599607302139, "center_lng": 92.694962606687639, "district_name": "Октябрьский район", "total_levels": 0.0, "district_total_levels": 17839.0, "population_2020": 186772, "population_estimated": 0, "pvz_count": 0, "pvz_per_10k_people": 0.0 }, "geometry": { "type": "Polygon", "coordinates": [ [ [ 480562.853710960131139, 6210440.199079387821257 ], [ 480488.617895722272806, 6209891.908846681937575 ], [ 480918.781023443618324, 6209535.412311402149498 ], [ 481423.156918423308525, 6209727.212624105624855 ], [ 481497.376284401339944, 6210275.485961101949215 ], [ 481067.236203108390328, 6210631.975879184901714 ], [ 480562.853710960131139, 6210440.199079387821257 ] ] ] } },
{ "type": "Feature", "properties": { "h3_id": "880b9a76c1fffff", "h3_resolution": 8, "center_lat": 56.041693545401777, "center_lng": 92.788467424057714, "district_name": "Октябрьский район", "total_levels": 193.0, "district_total_levels": 17839.0, "population_2020": 186772, "population_estimated": 2021, "pvz_count": 0, "pvz_per_10k_people": 0.0 }, "geometry": { "type": "Polygon", "coordinates": [ [ [ 486391.406134651799221, 6211096.57128232717514 ], [ 486317.275211892672814, 6210548.430608398281038 ], [ 486747.269658055913169, 6210192.019646706990898 ], [ 487251.371995589521248, 6210383.755979743786156 ], [ 487325.486478373466525, 6210931.879769930616021 ], [ 486895.515062048798427, 6211288.284108906984329 ], [ 486391.406134651799221, 6211096.57128232717514 ] ] ] } },
{ "type": "Feature", "properties": { "h3_id": "880b9a74d3fffff", "h3_resolution": 8, "center_lat": 56.059551614712298, "center_lng": 92.915466055887165, "district_name": "Советский район", "total_levels": 685.0, "district_total_levels": 14302.0, "population_2020": 368563, "population_estimated": 17652, "pvz_count": 8, "pvz_per_10k_people": 4.5320643553138451 }, "geometry": { "type": "Polygon", "coordinates": [ [ [ 494306.165447604900692, 6213067.072651021182537 ], [ 494232.178785372350831, 6212519.16344908438623 ], [ 494661.933756679005455, 6212162.865743543952703 ], [ 495165.652379517501686, 6212354.483882818371058 ], [ 495239.622601923358161, 6212902.376223937608302 ], [ 494809.890639768913388, 6213258.667284687981009 ], [ 494306.165447604900692, 6213067.072651021182537 ] ] ] } },
{ "type": "Feature", "properties": { "h3_id": "880b9a76a5fffff", "h3_resolution": 8, "center_lat": 56.019625267253033, "center_lng": 92.859935049536205, "district_name": "Центральный район", "total_levels": 145.0, "district_total_levels": 8464.0, "population_2020": 86061, "population_estimated": 1474, "pvz_count": 0, "pvz_per_10k_people": 0.0 }, "geometry": { "type": "Polygon", "coordinates": [ [ [ 490838.99975919368444, 6208629.017201965674758 ], [ 490764.944631311635021, 6208080.912808602675796 ], [ 491194.837667080631945, 6207724.57543745264411 ], [ 491698.762817309179809, 6207916.349044484086335 ], [ 491772.801546825969126, 6208464.43654483743012 ], [ 491342.931522932776716, 6208820.767329252324998 ], [ 490838.99975919368444, 6208629.017201965674758 ] ] ] } },
{ "type": "Feature", "properties": { "h3_id": "880b9a74a7fffff", "h3_resolution": 8, "center_lat": 56.016000106263867, "center_lng": 92.974038352893345, "district_name": "Ленинский район", "total_levels": 342.0, "district_total_levels": 4826.0, "population_2020": 156777, "population_estimated": 11110, "pvz_count": 4, "pvz_per_10k_people": 3.6003600360036003 }, "geometry": { "type": "Polygon", "coordinates": [ [ [ 497951.807399376179092, 6208216.892119228839874 ], [ 497877.878393302729819, 6207668.938437664881349 ], [ 498307.575939844711684, 6207312.708878635428846 ], [ 498811.179501555743627, 6207504.43957631662488 ], [ 498885.092134731821716, 6208052.37637195456773 ], [ 498455.417577550397255, 6208408.599353917874396 ], [ 497951.807399376179092, 6208216.892119228839874 ] ] ] } },
{ "type": "Feature", "properties": { "h3_id": "880b9a76edfffff", "h3_resolution": 8, "center_lat": 56.017339950131515, "center_lng": 92.805726009285266, "district_name": "Октябрьский район", "total_levels": 530.0, "district_total_levels": 17839.0, "population_2020": 186772, "population_estimated": 5549, "pvz_count": 4, "pvz_per_10k_people": 7.2085060371238061 }, "geometry": { "type": "Polygon", "coordinates": [ [ [ 487459.007364090823103, 6208382.892999169416726 ], [ 487384.891663765825797, 6207834.705417164601386 ], [ 487814.881501522380859, 6207478.318060172721744 ], [ 488318.964016294863541, 6207670.124868615530431 ], [ 488393.063311306235846, 6208218.295551501214504 ], [ 487963.096495312056504, 6208574.67632314376533 ], [ 487459.007364090823103, 6208382.892999169416726 ] ] ] } },
{ "type": "Feature", "properties": { "h3_id": "880b9a29e1fffff", "h3_resolution": 8, "center_lat": 56.106785049012892, "center_lng": 93.049642330060763, "district_name": "Советский район", "total_levels": 0.0, "district_total_levels": 14302.0, "population_2020": 368563, "population_estimated": 0, "pvz_count": 0, "pvz_per_10k_people": 0.0 }, "geometry": { "type": "Polygon", "coordinates": [ [ [ 502658.075726425857283, 6218321.874730144627392 ], [ 502584.246950896806084, 6217774.293690080754459 ], [ 503013.719526452827267, 6217418.107116360217333 ], [ 503516.997883149597328, 6217609.508291740901768 ], [ 503590.8101823758916, 6218157.072514870204031 ], [ 503161.360599661944434, 6218513.25237765070051 ], [ 502658.075726425857283, 6218321.874730144627392 ] ] ] } },
{ "type": "Feature", "properties": { "h3_id": "880b9a3921fffff", "h3_resolution": 8, "center_lat": 56.037931408973542, "center_lng": 92.749219656617441, "district_name": "Октябрьский район", "total_levels": 265.0, "district_total_levels": 17839.0, "population_2020": 186772, "population_estimated": 2775, "pvz_count": 3, "pvz_per_10k_people": 10.810810810810811 }, "geometry": { "type": "Polygon", "coordinates": [ [ [ 483944.659850316005759, 6210686.07239568606019 ], [ 483870.484695526538417, 6210137.865395753644407 ], [ 484300.55124365555821, 6209781.418885663151741 ], [ 484804.769908451940864, 6209973.185992158018053 ], [ 484878.928620930877514, 6210521.376102484762669 ], [ 484448.8851093731937, 6210877.815994004718959 ], [ 483944.659850316005759, 6210686.07239568606019 ] ] ] } },
{ "type": "Feature", "properties": { "h3_id": "880b9a751bfffff", "h3_resolution": 8, "center_lat": 55.961313281510037, "center_lng": 92.915001400421247, "district_name": "Свердловский район", "total_levels": 10.0, "district_total_levels": 8998.0, "population_2020": 163470, "population_estimated": 182, "pvz_count": 0, "pvz_per_10k_people": 0.0 }, "geometry": { "type": "Polygon", "coordinates": [ [ [ 494263.67985005636001, 6202133.403379459865391 ], [ 494189.676042781036813, 6201585.207219203934073 ], [ 494619.532816110178828, 6201228.939872531220317 ], [ 495123.37040537543362, 6201420.875180987641215 ], [ 495197.357899753027596, 6201969.054412693716586 ], [ 494767.524116216984112, 6202325.315262569114566 ], [ 494263.67985005636001, 6202133.403379459865391 ] ] ] } },
{ "type": "Feature", "properties": { "h3_id": "880b9a7719fffff", "h3_resolution": 8, "center_lat": 55.964869430787374, "center_lng": 92.801004767848681, "district_name": "Свердловский район", "total_levels": 103.0, "district_total_levels": 8998.0, "population_2020": 163470, "population_estimated": 1871, "pvz_count": 0, "pvz_per_10k_people": 0.0 }, "geometry": { "type": "Polygon", "coordinates": [ [ [ 487147.810516784666106, 6202543.913447448983788 ], [ 487073.681094047497027, 6201995.566373621113598 ], [ 487503.733602583233733, 6201639.191145117394626 ], [ 488007.892520009540021, 6201831.169494925998151 ], [ 488082.005604496109299, 6202379.499633077532053 ], [ 487651.97610825864831, 6202735.868355172686279 ], [ 487147.810516784666106, 6202543.913447448983788 ] ] ] } },
{ "type": "Feature", "properties": { "h3_id": "880b9a764dfffff", "h3_resolution": 8, "center_lat": 55.988347287371049, "center_lng": 92.714587283171454, "district_name": "Октябрьский район", "total_levels": 224.0, "district_total_levels": 17839.0, "population_2020": 186772, "population_estimated": 2345, "pvz_count": 0, "pvz_per_10k_people": 0.0 }, "geometry": { "type": "Polygon", "coordinates": [ [ [ 481763.933052736276295, 6205175.899313448928297 ], [ 481689.711639286775608, 6204627.498582746833563 ], [ 482119.890340317913797, 6204271.034988202154636 ], [ 482624.26741983438842, 6204462.978667600080371 ], [ 482698.472448821528815, 6205011.362471599131823 ], [ 482268.316781207802705, 6205367.819520983844995 ], [ 481763.933052736276295, 6205175.899313448928297 ] ] ] } },
{ "type": "Feature", "properties": { "h3_id": "880b9a7547fffff", "h3_resolution": 8, "center_lat": 55.926555952029723, "center_lng": 92.883777458485397, "district_name": "Свердловский район", "total_levels": 0.0, "district_total_levels": 8998.0, "population_2020": 163470, "population_estimated": 0, "pvz_count": 0, "pvz_per_10k_people": 0.0 }, "geometry": { "type": "Polygon", "coordinates": [ [ [ 492307.775850399513729, 6198267.89948246255517 ], [ 492233.731714563502464, 6197719.558546325191855 ], [ 492663.678713554749265, 6197363.273354555480182 ], [ 493167.646857998508494, 6197555.335542504675686 ], [ 493241.674720274924766, 6198103.659523564390838 ], [ 492811.750710125255864, 6198459.938269822858274 ], [ 492307.775850399513729, 6198267.89948246255517 ] ] ] } },
{ "type": "Feature", "properties": { "h3_id": "880b9a0dd3fffff", "h3_resolution": 8, "center_lat": 55.976438655636763, "center_lng": 92.68115267719952, "district_name": "Октябрьский район", "total_levels": 200.0, "district_total_levels": 17839.0, "population_2020": 186772, "population_estimated": 2094, "pvz_count": 0, "pvz_per_10k_people": 0.0 }, "geometry": { "type": "Polygon", "coordinates": [ [ [ 479671.889064766874071, 6203859.657377291470766 ], [ 479597.628769946808461, 6203311.174808987416327 ], [ 480027.878108184086159, 6202954.683660977520049 ], [ 480532.364702255174052, 6203146.681607861071825 ], [ 480606.60862191405613, 6203695.147238476201892 ], [ 480176.382321115816012, 6204051.631857972592115 ], [ 479671.889064766874071, 6203859.657377291470766 ] ] ] } },
{ "type": "Feature", "properties": { "h3_id": "880b9a6607fffff", "h3_resolution": 8, "center_lat": 56.023369424662171, "center_lng": 93.052440860053125, "district_name": "Ленинский район", "total_levels": 143.0, "district_total_levels": 4826.0, "population_2020": 156777, "population_estimated": 4645, "pvz_count": 0, "pvz_per_10k_people": 0.0 }, "geometry": { "type": "Polygon", "coordinates": [ [ [ 502839.102067566360347, 6209037.945352117531002 ], [ 502765.261476003390271, 6208490.12413586396724 ], [ 503194.814294318726752, 6208133.965547122061253 ], [ 503698.184726833656896, 6208325.634758080355823 ], [ 503772.008950205461588, 6208873.439100108109415 ], [ 503342.479107707098592, 6209229.591103489510715 ], [ 502839.102067566360347, 6209037.945352117531002 ] ] ] } },
{ "type": "Feature", "properties": { "h3_id": "880b9a7621fffff", "h3_resolution": 8, "center_lat": 55.981107871265351, "center_lng": 92.789513473108784, "district_name": "Свердловский район", "total_levels": 176.0, "district_total_levels": 8998.0, "population_2020": 163470, "population_estimated": 3197, "pvz_count": 0, "pvz_per_10k_people": 0.0 }, "geometry": { "type": "Polygon", "coordinates": [ [ [ 486435.974660621432122, 6204353.335522641427815 ], [ 486361.835123313474469, 6203805.019422948360443 ], [ 486791.890861923922785, 6203448.628252116963267 ], [ 487296.063118589867372, 6203640.559710402041674 ], [ 487370.186294517130591, 6204188.858884641900659 ], [ 486940.15357361221686, 6204545.24352413136512 ], [ 486435.974660621432122, 6204353.335522641427815 ] ] ] } },
{ "type": "Feature", "properties": { "h3_id": "880b9a7423fffff", "h3_resolution": 8, "center_lat": 55.977557715518117, "center_lng": 92.903561165669572, "district_name": "Свердловский район", "total_levels": 0.0, "district_total_levels": 8998.0, "population_2020": 163470, "population_estimated": 0, "pvz_count": 0, "pvz_per_10k_people": 0.0 }, "geometry": { "type": "Polygon", "coordinates": [ [ [ 493551.983711290697102, 6203942.307927386835217 ], [ 493477.969960618705954, 6203394.142703332006931 ], [ 493907.83014091651421, 6203037.859409897588193 ], [ 494411.681075129366945, 6203229.74786030780524 ], [ 494485.678489800950047, 6203777.896166029386222 ], [ 494055.841304715839215, 6204134.17293775267899 ], [ 493551.983711290697102, 6203942.307927386835217 ] ] ] } },
{ "type": "Feature", "properties": { "h3_id": "880b9a295dfffff", "h3_resolution": 8, "center_lat": 56.092789826375899, "center_lng": 92.961809318608786, "district_name": "Советский район", "total_levels": 0.0, "district_total_levels": 14302.0, "population_2020": 368563, "population_estimated": 0, "pvz_count": 0, "pvz_per_10k_people": 0.0 }, "geometry": { "type": "Polygon", "coordinates": [ [ [ 497194.207930638745893, 6216763.843793066218495 ], [ 497120.278641232580412, 6216216.097563395276666 ], [ 497549.918571382935625, 6215859.83317843824625 ], [ 498053.464782541850582, 6216051.321714332327247 ], [ 498127.37759767472744, 6216599.051110023632646 ], [ 497697.760674371093046, 6216955.308801892213523 ], [ 497194.207930638745893, 6216763.843793066218495 ] ] ] } },
{ "type": "Feature", "properties": { "h3_id": "880b9a0c83fffff", "h3_resolution": 8, "center_lat": 56.015577170909268, "center_lng": 92.667273780051261, "district_name": "Октябрьский район", "total_levels": 0.0, "district_total_levels": 17839.0, "population_2020": 186772, "population_estimated": 0, "pvz_count": 0, "pvz_per_10k_people": 0.0 }, "geometry": { "type": "Polygon", "coordinates": [ [ [ 478826.758875368977897, 6208219.744717614725232 ], [ 478752.489212762855459, 6207671.356865880079567 ], [ 479182.721482456545345, 6207314.840537177398801 ], [ 479687.200365435273852, 6207506.718646397814155 ], [ 479761.453599618806038, 6208055.089586303569376 ], [ 479331.244377694732975, 6208411.599326898343861 ], [ 478826.758875368977897, 6208219.744717614725232 ] ] ] } },
{ "type": "Feature", "properties": { "h3_id": "880b9a6633fffff", "h3_resolution": 8, "center_lat": 56.035159431498187, "center_lng": 93.085951446410689, "district_name": "Ленинский район", "total_levels": 0.0, "district_total_levels": 4826.0, "population_2020": 156777, "population_estimated": 0, "pvz_count": 0, "pvz_per_10k_people": 0.0 }, "geometry": { "type": "Polygon", "coordinates": [ [ [ 504926.260336729697883, 6210352.211122422479093 ], [ 504852.459123967622872, 6209804.471738296560943 ], [ 505281.941285360546317, 6209448.340774395503104 ], [ 505785.201686228218023, 6209639.95579463429749 ], [ 505858.986521651153453, 6210187.678315488621593 ], [ 505429.527331998338923, 6210543.802677461877465 ], [ 504926.260336729697883, 6210352.211122422479093 ] ] ] } },
{ "type": "Feature", "properties": { "h3_id": "880b9a2931fffff", "h3_resolution": 8, "center_lat": 56.085388825021646, "center_lng": 93.036781314009275, "district_name": "Советский район", "total_levels": 0.0, "district_total_levels": 14302.0, "population_2020": 368563, "population_estimated": 0, "pvz_count": 0, "pvz_per_10k_people": 0.0 }, "geometry": { "type": "Polygon", "coordinates": [ [ [ 501859.399879679316655, 6215940.000703057274222 ], [ 501785.552915208681952, 6215392.338640913367271 ], [ 502215.069854133122135, 6215036.146424682810903 ], [ 502718.410764900152571, 6215227.622947920113802 ], [ 502792.241278311586939, 6215775.268177278339863 ], [ 502362.747330468846485, 6216131.453714276663959 ], [ 501859.399879679316655, 6215940.000703057274222 ] ] ] } },
{ "type": "Feature", "properties": { "h3_id": "880b9a2907fffff", "h3_resolution": 8, "center_lat": 56.080232456116157, "center_lng": 93.012512563597483, "district_name": "Советский район", "total_levels": 0.0, "district_total_levels": 14302.0, "population_2020": 368563, "population_estimated": 0, "pvz_count": 0, "pvz_per_10k_people": 0.0 }, "geometry": { "type": "Polygon", "coordinates": [ [ [ 500349.206330512941349, 6215365.585033435374498 ], [ 500275.331385160970967, 6214817.873542563989758 ], [ 500704.895936738583259, 6214461.660221545957029 ], [ 501208.312437419954222, 6214653.165061837993562 ], [ 501282.170933943707496, 6215200.859714314341545 ], [ 500852.629377068020403, 6215557.066362981684506 ], [ 500349.206330512941349, 6215365.585033435374498 ] ] ] } },
{ "type": "Feature", "properties": { "h3_id": "880b9a75c9fffff", "h3_resolution": 8, "center_lat": 55.976091406136625, "center_lng": 92.918525969035983, "district_name": "Свердловский район", "total_levels": 18.0, "district_total_levels": 8998.0, "population_2020": 163470, "population_estimated": 327, "pvz_count": 0, "pvz_per_10k_people": 0.0 }, "geometry": { "type": "Polygon", "coordinates": [ [ [ 494485.678489800950047, 6203777.896166029386222 ], [ 494411.681075129366945, 6203229.74786030780524 ], [ 494841.516567299433518, 6202873.479042232036591 ], [ 495345.326480537187308, 6203065.365046908147633 ], [ 495419.307563824462704, 6203613.496434546075761 ], [ 494989.49506371334428, 6203969.758733672089875 ], [ 494485.678489800950047, 6203777.896166029386222 ] ] ] } },
{ "type": "Feature", "properties": { "h3_id": "880b9a2b03fffff", "h3_resolution": 8, "center_lat": 56.098679768025313, "center_lng": 92.901792090111201, "district_name": "Советский район", "total_levels": 206.0, "district_total_levels": 14302.0, "population_2020": 368563, "population_estimated": 5309, "pvz_count": 1, "pvz_per_10k_people": 1.8835938971557733 }, "geometry": { "type": "Polygon", "coordinates": [ [ [ 493460.873328970046714, 6217423.134882516227663 ], [ 493386.878096051455941, 6216875.321314547210932 ], [ 493816.61624162417138, 6216518.999182844534516 ], [ 494320.326599130406976, 6216710.497321386821568 ], [ 494394.30533920682501, 6217258.294054422527552 ], [ 493964.590213069750462, 6217614.609481940045953 ], [ 493460.873328970046714, 6217423.134882516227663 ] ] ] } },
{ "type": "Feature", "properties": { "h3_id": "880b9a2b05fffff", "h3_resolution": 8, "center_lat": 56.083910472967702, "center_lng": 92.898262873311026, "district_name": "Центральный район", "total_levels": 0.0, "district_total_levels": 8464.0, "population_2020": 86061, "population_estimated": 0, "pvz_count": 0, "pvz_per_10k_people": 0.0 }, "geometry": { "type": "Polygon", "coordinates": [ [ [ 493238.881177470553666, 6215779.645743546076119 ], [ 493164.879494925728068, 6215231.783755323849618 ], [ 493594.63913542375667, 6214875.462687433697283 ], [ 494098.37743969989242, 6215067.010287958197296 ], [ 494172.362647819973063, 6215614.855430749244988 ], [ 493742.626024536497425, 6215971.169816538691521 ], [ 493238.881177470553666, 6215779.645743546076119 ] ] ] } },
{ "type": "Feature", "properties": { "h3_id": "880b9a665dfffff", "h3_resolution": 8, "center_lat": 56.035937905666103, "center_lng": 93.001827548324968, "district_name": "Ленинский район", "total_levels": 0.0, "district_total_levels": 4826.0, "population_2020": 156777, "population_estimated": 0, "pvz_count": 0, "pvz_per_10k_people": 0.0 }, "geometry": { "type": "Polygon", "coordinates": [ [ [ 499684.252928422531113, 6210435.602272455580533 ], [ 499610.358282878121827, 6209887.746056905947626 ], [ 500039.986862700025085, 6209531.536258097738028 ], [ 500543.487098526849877, 6209723.18927900865674 ], [ 500617.365350468782708, 6210271.0286247106269 ], [ 500187.759758642991073, 6210627.231817437335849 ], [ 499684.252928422531113, 6210435.602272455580533 ] ] ] } },
{ "type": "Feature", "properties": { "h3_id": "880b9a2905fffff", "h3_resolution": 8, "center_lat": 56.073591231729829, "center_lng": 93.003236251737462, "district_name": "Советский район", "total_levels": 0.0, "district_total_levels": 14302.0, "population_2020": 368563, "population_estimated": 0, "pvz_count": 0, "pvz_per_10k_people": 0.0 }, "geometry": { "type": "Polygon", "coordinates": [ [ [ 499771.873822910769377, 6214626.366296732798219 ], [ 499697.98736390756676, 6214078.622221515513957 ], [ 500127.57491065049544, 6213722.402237799949944 ], [ 500631.025919684383553, 6213913.932990087196231 ], [ 500704.895936738583259, 6214461.660221545957029 ], [ 500275.331385160970967, 6214817.873542563989758 ], [ 499771.873822910769377, 6214626.366296732798219 ] ] ] } },
{ "type": "Feature", "properties": { "h3_id": "880b9a75cbfffff", "h3_resolution": 8, "center_lat": 55.982745917966902, "center_lng": 92.927771924488638, "district_name": "Свердловский район", "total_levels": 0.0, "district_total_levels": 8998.0, "population_2020": 163470, "population_estimated": 0, "pvz_count": 0, "pvz_per_10k_people": 0.0 }, "geometry": { "type": "Polygon", "coordinates": [ [ [ 495063.481105921673588, 6204517.874630575999618 ], [ 494989.49506371334428, 6203969.758733672089875 ], [ 495419.307563824462704, 6203613.496434546075761 ], [ 495923.083112987224013, 6203805.356559051200747 ], [ 495997.052816881507169, 6204353.455543234013021 ], [ 495567.263308382884134, 6204709.711313713341951 ], [ 495063.481105921673588, 6204517.874630575999618 ] ] ] } },
{ "type": "Feature", "properties": { "h3_id": "880b9a759dfffff", "h3_resolution": 8, "center_lat": 55.993105754063095, "center_lng": 92.976202011416646, "district_name": "Кировский район", "total_levels": 272.0, "district_total_levels": 5412.0, "population_2020": 125182, "population_estimated": 6291, "pvz_count": 2, "pvz_per_10k_people": 3.1791448100460977 }, "geometry": { "type": "Polygon", "coordinates": [ [ [ 498085.797232990909833, 6205668.753110222518444 ], [ 498011.866670186456759, 6205120.735868981108069 ], [ 498441.583800643100403, 6204764.515569010749459 ], [ 498945.20850795856677, 6204956.319050864316523 ], [ 499019.122727845679037, 6205504.319390596821904 ], [ 498589.428581789834425, 6205860.533148065209389 ], [ 498085.797232990909833, 6205668.753110222518444 ] ] ] } },
{ "type": "Feature", "properties": { "h3_id": "880b9a2933fffff", "h3_resolution": 8, "center_lat": 56.0920262909938, "center_lng": 93.04606382515712, "district_name": "Советский район", "total_levels": 0.0, "district_total_levels": 14302.0, "population_2020": 368563, "population_estimated": 0, "pvz_count": 0, "pvz_per_10k_people": 0.0 }, "geometry": { "type": "Polygon", "coordinates": [ [ [ 502436.582751370675396, 6216679.083174750208855 ], [ 502362.747330468846485, 6216131.453714276663959 ], [ 502792.241278311586939, 6215775.268177278339863 ], [ 503295.547654888126999, 6215966.71878772508353 ], [ 503369.366617858293466, 6216514.331420774571598 ], [ 502939.895660635549575, 6216870.510268892161548 ], [ 502436.582751370675396, 6216679.083174750208855 ] ] ] } },
{ "type": "Feature", "properties": { "h3_id": "880b9a0c85fffff", "h3_resolution": 8, "center_lat": 56.00078563074964, "center_lng": 92.66382852972491, "district_name": "Октябрьский район", "total_levels": 0.0, "district_total_levels": 17839.0, "population_2020": 186772, "population_estimated": 0, "pvz_count": 0, "pvz_per_10k_people": 0.0 }, "geometry": { "type": "Polygon", "coordinates": [ [ [ 478603.94379228114849, 6206574.533047856763005 ], [ 478529.668037568393629, 6206026.097096452489495 ], [ 478959.921884192270227, 6205669.582107244059443 ], [ 479464.428438454284333, 6205861.509633458219469 ], [ 479538.687783273635432, 6206409.92866253387183 ], [ 479108.456982176285237, 6206766.437085804529488 ], [ 478603.94379228114849, 6206574.533047856763005 ] ] ] } },
{ "type": "Feature", "properties": { "h3_id": "880b9a2b31fffff", "h3_resolution": 8, "center_lat": 56.095738229185109, "center_lng": 92.931805100599306, "district_name": "Советский район", "total_levels": 92.0, "district_total_levels": 14302.0, "population_2020": 368563, "population_estimated": 2371, "pvz_count": 0, "pvz_per_10k_people": 0.0 }, "geometry": { "type": "Polygon", "coordinates": [ [ [ 495327.671786303864792, 6217093.465264198370278 ], [ 495253.709534428373445, 6216545.685365853831172 ], [ 495683.398592036275659, 6216189.392108830623329 ], [ 496187.026886829757132, 6216380.885446879081428 ], [ 496260.972655149118509, 6216928.64851076900959 ], [ 495831.306610682571772, 6217284.935069155879319 ], [ 495327.671786303864792, 6217093.465264198370278 ] ] ] } },
{ "type": "Feature", "properties": { "h3_id": "880b9a6631fffff", "h3_resolution": 8, "center_lat": 56.028522436097155, "center_lng": 93.076677030691727, "district_name": "Ленинский район", "total_levels": 11.0, "district_total_levels": 4826.0, "population_2020": 156777, "population_estimated": 357, "pvz_count": 0, "pvz_per_10k_people": 0.0 }, "geometry": { "type": "Polygon", "coordinates": [ [ [ 504349.157638545322698, 6209612.854296240024269 ], [ 504275.34491471335059, 6209065.082427474670112 ], [ 504704.850048302672803, 6208708.944871304556727 ], [ 505208.144931979710236, 6208900.585774254985154 ], [ 505281.941285360546317, 6209448.340774395503104 ], [ 504852.459123967622872, 6209804.471738296560943 ], [ 504349.157638545322698, 6209612.854296240024269 ] ] ] } },
{ "type": "Feature", "properties": { "h3_id": "880b9a6605fffff", "h3_resolution": 8, "center_lat": 56.016728675679282, "center_lng": 93.043172620252363, "district_name": "Ленинский район", "total_levels": 0.0, "district_total_levels": 4826.0, "population_2020": 156777, "population_estimated": 0, "pvz_count": 0, "pvz_per_10k_people": 0.0 }, "geometry": { "type": "Polygon", "coordinates": [ [ [ 502261.849971585790627, 6208298.452498306520283 ], [ 502187.997898914676625, 6207750.598814815282822 ], [ 502617.573693501821253, 6207394.43365038279444 ], [ 503120.978582942800131, 6207586.128743212670088 ], [ 503194.814294318726752, 6208133.965547122061253 ], [ 502765.261476003390271, 6208490.12413586396724 ], [ 502261.849971585790627, 6208298.452498306520283 ] ] ] } },
{ "type": "Feature", "properties": { "h3_id": "880b9a0dd1fffff", "h3_resolution": 8, "center_lat": 55.969761145211891, "center_lng": 92.671934913687878, "district_name": "Свердловский район", "total_levels": 5.0, "district_total_levels": 8998.0, "population_2020": 163470, "population_estimated": 91, "pvz_count": 0, "pvz_per_10k_people": 0.0 }, "geometry": { "type": "Polygon", "coordinates": [ [ [ 479093.101240114425309, 6203119.174414317123592 ], [ 479018.829716656124219, 6202570.659407860599458 ], [ 479449.102092773304321, 6202214.161741057410836 ], [ 479953.622952921781689, 6202406.185597579926252 ], [ 480027.878108184086159, 6202954.683660977520049 ], [ 479597.628769946808461, 6203311.174808987416327 ], [ 479093.101240114425309, 6203119.174414317123592 ] ] ] } },
{ "type": "Feature", "properties": { "h3_id": "880b9a0cb1fffff", "h3_resolution": 8, "center_lat": 56.012695982165113, "center_lng": 92.697280337167996, "district_name": "Октябрьский район", "total_levels": 0.0, "district_total_levels": 17839.0, "population_2020": 186772, "population_estimated": 0, "pvz_count": 0, "pvz_per_10k_people": 0.0 }, "geometry": { "type": "Polygon", "coordinates": [ [ [ 480696.082875852298457, 6207890.446502782404423 ], [ 480621.846065470483154, 6207342.092474460601807 ], [ 481052.02929788682377, 6206985.605107241310179 ], [ 481556.426297636819072, 6207177.478348995558918 ], [ 481630.64668884180719, 6207725.81546598020941 ], [ 481200.486497925885487, 6208082.296250628307462 ], [ 480696.082875852298457, 6207890.446502782404423 ] ] ] } },
{ "type": "Feature", "properties": { "h3_id": "880b9a7425fffff", "h3_resolution": 8, "center_lat": 55.962778712061812, "center_lng": 92.900041384470001, "district_name": "Свердловский район", "total_levels": 0.0, "district_total_levels": 8998.0, "population_2020": 163470, "population_estimated": 0, "pvz_count": 0, "pvz_per_10k_people": 0.0 }, "geometry": { "type": "Polygon", "coordinates": [ [ [ 493329.936082030355465, 6202297.764375348575413 ], [ 493255.915957239805721, 6201749.551286292262375 ], [ 493685.797434862353839, 6201393.269459405913949 ], [ 494189.676042781036813, 6201585.207219203934073 ], [ 494263.67985005636001, 6202133.403379459865391 ], [ 493833.821365382755175, 6202489.678706791251898 ], [ 493329.936082030355465, 6202297.764375348575413 ] ] ] } },
{ "type": "Feature", "properties": { "h3_id": "880b9a7545fffff", "h3_resolution": 8, "center_lat": 55.91989424975732, "center_lng": 92.874548418268617, "district_name": "Свердловский район", "total_levels": 1.0, "district_total_levels": 8998.0, "population_2020": 163470, "population_estimated": 18, "pvz_count": 0, "pvz_per_10k_people": 0.0 }, "geometry": { "type": "Polygon", "coordinates": [ [ [ 491729.722565182484686, 6197527.493893617764115 ], [ 491655.667135930736549, 6196979.120650984346867 ], [ 492085.637124202854466, 6196622.829023416154087 ], [ 492589.639550904859789, 6196814.917072352953255 ], [ 492663.678713554749265, 6197363.273354555480182 ], [ 492233.731714563502464, 6197719.558546325191855 ], [ 491729.722565182484686, 6197527.493893617764115 ] ] ] } },
{ "type": "Feature", "properties": { "h3_id": "880b9a7623fffff", "h3_resolution": 8, "center_lat": 55.987773959711816, "center_lng": 92.798746513601657, "district_name": "Октябрьский район", "total_levels": 56.0, "district_total_levels": 17839.0, "population_2020": 186772, "population_estimated": 586, "pvz_count": 1, "pvz_per_10k_people": 17.064846416382252 }, "geometry": { "type": "Polygon", "coordinates": [ [ [ 487014.281805573904421, 6205093.527183539234102 ], [ 486940.15357361221686, 6204545.24352413136512 ], [ 487370.186294517130591, 6204188.858884641900659 ], [ 487874.324228577839676, 6204380.764443685300648 ], [ 487948.43609221681254, 6204929.031183009967208 ], [ 487518.426388573134318, 6205285.409281454980373 ], [ 487014.281805573904421, 6205093.527183539234102 ] ] ] } },
{ "type": "Feature", "properties": { "h3_id": "880b9a7717fffff", "h3_resolution": 8, "center_lat": 55.961959977227885, "center_lng": 92.83094612542989, "district_name": "Свердловский район", "total_levels": 6.0, "district_total_levels": 8998.0, "population_2020": 163470, "population_estimated": 109, "pvz_count": 0, "pvz_per_10k_people": 0.0 }, "geometry": { "type": "Polygon", "coordinates": [ [ [ 489016.13506525097182, 6202215.097854426130652 ], [ 488942.038314400881063, 6201666.784651697613299 ], [ 489372.041516586439684, 6201310.43839643523097 ], [ 489876.118462076061405, 6201502.41184286493808 ], [ 489950.198883904144168, 6202050.708110421895981 ], [ 489520.218687718792353, 6202407.04786479845643 ], [ 489016.13506525097182, 6202215.097854426130652 ] ] ] } },
{ "type": "Feature", "properties": { "h3_id": "880b9a7519fffff", "h3_resolution": 8, "center_lat": 55.954656394018365, "center_lng": 92.905761467852344, "district_name": "Свердловский район", "total_levels": 0.0, "district_total_levels": 8998.0, "population_2020": 163470, "population_estimated": 0, "pvz_count": 0, "pvz_per_10k_people": 0.0 }, "geometry": { "type": "Polygon", "coordinates": [ [ [ 493685.797434862353839, 6201393.269459405913949 ], [ 493611.782283000880852, 6200845.04093000292778 ], [ 494041.662046566081699, 6200488.767096230760217 ], [ 494545.533970210584812, 6200680.728277031332254 ], [ 494619.532816110178828, 6201228.939872531220317 ], [ 494189.676042781036813, 6201585.207219203934073 ], [ 493685.797434862353839, 6201393.269459405913949 ] ] ] } },
{ "type": "Feature", "properties": { "h3_id": "880b9a7451fffff", "h3_resolution": 8, "center_lat": 56.006306684454593, "center_lng": 92.8414443113804, "district_name": "Железнодорожный район", "total_levels": 532.0, "district_total_levels": 3954.0, "population_2020": 100946, "population_estimated": 13582, "pvz_count": 3, "pvz_per_10k_people": 2.2088057723457517 }, "geometry": { "type": "Polygon", "coordinates": [ [ [ 489682.911447855702136, 6207149.197941552847624 ], [ 489608.833590830385219, 6206601.028575553558767 ], [ 490038.772651701874565, 6206244.678059985861182 ], [ 490542.766555276233703, 6206436.503475865349174 ], [ 490616.828027786919847, 6206984.655938122421503 ], [ 490186.911979691416491, 6207340.999886326491833 ], [ 489682.911447855702136, 6207149.197941552847624 ] ] ] } },
{ "type": "Feature", "properties": { "h3_id": "880b9a76ebfffff", "h3_resolution": 8, "center_lat": 56.032120801928642, "center_lng": 92.809219293914154, "district_name": "Железнодорожный район", "total_levels": 255.0, "district_total_levels": 3954.0, "population_2020": 100946, "population_estimated": 6510, "pvz_count": 2, "pvz_per_10k_people": 3.0721966205837172 }, "geometry": { "type": "Polygon", "coordinates": [ [ [ 487681.34189420187613, 6210027.359481984749436 ], [ 487607.232480877544731, 6209479.220039007253945 ], [ 488037.200846044579521, 6209122.831397023051977 ], [ 488541.255598980467767, 6209314.58880359120667 ], [ 488615.348588507738896, 6209862.71135794557631 ], [ 488185.403247348440345, 6210219.09339243452996 ], [ 487681.34189420187613, 6210027.359481984749436 ] ] ] } },
{ "type": "Feature", "properties": { "h3_id": "880b9a74edfffff", "h3_resolution": 8, "center_lat": 56.007111441155651, "center_lng": 92.910607854217176, "district_name": "Центральный район", "total_levels": 16.0, "district_total_levels": 8464.0, "population_2020": 86061, "population_estimated": 163, "pvz_count": 0, "pvz_per_10k_people": 0.0 }, "geometry": { "type": "Polygon", "coordinates": [ [ [ 493996.021476139780134, 6207230.963644312694669 ], [ 493922.020515903714113, 6206682.894350958056748 ], [ 494351.838039485912304, 6206326.6082719033584 ], [ 494855.633522030082531, 6206518.398050280287862 ], [ 494929.61810931871878, 6207066.450446245260537 ], [ 494499.823585465084761, 6207422.729959308169782 ], [ 493996.021476139780134, 6207230.963644312694669 ] ] ] } },
{ "type": "Feature", "properties": { "h3_id": "880b9a3967fffff", "h3_resolution": 8, "center_lat": 56.032710650973407, "center_lng": 92.724977139703171, "district_name": "Октябрьский район", "total_levels": 255.0, "district_total_levels": 17839.0, "population_2020": 186772, "population_estimated": 2670, "pvz_count": 0, "pvz_per_10k_people": 0.0 }, "geometry": { "type": "Polygon", "coordinates": [ [ [ 482431.833407807163894, 6210110.784890098497272 ], [ 482357.630486458016094, 6209562.528448570519686 ], [ 482787.744595714902971, 6209206.060858152806759 ], [ 483292.038584615744185, 6209397.856319000944495 ], [ 483366.225065959210042, 6209946.095865312032402 ], [ 482936.133996859309264, 6210302.55684407427907 ], [ 482431.833407807163894, 6210110.784890098497272 ] ] ] } },
{ "type": "Feature", "properties": { "h3_id": "880b9a74c1fffff", "h3_resolution": 8, "center_lat": 56.031473849310551, "center_lng": 92.893422636894712, "district_name": "Советский район", "total_levels": 308.0, "district_total_levels": 14302.0, "population_2020": 368563, "population_estimated": 7937, "pvz_count": 0, "pvz_per_10k_people": 0.0 }, "geometry": { "type": "Polygon", "coordinates": [ [ [ 492928.591936701908708, 6209943.983531290665269 ], [ 492854.575996563304216, 6209395.961038459092379 ], [ 493284.398402157239616, 6209039.651310444809496 ], [ 493788.213738517893944, 6209231.3706766795367 ], [ 493862.213271081156563, 6209779.376287470571697 ], [ 493432.413873311248608, 6210135.679412153549492 ], [ 492928.591936701908708, 6209943.983531290665269 ] ] ] } },
{ "type": "Feature", "properties": { "h3_id": "880b9a3923fffff", "h3_resolution": 8, "center_lat": 56.044598002925575, "center_lng": 92.758460612292041, "district_name": "Октябрьский район", "total_levels": 389.0, "district_total_levels": 17839.0, "population_2020": 186772, "population_estimated": 4073, "pvz_count": 1, "pvz_per_10k_people": 2.4551927326295115 }, "geometry": { "type": "Polygon", "coordinates": [ [ [ 484523.048925977549516, 6211425.990436158142984 ], [ 484448.8851093731937, 6210877.815994004718959 ], [ 484878.928620930877514, 6210521.376102484762669 ], [ 485383.112911426345818, 6210713.117279456928372 ], [ 485457.260278793633915, 6211261.27483738027513 ], [ 485027.239803353964817, 6211617.70810064021498 ], [ 484523.048925977549516, 6211425.990436158142984 ] ] ] } },
{ "type": "Feature", "properties": { "h3_id": "880b9a74a9fffff", "h3_resolution": 8, "center_lat": 56.018946554841257, "center_lng": 92.944090942834933, "district_name": "Советский район", "total_levels": 0.0, "district_total_levels": 14302.0, "population_2020": 368563, "population_estimated": 0, "pvz_count": 0, "pvz_per_10k_people": 0.0 }, "geometry": { "type": "Polygon", "coordinates": [ [ [ 496085.04081932362169, 6208545.959701532498002 ], [ 496011.079053573077545, 6207997.972247377038002 ], [ 496440.825928661040962, 6207641.713770101778209 ], [ 496944.511572282412089, 6207833.449327659793198 ], [ 497018.456955882778857, 6208381.419895396567881 ], [ 496588.733076467062347, 6208737.671790078282356 ], [ 496085.04081932362169, 6208545.959701532498002 ] ] ] } },
{ "type": "Feature", "properties": { "h3_id": "880b9a7495fffff", "h3_resolution": 8, "center_lat": 56.048488174236063, "center_lng": 92.95117111349191, "district_name": "Советский район", "total_levels": 254.0, "district_total_levels": 14302.0, "population_2020": 368563, "population_estimated": 6546, "pvz_count": 3, "pvz_per_10k_people": 4.5829514207149407 }, "geometry": { "type": "Polygon", "coordinates": [ [ [ 496528.766121308028232, 6211833.547542392276227 ], [ 496454.81730406684801, 6211285.656377917155623 ], [ 496884.521463095443323, 6210929.395390309393406 ], [ 497388.151437660970259, 6211121.032192084006965 ], [ 497462.083835873752832, 6211668.906491105444729 ], [ 497032.402677005389705, 6212025.160851893015206 ], [ 496528.766121308028232, 6211833.547542392276227 ] ] ] } },
{ "type": "Feature", "properties": { "h3_id": "880b9a76a7fffff", "h3_resolution": 8, "center_lat": 56.026282722268938, "center_lng": 92.869184091880172, "district_name": "Центральный район", "total_levels": 726.0, "district_total_levels": 8464.0, "population_2020": 86061, "population_estimated": 7382, "pvz_count": 1, "pvz_per_10k_people": 1.3546464372798701 }, "geometry": { "type": "Polygon", "coordinates": [ [ [ 491416.97526883991668, 6209368.839219189248979 ], [ 491342.931522932776716, 6208820.767329252324998 ], [ 491772.801546825969126, 6208464.43654483743012 ], [ 492276.692303654388525, 6208656.184244864620268 ], [ 492350.719644276425242, 6209204.239247156307101 ], [ 491920.872631808975711, 6209560.563435150310397 ], [ 491416.97526883991668, 6209368.839219189248979 ] ] ] } },
{ "type": "Feature", "properties": { "h3_id": "880b9a74d5fffff", "h3_resolution": 8, "center_lat": 56.044780041143717, "center_lng": 92.911935587516851, "district_name": "Советский район", "total_levels": 476.0, "district_total_levels": 14302.0, "population_2020": 368563, "population_estimated": 12267, "pvz_count": 5, "pvz_per_10k_people": 4.0759761962990133 }, "geometry": { "type": "Polygon", "coordinates": [ [ [ 494084.199015603691805, 6211423.296792578883469 ], [ 494010.205911184311844, 6210875.339352841489017 ], [ 494439.982301585027017, 6210519.042841169983149 ], [ 494943.728787939762697, 6210710.710390004329383 ], [ 495017.705470967572182, 6211258.650958437472582 ], [ 494587.952087482553907, 6211614.940847425721586 ], [ 494084.199015603691805, 6211423.296792578883469 ] ] ] } },
{ "type": "Feature", "properties": { "h3_id": "880b9a7667fffff", "h3_resolution": 8, "center_lat": 55.9758905831996, "center_lng": 92.765303292482955, "district_name": "Свердловский район", "total_levels": 35.0, "district_total_levels": 8998.0, "population_2020": 163470, "population_estimated": 636, "pvz_count": 0, "pvz_per_10k_people": 0.0 }, "geometry": { "type": "Polygon", "coordinates": [ [ [ 484923.287338974536397, 6203777.554825905710459 ], [ 484849.120148918475024, 6203229.189366301521659 ], [ 485279.223521106003318, 6202872.777187653817236 ], [ 485783.47106050531147, 6203064.736991084180772 ], [ 485857.621891518298071, 6203613.085519620217383 ], [ 485427.541540625097696, 6203969.491173868998885 ], [ 484923.287338974536397, 6203777.554825905710459 ] ] ] } },
{ "type": "Feature", "properties": { "h3_id": "880b9a7469fffff", "h3_resolution": 8, "center_lat": 55.968623333483073, "center_lng": 92.840179528209518, "district_name": "Свердловский район", "total_levels": 6.0, "district_total_levels": 8998.0, "population_2020": 163470, "population_estimated": 109, "pvz_count": 0, "pvz_per_10k_people": 0.0 }, "geometry": { "type": "Polygon", "coordinates": [ [ [ 489594.30412870447617, 6202955.328671577386558 ], [ 489520.218687718792353, 6202407.04786479845643 ], [ 489950.198883904144168, 6202050.708110421895981 ], [ 490454.241513970016968, 6202242.655671501532197 ], [ 490528.310618985095061, 6202790.919548472389579 ], [ 490098.353428358968813, 6203147.252792251296341 ], [ 489594.30412870447617, 6202955.328671577386558 ] ] ] } },
{ "type": "Feature", "properties": { "h3_id": "880b9a29a3fffff", "h3_resolution": 8, "center_lat": 56.117072009836967, "center_lng": 93.098212635030634, "district_name": "Советский район", "total_levels": 0.0, "district_total_levels": 14302.0, "population_2020": 368563, "population_estimated": 0, "pvz_count": 0, "pvz_per_10k_people": 0.0 }, "geometry": { "type": "Polygon", "coordinates": [ [ [ 505677.406678839121014, 6219469.999043388292193 ], [ 505603.634032656962518, 6218922.516908868215978 ], [ 506033.011408815218601, 6218566.372603175230324 ], [ 506536.13844401598908, 6218757.717154767364264 ], [ 506609.894609478360508, 6219305.182483557611704 ], [ 506180.540218911832199, 6219661.32006457913667 ], [ 505677.406678839121014, 6219469.999043388292193 ] ] ] } },
{ "type": "Feature", "properties": { "h3_id": "880b9a763bfffff", "h3_resolution": 8, "center_lat": 56.010676162114308, "center_lng": 92.796485807923077, "district_name": "Октябрьский район", "total_levels": 672.0, "district_total_levels": 17839.0, "population_2020": 186772, "population_estimated": 7036, "pvz_count": 2, "pvz_per_10k_people": 2.8425241614553722 }, "geometry": { "type": "Polygon", "coordinates": [ [ [ 486880.768165422952734, 6207642.896177507936954 ], [ 486806.641127123555634, 6207094.676098793745041 ], [ 487236.653987092780881, 6206738.282166142947972 ], [ 487740.770861602970399, 6206930.114885943941772 ], [ 487814.881501522380859, 6207478.318060172721744 ], [ 487384.891663765825797, 6207834.705417164601386 ], [ 486880.768165422952734, 6207642.896177507936954 ] ] ] } },
{ "type": "Feature", "properties": { "h3_id": "880b9a743dfffff", "h3_resolution": 8, "center_lat": 55.985679415469022, "center_lng": 92.897837528524832, "district_name": "Свердловский район", "total_levels": 116.0, "district_total_levels": 8998.0, "population_2020": 163470, "population_estimated": 2107, "pvz_count": 1, "pvz_per_10k_people": 4.7460844803037494 }, "geometry": { "type": "Polygon", "coordinates": [ [ [ 493196.140583777509164, 6204846.748895480297506 ], [ 493122.121851090691052, 6204298.599172374233603 ], [ 493551.983711290697102, 6203942.307927386835217 ], [ 494055.841304715839215, 6204134.17293775267899 ], [ 494129.843689854489639, 6204682.305747635662556 ], [ 493700.004827573429793, 6205038.590458456426859 ], [ 493196.140583777509164, 6204846.748895480297506 ] ] ] } },
{ "type": "Feature", "properties": { "h3_id": "880b9a2869fffff", "h3_resolution": 8, "center_lat": 56.118623519880217, "center_lng": 92.929611815558388, "district_name": "Советский район", "total_levels": 262.0, "district_total_levels": 14302.0, "population_2020": 368563, "population_estimated": 6752, "pvz_count": 6, "pvz_per_10k_people": 8.8862559241706158 }, "geometry": { "type": "Polygon", "coordinates": [ [ [ 495193.837208701879717, 6219640.725616494193673 ], [ 495119.876455453806557, 6219093.01003248244524 ], [ 495549.545544110937044, 6218736.708042295649648 ], [ 496053.152366426831577, 6218928.128367353230715 ], [ 496127.096606193168554, 6219475.8271325500682 ], [ 495697.450535576906987, 6219832.122389597818255 ], [ 495193.837208701879717, 6219640.725616494193673 ] ] ] } },
{ "type": "Feature", "properties": { "h3_id": "880b9a7411fffff", "h3_resolution": 8, "center_lat": 56.010042440382769, "center_lng": 92.880652522050866, "district_name": "Центральный район", "total_levels": 466.0, "district_total_levels": 8464.0, "population_2020": 86061, "population_estimated": 4738, "pvz_count": 4, "pvz_per_10k_people": 8.4423807513718874 }, "geometry": { "type": "Polygon", "coordinates": [ [ [ 492128.631239907292183, 6207560.026138844899833 ], [ 492054.597519909148104, 6207011.923049964010715 ], [ 492484.4643254900584, 6206655.60803765617311 ], [ 492988.341843494214118, 6206847.402683828026056 ], [ 493062.359181299980264, 6207395.488874821923673 ], [ 492632.515381747449283, 6207751.797315610572696 ], [ 492128.631239907292183, 6207560.026138844899833 ] ] ] } },
{ "type": "Feature", "properties": { "h3_id": "880b9a0c9dfffff", "h3_resolution": 8, "center_lat": 56.023691844157945, "center_lng": 92.661493083122238, "district_name": "Октябрьский район", "total_levels": 7.0, "district_total_levels": 17839.0, "population_2020": 186772, "population_estimated": 73, "pvz_count": 0, "pvz_per_10k_people": 0.0 }, "geometry": { "type": "Polygon", "coordinates": [ [ [ 478470.799984632409178, 6209124.641167351044714 ], [ 478396.5251528317458, 6208576.268937170505524 ], [ 478826.758875368977897, 6208219.744717614725232 ], [ 479331.244377694732975, 6208411.599326898343861 ], [ 479405.502769498329144, 6208959.954650372266769 ], [ 478975.292097419442143, 6209316.47226934786886 ], [ 478470.799984632409178, 6209124.641167351044714 ] ] ] } },
{ "type": "Feature", "properties": { "h3_id": "880b9a0db9fffff", "h3_resolution": 8, "center_lat": 55.957321876892394, "center_lng": 92.722652350177398, "district_name": "Свердловский район", "total_levels": 0.0, "district_total_levels": 8998.0, "population_2020": 163470, "population_estimated": 0, "pvz_count": 0, "pvz_per_10k_people": 0.0 }, "geometry": { "type": "Polygon", "coordinates": [ [ [ 482253.211511799308937, 6201720.819924888201058 ], [ 482178.994188607553951, 6201172.340283929370344 ], [ 482609.1912422774476, 6200815.894095201976597 ], [ 483113.582591834536288, 6201007.934043541550636 ], [ 483187.783572246727999, 6201556.396737085655332 ], [ 482757.609544334816746, 6201912.836427779868245 ], [ 482253.211511799308937, 6201720.819924888201058 ] ] ] } },
{ "type": "Feature", "properties": { "h3_id": "880b9a294bfffff", "h3_resolution": 8, "center_lat": 56.086144641321653, "center_lng": 92.952535759231992, "district_name": "Советский район", "total_levels": 0.0, "district_total_levels": 14302.0, "population_2020": 368563, "population_estimated": 0, "pvz_count": 0, "pvz_per_10k_people": 0.0 }, "geometry": { "type": "Polygon", "coordinates": [ [ [ 496616.691385644720867, 6216024.606626217253506 ], [ 496542.750598575046752, 6215476.827779384329915 ], [ 496972.41353603603784, 6215120.556710990145802 ], [ 497475.994251705415081, 6215312.071170954033732 ], [ 497549.918571382935625, 6215859.83317843824625 ], [ 497120.278641232580412, 6216216.097563395276666 ], [ 496616.691385644720867, 6216024.606626217253506 ] ] ] } },
{ "type": "Feature", "properties": { "h3_id": "880b9a75e3fffff", "h3_resolution": 8, "center_lat": 55.963558522429928, "center_lng": 92.969114616233668, "district_name": "Кировский район", "total_levels": 1.0, "district_total_levels": 5412.0, "population_2020": 125182, "population_estimated": 23, "pvz_count": 0, "pvz_per_10k_people": 0.0 }, "geometry": { "type": "Polygon", "coordinates": [ [ [ 497642.18147235782817, 6202380.410108719021082 ], [ 497568.237966937478632, 6201832.297097870148718 ], [ 497997.997587963123806, 6201476.079676385037601 ], [ 498501.677732989774086, 6201667.981762051582336 ], [ 498575.604932417685632, 6202216.077850467525423 ], [ 498145.868291268823668, 6202572.288773726671934 ], [ 497642.18147235782817, 6202380.410108719021082 ] ] ] } },
{ "type": "Feature", "properties": { "h3_id": "880b9a2b1dfffff", "h3_resolution": 8, "center_lat": 56.106798406071363, "center_lng": 92.896051764160049, "district_name": "Советский район", "total_levels": 276.0, "district_total_levels": 14302.0, "population_2020": 368563, "population_estimated": 7113, "pvz_count": 1, "pvz_per_10k_people": 1.4058765640376776 }, "geometry": { "type": "Polygon", "coordinates": [ [ [ 493105.133932430879213, 6218327.262493352405727 ], [ 493031.133676817524247, 6217779.464745575562119 ], [ 493460.873328970046714, 6217423.134882516227663 ], [ 493964.590213069750462, 6217614.609481940045953 ], [ 494038.573964310693555, 6218162.390399925410748 ], [ 493608.85733427311061, 6218518.713546368293464 ], [ 493105.133932430879213, 6218327.262493352405727 ] ] ] } },
{ "type": "Feature", "properties": { "h3_id": "880b9a7559fffff", "h3_resolution": 8, "center_lat": 55.950922261035537, "center_lng": 92.866606977399798, "district_name": "Свердловский район", "total_levels": 0.0, "district_total_levels": 8998.0, "population_2020": 163470, "population_estimated": 0, "pvz_count": 0, "pvz_per_10k_people": 0.0 }, "geometry": { "type": "Polygon", "coordinates": [ [ [ 491240.086804230988491, 6200981.733782676979899 ], [ 491166.027707531873602, 6200433.439016287215054 ], [ 491595.979873124277219, 6200077.129732999019325 ], [ 492099.96813688299153, 6200269.121697089634836 ], [ 492174.01092534174677, 6200817.399523711763322 ], [ 491744.081756738305558, 6201173.70232408773154 ], [ 491240.086804230988491, 6200981.733782676979899 ] ] ] } },
{ "type": "Feature", "properties": { "h3_id": "880b9a75b7fffff", "h3_resolution": 8, "center_lat": 55.980549938229295, "center_lng": 93.026778770054733, "district_name": "Ленинский район", "total_levels": 0.0, "district_total_levels": 4826.0, "population_2020": 156777, "population_estimated": 0, "pvz_count": 0, "pvz_per_10k_people": 0.0 }, "geometry": { "type": "Polygon", "coordinates": [ [ [ 501241.337876272271387, 6204271.344584671780467 ], [ 501167.461220258264802, 6203723.362548452802002 ], [ 501597.102431090432219, 6203367.193583124317229 ], [ 502100.597324182861485, 6203559.013173878192902 ], [ 502174.457662674889434, 6204106.978304229676723 ], [ 501744.83942405343987, 6204463.140747777186334 ], [ 501241.337876272271387, 6204271.344584671780467 ] ] ] } },
{ "type": "Feature", "properties": { "h3_id": "880b9a7757fffff", "h3_resolution": 8, "center_lat": 55.958202266372481, "center_lng": 92.791776433618352, "district_name": "Свердловский район", "total_levels": 0.0, "district_total_levels": 8998.0, "population_2020": 163470, "population_estimated": 0, "pvz_count": 0, "pvz_per_10k_people": 0.0 }, "geometry": { "type": "Polygon", "coordinates": [ [ [ 486569.481198554858565, 6201803.585572740994394 ], [ 486495.340491492766887, 6201255.206103689037263 ], [ 486925.416012766188942, 6200898.82437848392874 ], [ 487429.609226816508453, 6201090.828617107123137 ], [ 487503.733602583233733, 6201639.191145117394626 ], [ 487073.681094047497027, 6201995.566373621113598 ], [ 486569.481198554858565, 6201803.585572740994394 ] ] ] } },
{ "type": "Feature", "properties": { "h3_id": "880b9a6619fffff", "h3_resolution": 8, "center_lat": 56.047741363088761, "center_lng": 93.035342803226357, "district_name": "Ленинский район", "total_levels": 10.0, "district_total_levels": 4826.0, "population_2020": 156777, "population_estimated": 325, "pvz_count": 0, "pvz_per_10k_people": 0.0 }, "geometry": { "type": "Polygon", "coordinates": [ [ [ 501771.984460378531367, 6211749.838139555417001 ], [ 501698.129186998819932, 6211202.063817383721471 ], [ 502127.687128027901053, 6210845.881684725172818 ], [ 502631.077356964873616, 6211037.480494971387088 ], [ 502704.91622759058373, 6211585.237958263605833 ], [ 502275.381270486745052, 6211941.413468271493912 ], [ 501771.984460378531367, 6211749.838139555417001 ] ] ] } },
{ "type": "Feature", "properties": { "h3_id": "880b9a664bfffff", "h3_resolution": 8, "center_lat": 56.029293199757646, "center_lng": 92.992562037183873, "district_name": "Ленинский район", "total_levels": 0.0, "district_total_levels": 4826.0, "population_2020": 156777, "population_estimated": 0, "pvz_count": 0, "pvz_per_10k_people": 0.0 }, "geometry": { "type": "Polygon", "coordinates": [ [ [ 499106.816992242471315, 6209696.090613642707467 ], [ 499032.910881630436052, 6209148.201898032799363 ], [ 499462.562449905846734, 6208791.985502811148763 ], [ 499966.097138794197235, 6208983.664417695254087 ], [ 500039.986862700025085, 6209531.536258097738028 ], [ 499610.358282878121827, 6209887.746056905947626 ], [ 499106.816992242471315, 6209696.090613642707467 ] ] ] } },
{ "type": "Feature", "properties": { "h3_id": "880b9a758bfffff", "h3_resolution": 8, "center_lat": 55.986456280780551, "center_lng": 92.966948572870649, "district_name": "Кировский район", "total_levels": 185.0, "district_total_levels": 5412.0, "population_2020": 125182, "population_estimated": 4279, "pvz_count": 1, "pvz_per_10k_people": 2.336994624912363 }, "geometry": { "type": "Polygon", "coordinates": [ [ [ 497508.20092012808891, 6204928.929948365315795 ], [ 497434.258947835187428, 6204380.88028618413955 ], [ 497863.999063142226078, 6204024.653453398495913 ], [ 498367.658164348627906, 6204216.482813693583012 ], [ 498441.583800643100403, 6204764.515569010749459 ], [ 498011.866670186456759, 6205120.735868981108069 ], [ 497508.20092012808891, 6204928.929948365315795 ] ] ] } },
{ "type": "Feature", "properties": { "h3_id": "880b9a7585fffff", "h3_resolution": 8, "center_lat": 55.970209080680171, "center_lng": 92.97836332400486, "district_name": "Кировский район", "total_levels": 0.0, "district_total_levels": 5412.0, "population_2020": 125182, "population_estimated": 0, "pvz_count": 0, "pvz_per_10k_people": 0.0 }, "geometry": { "type": "Polygon", "coordinates": [ [ [ 498219.800408103328664, 6203120.369408621452749 ], [ 498145.868291268823668, 6202572.288773726671934 ], [ 498575.604932417685632, 6202216.077850467525423 ], [ 499079.250709432468284, 6202407.954068097285926 ], [ 499153.166513348638546, 6202956.017785913310945 ], [ 498723.452851628186181, 6203312.222201256081462 ], [ 498219.800408103328664, 6203120.369408621452749 ] ] ] } },
{ "type": "Feature", "properties": { "h3_id": "880b9a6645fffff", "h3_resolution": 8, "center_lat": 56.013046819148208, "center_lng": 93.003976983989673, "district_name": "Ленинский район", "total_levels": 0.0, "district_total_levels": 4826.0, "population_2020": 156777, "population_estimated": 0, "pvz_count": 0, "pvz_per_10k_people": 0.0 }, "geometry": { "type": "Polygon", "coordinates": [ [ [ 499818.311146877182182, 6207887.872652503661811 ], [ 499744.414881974400487, 6207339.952742546796799 ], [ 500174.063060579297598, 6206983.752099124714732 ], [ 500677.584519497526344, 6207175.477935283444822 ], [ 500751.46442075347295, 6207723.380959804169834 ], [ 500321.839225192961749, 6208079.575031686574221 ], [ 499818.311146877182182, 6207887.872652503661811 ] ] ] } },
{ "type": "Feature", "properties": { "h3_id": "880b9a775dfffff", "h3_resolution": 8, "center_lat": 55.952983452059193, "center_lng": 92.76757924040767, "district_name": "Свердловский район", "total_levels": 0.0, "district_total_levels": 8998.0, "population_2020": 163470, "population_estimated": 0, "pvz_count": 0, "pvz_per_10k_people": 0.0 }, "geometry": { "type": "Polygon", "coordinates": [ [ [ 485056.730983121669851, 6201227.586481413803995 ], [ 484982.562674436543602, 6200679.157681938260794 ], [ 485412.685853533213958, 6200322.754976606927812 ], [ 485916.954323446087074, 6200514.787558575160801 ], [ 485991.106303184817079, 6201063.199411394074559 ], [ 485561.006140412879176, 6201419.595626974478364 ], [ 485056.730983121669851, 6201227.586481413803995 ] ] ] } },
{ "type": "Feature", "properties": { "h3_id": "880b9a75b1fffff", "h3_resolution": 8, "center_lat": 55.982029083769824, "center_lng": 93.011824512545815, "district_name": "Ленинский район", "total_levels": 143.0, "district_total_levels": 4826.0, "population_2020": 156777, "population_estimated": 4645, "pvz_count": 2, "pvz_per_10k_people": 4.3057050592034445 }, "geometry": { "type": "Polygon", "coordinates": [ [ [ 500308.152293769526295, 6204435.722888235002756 ], [ 500234.259315614006482, 6203887.723945902660489 ], [ 500663.925267315236852, 6203531.54051470104605 ], [ 501167.461220258264802, 6203723.362548452802002 ], [ 501241.337876272271387, 6204271.344584671780467 ], [ 500811.694899942260236, 6204627.521491333842278 ], [ 500308.152293769526295, 6204435.722888235002756 ] ] ] } },
{ "type": "Feature", "properties": { "h3_id": "880b9a7731fffff", "h3_resolution": 8, "center_lat": 55.945718472907018, "center_lng": 92.842414077588941, "district_name": "Свердловский район", "total_levels": 0.0, "district_total_levels": 8998.0, "population_2020": 163470, "population_estimated": 0, "pvz_count": 0, "pvz_per_10k_people": 0.0 }, "geometry": { "type": "Polygon", "coordinates": [ [ [ 489727.95132706296863, 6200405.771491681225598 ], [ 489653.86461701290682, 6199857.427422941662371 ], [ 490083.864474066416733, 6199501.097176642157137 ], [ 490587.928039044607431, 6199693.117473116144538 ], [ 490661.998443195130676, 6200241.444596472196281 ], [ 490232.021586722286884, 6200597.768366812728345 ], [ 489727.95132706296863, 6200405.771491681225598 ] ] ] } },
{ "type": "Feature", "properties": { "h3_id": "880b9a2919fffff", "h3_resolution": 8, "center_lat": 56.104597137662886, "center_lng": 92.995365214266172, "district_name": "Советский район", "total_levels": 0.0, "district_total_levels": 14302.0, "population_2020": 368563, "population_estimated": 0, "pvz_count": 0, "pvz_per_10k_people": 0.0 }, "geometry": { "type": "Polygon", "coordinates": [ [ [ 499282.157532679731958, 6218077.311313481070101 ], [ 499208.267761230817996, 6217529.647175397723913 ], [ 499637.837105920712929, 6217173.410615776665509 ], [ 500141.273217746871524, 6217364.844901948235929 ], [ 500215.146505818527658, 6217912.49221702478826 ], [ 499785.600163892493583, 6218268.722067029215395 ], [ 499282.157532679731958, 6218077.311313481070101 ] ] ] } },
{ "type": "Feature", "properties": { "h3_id": "880b9a2b17fffff", "h3_resolution": 8, "center_lat": 56.111976832062247, "center_lng": 92.920336116052781, "district_name": "Советский район", "total_levels": 350.0, "district_total_levels": 14302.0, "population_2020": 368563, "population_estimated": 9020, "pvz_count": 6, "pvz_per_10k_people": 6.6518847006651889 }, "geometry": { "type": "Polygon", "coordinates": [ [ [ 494616.228598428191617, 6218901.587315588258207 ], [ 494542.256340412772261, 6218353.839058925397694 ], [ 494971.948447578120977, 6217997.530345250852406 ], [ 495475.589792700833641, 6218188.976609819568694 ], [ 495549.545544110937044, 6218736.708042295649648 ], [ 495119.876455453806557, 6219093.01003248244524 ], [ 494616.228598428191617, 6218901.587315588258207 ] ] ] } },
{ "type": "Feature", "properties": { "h3_id": "880b9a75ddfffff", "h3_resolution": 8, "center_lat": 55.989399205699506, "center_lng": 92.937020322702864, "district_name": "Кировский район", "total_levels": 432.0, "district_total_levels": 5412.0, "population_2020": 125182, "population_estimated": 9992, "pvz_count": 4, "pvz_per_10k_people": 4.0032025620496396 }, "geometry": { "type": "Polygon", "coordinates": [ [ [ 495641.237966532295104, 6205257.794790376909077 ], [ 495567.263308382884134, 6204709.711313713341951 ], [ 495997.052816881507169, 6204353.455543234013021 ], [ 496500.793990821752232, 6204545.289785833097994 ], [ 496574.752303732966539, 6205093.3563551325351 ], [ 496144.985786399513017, 6205449.605587277561426 ], [ 495641.237966532295104, 6205257.794790376909077 ] ] ] } },
{ "type": "Feature", "properties": { "h3_id": "880b9a0d93fffff", "h3_resolution": 8, "center_lat": 55.980230353135113, "center_lng": 92.720351538368789, "district_name": "Октябрьский район", "total_levels": 115.0, "district_total_levels": 17839.0, "population_2020": 186772, "population_estimated": 1204, "pvz_count": 0, "pvz_per_10k_people": 0.0 }, "geometry": { "type": "Polygon", "coordinates": [ [ [ 482119.890340317913797, 6204271.034988202154636 ], [ 482045.674045438761823, 6203722.618733889423311 ], [ 482475.851204512466211, 6203366.163092719390988 ], [ 482980.221626198268496, 6203558.130236631259322 ], [ 483054.421548187674489, 6204106.529559123329818 ], [ 482624.26741983438842, 6204462.978667600080371 ], [ 482119.890340317913797, 6204271.034988202154636 ] ] ] } },
{ "type": "Feature", "properties": { "h3_id": "880b9a2945fffff", "h3_resolution": 8, "center_lat": 56.069903107494319, "center_lng": 92.963983594554662, "district_name": "Советский район", "total_levels": 316.0, "district_total_levels": 14302.0, "population_2020": 368563, "population_estimated": 8143, "pvz_count": 1, "pvz_per_10k_people": 1.2280486307257767 }, "geometry": { "type": "Polygon", "coordinates": [ [ [ 497328.139083753107116, 6214216.498801486566663 ], [ 497254.20823858876247, 6213668.688454311341047 ], [ 497683.86800622777082, 6213312.432934095151722 ], [ 498187.43561555078486, 6213503.994417726062238 ], [ 498261.350016372860409, 6214051.787915299646556 ], [ 497831.713250665634405, 6214408.036776933819056 ], [ 497328.139083753107116, 6214216.498801486566663 ] ] ] } },
{ "type": "Feature", "properties": { "h3_id": "880b9a0c97fffff", "h3_resolution": 8, "center_lat": 56.028926683135133, "center_lng": 92.685730542786558, "district_name": "Октябрьский район", "total_levels": 3.0, "district_total_levels": 17839.0, "population_2020": 186772, "population_estimated": 31, "pvz_count": 0, "pvz_per_10k_people": 0.0 }, "geometry": { "type": "Polygon", "coordinates": [ [ [ 479984.201055647747125, 6209700.106108673848212 ], [ 479909.953946301597171, 6209151.783324879594147 ], [ 480340.140120900352485, 6208795.280182092450559 ], [ 480844.550356416031718, 6208987.106428689323366 ], [ 480918.781023443618324, 6209535.412311402149498 ], [ 480488.617895722272806, 6209891.908846681937575 ], [ 479984.201055647747125, 6209700.106108673848212 ] ] ] } },
{ "type": "Feature", "properties": { "h3_id": "880b9a740bfffff", "h3_resolution": 8, "center_lat": 55.996726589563025, "center_lng": 92.862161438710345, "district_name": "Центральный район", "total_levels": 0.0, "district_total_levels": 8464.0, "population_2020": 86061, "population_estimated": 0, "pvz_count": 0, "pvz_per_10k_people": 0.0 }, "geometry": { "type": "Polygon", "coordinates": [ [ [ 490972.680996678536758, 6206080.167431338690221 ], [ 490898.624543038255069, 6205531.999414109624922 ], [ 491328.537362024537288, 6205175.671287821605802 ], [ 491832.483626178465784, 6205367.517728988081217 ], [ 491906.523711479734629, 6205915.668837607838213 ], [ 491476.633899420558009, 6206271.990411751903594 ], [ 490972.680996678536758, 6206080.167431338690221 ] ] ] } },
{ "type": "Feature", "properties": { "h3_id": "880b9a76d9fffff", "h3_resolution": 8, "center_lat": 56.064590441590717, "center_lng": 92.786198210533598, "district_name": "Октябрьский район", "total_levels": 0.0, "district_total_levels": 17839.0, "population_2020": 186772, "population_estimated": 0, "pvz_count": 0, "pvz_per_10k_people": 0.0 }, "geometry": { "type": "Polygon", "coordinates": [ [ [ 486257.941672948072664, 6213645.393487133085728 ], [ 486183.811940590676386, 6213097.316786664538085 ], [ 486613.786345151776914, 6212740.896808956749737 ], [ 487117.8674457599991, 6212932.560187101364136 ], [ 487191.980708116898313, 6213480.620019453577697 ], [ 486762.029338314605411, 6213837.033339868299663 ], [ 486257.941672948072664, 6213645.393487133085728 ] ] ] } },
{ "type": "Feature", "properties": { "h3_id": "880b9a7609fffff", "h3_resolution": 8, "center_lat": 56.000244145176225, "center_lng": 92.748034826002495, "district_name": "Октябрьский район", "total_levels": 0.0, "district_total_levels": 17839.0, "population_2020": 186772, "population_estimated": 0, "pvz_count": 0, "pvz_per_10k_people": 0.0 }, "geometry": { "type": "Polygon", "coordinates": [ [ [ 483855.499899623857345, 6206491.842303234152496 ], [ 483781.317437379970215, 6205943.523434166796505 ], [ 484211.425505619961768, 6205587.087420186959207 ], [ 484715.693005166947842, 6205778.976835158653557 ], [ 484789.859073668485507, 6206327.278788513503969 ], [ 484359.774034816771746, 6206683.70824068877846 ], [ 483855.499899623857345, 6206491.842303234152496 ] ] ] } },
{ "type": "Feature", "properties": { "h3_id": "880b9a74dbfffff", "h3_resolution": 8, "center_lat": 56.061020188011405, "center_lng": 92.900471579712871, "district_name": "Советский район", "total_levels": 383.0, "district_total_levels": 14302.0, "population_2020": 368563, "population_estimated": 9870, "pvz_count": 3, "pvz_per_10k_people": 3.0395136778115504 }, "geometry": { "type": "Polygon", "coordinates": [ [ [ 493372.642687794053927, 6213231.781113644130528 ], [ 493298.63958109752275, 6212683.855050647631288 ], [ 493728.419136812037323, 6212327.542895545251667 ], [ 494232.178785372350831, 6212519.16344908438623 ], [ 494306.165447604900692, 6213067.072651021182537 ], [ 493876.408904190233443, 6213423.378158562816679 ], [ 493372.642687794053927, 6213231.781113644130528 ] ] ] } },
{ "type": "Feature", "properties": { "h3_id": "880b9a7437fffff", "h3_resolution": 8, "center_lat": 55.990868104210712, "center_lng": 92.922052915184139, "district_name": "Свердловский район", "total_levels": 38.0, "district_total_levels": 8998.0, "population_2020": 163470, "population_estimated": 690, "pvz_count": 0, "pvz_per_10k_people": 0.0 }, "geometry": { "type": "Polygon", "coordinates": [ [ [ 494707.657923609367572, 6205422.2452551741153 ], [ 494633.666915603622328, 6204874.144870896823704 ], [ 495063.481105921673588, 6204517.874630575999618 ], [ 495567.263308382884134, 6204709.711313713341951 ], [ 495641.237966532295104, 6205257.794790376909077 ], [ 495211.446770533220842, 6205614.058489602059126 ], [ 494707.657923609367572, 6205422.2452551741153 ] ] ] } },
{ "type": "Feature", "properties": { "h3_id": "880b9a7635fffff", "h3_resolution": 8, "center_lat": 55.994438826324036, "center_lng": 92.807982001251645, "district_name": "Октябрьский район", "total_levels": 159.0, "district_total_levels": 17839.0, "population_2020": 186772, "population_estimated": 1665, "pvz_count": 3, "pvz_per_10k_people": 18.018018018018019 }, "geometry": { "type": "Polygon", "coordinates": [ [ [ 487592.543303558719344, 6205833.660489151254296 ], [ 487518.426388573134318, 6205285.409281454980373 ], [ 487948.43609221681254, 6204929.031183009967208 ], [ 488452.539692483027466, 6205120.910841081291437 ], [ 488526.64023220539093, 6205669.145134055987 ], [ 488096.653545378416311, 6206025.516681759618223 ], [ 487592.543303558719344, 6205833.660489151254296 ] ] ] } },
{ "type": "Feature", "properties": { "h3_id": "880b9a76adfffff", "h3_resolution": 8, "center_lat": 56.021086065012831, "center_lng": 92.844948433277381, "district_name": "Железнодорожный район", "total_levels": 404.0, "district_total_levels": 3954.0, "population_2020": 100946, "population_estimated": 10314, "pvz_count": 2, "pvz_per_10k_people": 1.9391118867558659 }, "geometry": { "type": "Polygon", "coordinates": [ [ [ 489905.132369758386631, 6208793.609895661473274 ], [ 489831.060838886594865, 6208245.488609036430717 ], [ 490260.978477947472129, 6207889.136771714314818 ], [ 490764.944631311635021, 6208080.912808602675796 ], [ 490838.99975919368444, 6208629.017201965674758 ], [ 490409.105135155317839, 6208985.362449784763157 ], [ 489905.132369758386631, 6208793.609895661473274 ] ] ] } },
{ "type": "Feature", "properties": { "h3_id": "880b9a7463fffff", "h3_resolution": 8, "center_lat": 55.973825585134733, "center_lng": 92.864385413358505, "district_name": "Свердловский район", "total_levels": 244.0, "district_total_levels": 8998.0, "population_2020": 163470, "population_estimated": 4433, "pvz_count": 1, "pvz_per_10k_people": 2.2558087074216107 }, "geometry": { "type": "Polygon", "coordinates": [ [ [ 491106.376699023123365, 6203531.07269739639014 ], [ 491032.318922444363125, 6202982.841222453862429 ], [ 491462.251451380492654, 6202626.522458779625595 ], [ 491966.218753389955964, 6202818.441685660742223 ], [ 492040.260191671724897, 6203366.656236405484378 ], [ 491610.350664696714375, 6203722.96848254557699 ], [ 491106.376699023123365, 6203531.07269739639014 ] ] ] } },
{ "type": "Feature", "properties": { "h3_id": "880b9a3909fffff", "h3_resolution": 8, "center_lat": 56.057056827996711, "center_lng": 92.707659029922709, "district_name": "Октябрьский район", "total_levels": 348.0, "district_total_levels": 17839.0, "population_2020": 186772, "population_estimated": 3644, "pvz_count": 4, "pvz_per_10k_people": 10.976948408342482 }, "geometry": { "type": "Polygon", "coordinates": [ [ [ 481364.121900769532658, 6212824.910016137175262 ], [ 481289.903563001775183, 6212276.700625297613442 ], [ 481720.022037727525458, 6211920.209505570121109 ], [ 482224.335800458793528, 6212111.93442380335182 ], [ 482298.537663537310436, 6212660.126934816129506 ], [ 481868.442237023147754, 6213016.611405509524047 ], [ 481364.121900769532658, 6212824.910016137175262 ] ] ] } },
{ "type": "Feature", "properties": { "h3_id": "880b9a29e9fffff", "h3_resolution": 8, "center_lat": 56.108270857013828, "center_lng": 93.034646244097502, "district_name": "Советский район", "total_levels": 0.0, "district_total_levels": 14302.0, "population_2020": 368563, "population_estimated": 0, "pvz_count": 0, "pvz_per_10k_people": 0.0 }, "geometry": { "type": "Polygon", "coordinates": [ [ [ 501725.275600047432818, 6218486.688975263386965 ], [ 501651.430343568441458, 6217939.091118028387427 ], [ 502080.927517763397191, 6217582.890119533985853 ], [ 502584.246950896806084, 6217774.293690080754459 ], [ 502658.075726425857283, 6218321.874730144627392 ], [ 502228.601548225968145, 6218678.069014926441014 ], [ 501725.275600047432818, 6218486.688975263386965 ] ] ] } },
{ "type": "Feature", "properties": { "h3_id": "880b9a7661fffff", "h3_resolution": 8, "center_lat": 55.977338889506164, "center_lng": 92.750321539012546, "district_name": "Октябрьский район", "total_levels": 36.0, "district_total_levels": 17839.0, "population_2020": 186772, "population_estimated": 377, "pvz_count": 0, "pvz_per_10k_people": 0.0 }, "geometry": { "type": "Polygon", "coordinates": [ [ [ 483988.887219469877891, 6203942.036172049120069 ], [ 483914.703665755339898, 6203393.653781124390662 ], [ 484344.831643472192809, 6203037.227115633897483 ], [ 484849.120148918475024, 6203229.189366301521659 ], [ 484923.287338974536397, 6203777.554825905710459 ], [ 484493.182385695166886, 6204133.974964234046638 ], [ 483988.887219469877891, 6203942.036172049120069 ] ] ] } },
{ "type": "Feature", "properties": { "h3_id": "880b9a3935fffff", "h3_resolution": 8, "center_lat": 56.051263373326577, "center_lng": 92.767704022838316, "district_name": "Октябрьский район", "total_levels": 299.0, "district_total_levels": 17839.0, "population_2020": 186772, "population_estimated": 3130, "pvz_count": 0, "pvz_per_10k_people": 0.0 }, "geometry": { "type": "Polygon", "coordinates": [ [ [ 485101.392270155833103, 6212165.849973618984222 ], [ 485027.239803353964817, 6211617.70810064021498 ], [ 485457.260278793633915, 6211261.27483738027513 ], [ 485961.410183818137739, 6211452.990083117038012 ], [ 486035.546194457041565, 6212001.115077236667275 ], [ 485605.548754684103187, 6212357.541702559217811 ], [ 485101.392270155833103, 6212165.849973618984222 ] ] ] } },
{ "type": "Feature", "properties": { "h3_id": "880b9a7681fffff", "h3_resolution": 8, "center_lat": 56.045442402069682, "center_lng": 92.82771422181996, "district_name": "Октябрьский район", "total_levels": 60.0, "district_total_levels": 17839.0, "population_2020": 186772, "population_estimated": 628, "pvz_count": 0, "pvz_per_10k_people": 0.0 }, "geometry": { "type": "Polygon", "coordinates": [ [ [ 488837.614921054977458, 6211506.982645126990974 ], [ 488763.528251112380531, 6210958.908286132849753 ], [ 489193.450568717322312, 6210602.532868813723326 ], [ 489697.436531614453997, 6210794.238435429520905 ], [ 489771.50676392018795, 6211342.295916530303657 ], [ 489341.607469416805543, 6211698.664706998504698 ], [ 488837.614921054977458, 6211506.982645126990974 ] ] ] } },
{ "type": "Feature", "properties": { "h3_id": "880b9a768dfffff", "h3_resolution": 8, "center_lat": 56.038782214226245, "center_lng": 92.818465531648542, "district_name": "Октябрьский район", "total_levels": 225.0, "district_total_levels": 17839.0, "population_2020": 186772, "population_estimated": 2356, "pvz_count": 0, "pvz_per_10k_people": 0.0 }, "geometry": { "type": "Polygon", "coordinates": [ [ [ 488259.501294783607591, 6210767.200299115851521 ], [ 488185.403247348440345, 6210219.09339243452996 ], [ 488615.348588507738896, 6209862.71135794557631 ], [ 489119.368951999873389, 6210054.442845391109586 ], [ 489193.450568717322312, 6210602.532868813723326 ], [ 488763.528251112380531, 6210958.908286132849753 ], [ 488259.501294783607591, 6210767.200299115851521 ] ] ] } },
{ "type": "Feature", "properties": { "h3_id": "880b9a3929fffff", "h3_resolution": 8, "center_lat": 56.039379763109103, "center_lng": 92.734214315513839, "district_name": "Октябрьский район", "total_levels": 178.0, "district_total_levels": 17839.0, "population_2020": 186772, "population_estimated": 1864, "pvz_count": 0, "pvz_per_10k_people": 0.0 }, "geometry": { "type": "Polygon", "coordinates": [ [ [ 483010.32559858460445, 6210850.780733853578568 ], [ 482936.133996859309264, 6210302.55684407427907 ], [ 483366.225065959210042, 6209946.095865312032402 ], [ 483870.484695526538417, 6210137.865395753644407 ], [ 483944.659850316005759, 6210686.07239568606019 ], [ 483514.591820923262276, 6211042.526753106154501 ], [ 483010.32559858460445, 6210850.780733853578568 ] ] ] } },
{ "type": "Feature", "properties": { "h3_id": "880b9a74bbfffff", "h3_resolution": 8, "center_lat": 56.047014043587183, "center_lng": 92.96615550876318, "district_name": "Советский район", "total_levels": 252.0, "district_total_levels": 14302.0, "population_2020": 368563, "population_estimated": 6494, "pvz_count": 2, "pvz_per_10k_people": 3.0797659377887281 }, "geometry": { "type": "Polygon", "coordinates": [ [ [ 497462.083835873752832, 6211668.906491105444729 ], [ 497388.151437660970259, 6211121.032192084006965 ], [ 497817.830969667178579, 6210764.785654184408486 ], [ 498321.419901338987984, 6210956.420037440024316 ], [ 498395.335885158157907, 6211504.277471248991787 ], [ 497965.67935015441617, 6211860.517385098151863 ], [ 497462.083835873752832, 6211668.906491105444729 ] ] ] } },
{ "type": "Feature", "properties": { "h3_id": "880b9a7483fffff", "h3_resolution": 8, "center_lat": 56.041839510521093, "center_lng": 92.941908353506875, "district_name": "Советский район", "total_levels": 403.0, "district_total_levels": 14302.0, "population_2020": 368563, "population_estimated": 10385, "pvz_count": 5, "pvz_per_10k_people": 4.8146364949446312 }, "geometry": { "type": "Polygon", "coordinates": [ [ [ 495951.14629183273064, 6211094.017158037051558 ], [ 495877.186025562696159, 6210546.093460669741035 ], [ 496306.913185203855392, 6210189.825855915434659 ], [ 496810.577608952997252, 6210381.488563761115074 ], [ 496884.521463095443323, 6210929.395390309393406 ], [ 496454.81730406684801, 6211285.656377917155623 ], [ 495951.14629183273064, 6211094.017158037051558 ] ] ] } },
{ "type": "Feature", "properties": { "h3_id": "880b9a2823fffff", "h3_resolution": 8, "center_lat": 56.127478849008256, "center_lng": 92.993206414524622, "district_name": "Советский район", "total_levels": 0.0, "district_total_levels": 14302.0, "population_2020": 368563, "population_estimated": 0, "pvz_count": 0, "pvz_per_10k_people": 0.0 }, "geometry": { "type": "Polygon", "coordinates": [ [ [ 499148.152362003049348, 6220624.051787752658129 ], [ 499074.264220601005945, 6220076.452006533741951 ], [ 499503.81367408944061, 6219720.20676167588681 ], [ 500007.228259768802673, 6219911.568040220066905 ], [ 500081.099887901335023, 6220459.151014063507318 ], [ 499651.573442076856736, 6220815.389514830894768 ], [ 499148.152362003049348, 6220624.051787752658129 ] ] ] } },
{ "type": "Feature", "properties": { "h3_id": "880b9a3961fffff", "h3_resolution": 8, "center_lat": 56.034155989649712, "center_lng": 92.709970956296857, "district_name": "Октябрьский район", "total_levels": 1.0, "district_total_levels": 17839.0, "population_2020": 186772, "population_estimated": 10, "pvz_count": 0, "pvz_per_10k_people": 0.0 }, "geometry": { "type": "Polygon", "coordinates": [ [ [ 481497.376284401339944, 6210275.485961101949215 ], [ 481423.156918423308525, 6209727.212624105624855 ], [ 481853.295541871804744, 6209370.730561587959528 ], [ 482357.630486458016094, 6209562.528448570519686 ], [ 482431.833407807163894, 6210110.784890098497272 ], [ 482001.717827650951222, 6210467.260338194668293 ], [ 481497.376284401339944, 6210275.485961101949215 ] ] ] } },
{ "type": "Feature", "properties": { "h3_id": "880b9a76b9fffff", "h3_resolution": 8, "center_lat": 56.050640531795167, "center_lng": 92.851963781158105, "district_name": "Центральный район", "total_levels": 1.0, "district_total_levels": 8464.0, "population_2020": 86061, "population_estimated": 10, "pvz_count": 0, "pvz_per_10k_people": 0.0 }, "geometry": { "type": "Polygon", "coordinates": [ [ [ 490349.517151377920527, 6212082.000487993471324 ], [ 490275.458315078169107, 6211533.975560597144067 ], [ 490705.333048526139464, 6211177.621227206662297 ], [ 491209.243597221327946, 6211369.29845305532217 ], [ 491283.285993601719383, 6211917.306508171372116 ], [ 490853.434279658016749, 6212273.654207802377641 ], [ 490349.517151377920527, 6212082.000487993471324 ] ] ] } },
{ "type": "Feature", "properties": { "h3_id": "880b9a7655fffff", "h3_resolution": 8, "center_lat": 56.008361298840541, "center_lng": 92.742273949706203, "district_name": "Октябрьский район", "total_levels": 353.0, "district_total_levels": 17839.0, "population_2020": 186772, "population_estimated": 3696, "pvz_count": 0, "pvz_per_10k_people": 0.0 }, "geometry": { "type": "Polygon", "coordinates": [ [ [ 483499.577864234277513, 6207396.589528236538172 ], [ 483425.390297514910344, 6206848.286233181133866 ], [ 483855.499899623857345, 6206491.842303234152496 ], [ 484359.774034816771746, 6206683.70824068877846 ], [ 484433.945196225831751, 6207231.994625148363411 ], [ 484003.858626201981679, 6207588.431980827823281 ], [ 483499.577864234277513, 6207396.589528236538172 ] ] ] } },
{ "type": "Feature", "properties": { "h3_id": "880b9a74e7fffff", "h3_resolution": 8, "center_lat": 56.012295577087919, "center_lng": 92.934835369071195, "district_name": "Кировский район", "total_levels": 0.0, "district_total_levels": 5412.0, "population_2020": 125182, "population_estimated": 0, "pvz_count": 0, "pvz_per_10k_people": 0.0 }, "geometry": { "type": "Polygon", "coordinates": [ [ [ 495507.352376836643089, 6207806.234260499477386 ], [ 495433.379194526234642, 6207258.214329735375941 ], [ 495863.149065736215562, 6206901.949279547668993 ], [ 496366.86912158987252, 6207093.71073112078011 ], [ 496440.825928661040962, 6207641.713770101778209 ], [ 496011.079053573077545, 6207997.972247377038002 ], [ 495507.352376836643089, 6207806.234260499477386 ] ] ] } },
{ "type": "Feature", "properties": { "h3_id": "880b9a7457fffff", "h3_resolution": 8, "center_lat": 56.004846762487801, "center_lng": 92.85642612423301, "district_name": "Центральный район", "total_levels": 109.0, "district_total_levels": 8464.0, "population_2020": 86061, "population_estimated": 1108, "pvz_count": 1, "pvz_per_10k_people": 9.025270758122744 }, "geometry": { "type": "Polygon", "coordinates": [ [ [ 490616.828027786919847, 6206984.655938122421503 ], [ 490542.766555276233703, 6206436.503475865349174 ], [ 490972.680996678536758, 6206080.167431338690221 ], [ 491476.633899420558009, 6206271.990411751903594 ], [ 491550.678992041503079, 6206820.1259705144912 ], [ 491120.787560265394859, 6207176.455450438894331 ], [ 490616.828027786919847, 6206984.655938122421503 ] ] ] } },
{ "type": "Feature", "properties": { "h3_id": "880b9a0ce3fffff", "h3_resolution": 8, "center_lat": 55.994107897700104, "center_lng": 92.654607404171117, "district_name": "Октябрьский район", "total_levels": 0.0, "district_total_levels": 17839.0, "population_2020": 186772, "population_estimated": 0, "pvz_count": 0, "pvz_per_10k_people": 0.0 }, "geometry": { "type": "Polygon", "coordinates": [ [ [ 478025.120551981672179, 6205834.167131506837904 ], [ 477950.833554501587059, 6205285.698691500350833 ], [ 478381.110447091807146, 6204929.177146065048873 ], [ 478885.651289646222722, 6205121.130594939924777 ], [ 478959.921884192270227, 6205669.582107244059443 ], [ 478529.668037568393629, 6206026.097096452489495 ], [ 478025.120551981672179, 6205834.167131506837904 ] ] ] } },
{ "type": "Feature", "properties": { "h3_id": "880b9a76e5fffff", "h3_resolution": 8, "center_lat": 56.015883878105349, "center_lng": 92.820715669241878, "district_name": "Железнодорожный район", "total_levels": 649.0, "district_total_levels": 3954.0, "population_2020": 100946, "population_estimated": 16569, "pvz_count": 5, "pvz_per_10k_people": 3.0176836260486448 }, "geometry": { "type": "Polygon", "coordinates": [ [ [ 488393.063311306235846, 6208218.295551501214504 ], [ 488318.964016294863541, 6207670.124868615530431 ], [ 488748.929267384286504, 6207313.751981878653169 ], [ 489252.970793319633231, 6207505.55635869409889 ], [ 489327.053687641222496, 6208053.710142707452178 ], [ 488897.111455169680994, 6208410.076446860097349 ], [ 488393.063311306235846, 6208218.295551501214504 ] ] ] } },
{ "type": "Feature", "properties": { "h3_id": "880b9a66e9fffff", "h3_resolution": 8, "center_lat": 56.051408825856775, "center_lng": 93.074566699762045, "district_name": "Ленинский район", "total_levels": 0.0, "district_total_levels": 4826.0, "population_2020": 156777, "population_estimated": 0, "pvz_count": 0, "pvz_per_10k_people": 0.0 }, "geometry": { "type": "Polygon", "coordinates": [ [ [ 504214.907868271926418, 6212159.928387776017189 ], [ 504141.096916119102389, 6211612.220301222987473 ], [ 504570.582523513236083, 6211256.07367233838886 ], [ 505073.856104370497633, 6211447.641754874959588 ], [ 505147.650656156532932, 6211995.332988392561674 ], [ 504718.1880259058089, 6212351.472990497946739 ], [ 504214.907868271926418, 6212159.928387776017189 ] ] ] } },
{ "type": "Feature", "properties": { "h3_id": "880b9a7629fffff", "h3_resolution": 8, "center_lat": 55.982559186764668, "center_lng": 92.77453256878924, "district_name": "Октябрьский район", "total_levels": 0.0, "district_total_levels": 17839.0, "population_2020": 186772, "population_estimated": 0, "pvz_count": 0, "pvz_per_10k_people": 0.0 }, "geometry": { "type": "Polygon", "coordinates": [ [ [ 485501.697443926939741, 6204517.824199263006449 ], [ 485427.541540625097696, 6203969.491173868998885 ], [ 485857.621891518298071, 6203613.085519620217383 ], [ 486361.835123313474469, 6203805.019422948360443 ], [ 486435.974660621432122, 6204353.335522641427815 ], [ 486005.917330578027759, 6204709.734642785973847 ], [ 485501.697443926939741, 6204517.824199263006449 ] ] ] } },
{ "type": "Feature", "properties": { "h3_id": "880b9a742bfffff", "h3_resolution": 8, "center_lat": 55.97902231476133, "center_lng": 92.888594179578675, "district_name": "Свердловский район", "total_levels": 310.0, "district_total_levels": 8998.0, "population_2020": 163470, "population_estimated": 5632, "pvz_count": 2, "pvz_per_10k_people": 3.5511363636363638 }, "geometry": { "type": "Polygon", "coordinates": [ [ [ 492618.22324339451734, 6204106.731719695962965 ], [ 492544.193152106192429, 6203558.549577053636312 ], [ 492974.078010672295932, 6203202.251807596534491 ], [ 493477.969960618705954, 6203394.142703332006931 ], [ 493551.983711290697102, 6203942.307927386835217 ], [ 493122.121851090691052, 6204298.599172374233603 ], [ 492618.22324339451734, 6204106.731719695962965 ] ] ] } },
{ "type": "Feature", "properties": { "h3_id": "880b9a2b63fffff", "h3_resolution": 8, "center_lat": 56.077258938793001, "center_lng": 92.888998146304729, "district_name": "Центральный район", "total_levels": 0.0, "district_total_levels": 8464.0, "population_2020": 86061, "population_estimated": 0, "pvz_count": 0, "pvz_per_10k_people": 0.0 }, "geometry": { "type": "Polygon", "coordinates": [ [ [ 492661.100169397308491, 6215040.233749569393694 ], [ 492587.087032957002521, 6214492.339150781743228 ], [ 493016.869691127561964, 6214136.01141045987606 ], [ 493520.642466514662374, 6214327.584939447231591 ], [ 493594.63913542375667, 6214875.462687433697283 ], [ 493164.879494925728068, 6215231.783755323849618 ], [ 492661.100169397308491, 6215040.233749569393694 ] ] ] } },
{ "type": "Feature", "properties": { "h3_id": "880b9a7513fffff", "h3_resolution": 8, "center_lat": 55.959846142222787, "center_lng": 92.929959233999341, "district_name": "Свердловский район", "total_levels": 72.0, "district_total_levels": 8998.0, "population_2020": 163470, "population_estimated": 1308, "pvz_count": 0, "pvz_per_10k_people": 0.0 }, "geometry": { "type": "Polygon", "coordinates": [ [ [ 495197.357899753027596, 6201969.054412693716586 ], [ 495123.37040537543362, 6201420.875180987641215 ], [ 495553.202464556437917, 6201064.622313860803843 ], [ 496056.999029932077974, 6201256.555170561186969 ], [ 496130.970216020767111, 6201804.717473974451423 ], [ 495701.161143475910649, 6202160.96384705696255 ], [ 495197.357899753027596, 6201969.054412693716586 ] ] ] } },
{ "type": "Feature", "properties": { "h3_id": "880b9a0cb7fffff", "h3_resolution": 8, "center_lat": 56.011252807083729, "center_lng": 92.712280372687189, "district_name": "Октябрьский район", "total_levels": 0.0, "district_total_levels": 17839.0, "population_2020": 186772, "population_estimated": 0, "pvz_count": 0, "pvz_per_10k_people": 0.0 }, "geometry": { "type": "Polygon", "coordinates": [ [ [ 481630.64668884180719, 6207725.81546598020941 ], [ 481556.426297636819072, 6207177.478348995558918 ], [ 481986.584996531775687, 6206821.005461525171995 ], [ 482490.941046722640749, 6207012.876268925145268 ], [ 482565.145023373421282, 6207561.196474821306765 ], [ 482135.009362840559334, 6207917.662782489322126 ], [ 481630.64668884180719, 6207725.81546598020941 ] ] ] } },
{ "type": "Feature", "properties": { "h3_id": "880b9a7711fffff", "h3_resolution": 8, "center_lat": 55.963415560372169, "center_lng": 92.815976532256542, "district_name": "Свердловский район", "total_levels": 157.0, "district_total_levels": 8998.0, "population_2020": 163470, "population_estimated": 2852, "pvz_count": 0, "pvz_per_10k_people": 0.0 }, "geometry": { "type": "Polygon", "coordinates": [ [ [ 488082.005604496109299, 6202379.499633077532053 ], [ 488007.892520009540021, 6201831.169494925998151 ], [ 488437.920380309864413, 6201474.808753373101354 ], [ 488942.038314400881063, 6201666.784651697613299 ], [ 489016.13506525097182, 6202215.097854426130652 ], [ 488586.130214101402089, 6202571.452092329971492 ], [ 488082.005604496109299, 6202379.499633077532053 ] ] ] } },
{ "type": "Feature", "properties": { "h3_id": "880b9a2965fffff", "h3_resolution": 8, "center_lat": 56.052183044233082, "center_lng": 92.990405517748727, "district_name": "Советский район", "total_levels": 3.0, "district_total_levels": 14302.0, "population_2020": 368563, "population_estimated": 77, "pvz_count": 0, "pvz_per_10k_people": 0.0 }, "geometry": { "type": "Polygon", "coordinates": [ [ [ 498972.794862241134979, 6212243.710849586874247 ], [ 498898.890352799091488, 6211695.88594931922853 ], [ 499328.522254078823607, 6211339.660481751896441 ], [ 499832.035669862991199, 6211531.266543487086892 ], [ 499905.923762651334982, 6212079.074584147892892 ], [ 499476.314854762866162, 6212435.293420768342912 ], [ 498972.794862241134979, 6212243.710849586874247 ] ] ] } },
{ "type": "Feature", "properties": { "h3_id": "880b9a2b37fffff", "h3_resolution": 8, "center_lat": 56.094264885438506, "center_lng": 92.9468083094511, "district_name": "Советский район", "total_levels": 4.0, "district_total_levels": 14302.0, "population_2020": 368563, "population_estimated": 103, "pvz_count": 0, "pvz_per_10k_people": 0.0 }, "geometry": { "type": "Polygon", "coordinates": [ [ [ 496260.972655149118509, 6216928.64851076900959 ], [ 496187.026886829757132, 6216380.885446879081428 ], [ 496616.691385644720867, 6216024.606626217253506 ], [ 497120.278641232580412, 6216216.097563395276666 ], [ 497194.207930638745893, 6216763.843793066218495 ], [ 496764.566441819362808, 6217120.115917867980897 ], [ 496260.972655149118509, 6216928.64851076900959 ] ] ] } },
{ "type": "Feature", "properties": { "h3_id": "880b9a39e5fffff", "h3_resolution": 8, "center_lat": 56.07270697156455, "center_lng": 92.780437029228068, "district_name": "Октябрьский район", "total_levels": 0.0, "district_total_levels": 17839.0, "population_2020": 186772, "population_estimated": 0, "pvz_count": 0, "pvz_per_10k_people": 0.0 }, "geometry": { "type": "Polygon", "coordinates": [ [ [ 485902.100627139268909, 6214549.882222482934594 ], [ 485827.965797863958869, 6214001.821262354962528 ], [ 486257.941672948072664, 6213645.393487133085728 ], [ 486762.029338314605411, 6213837.033339868299663 ], [ 486836.14768604177516, 6214385.077437011525035 ], [ 486406.194848398969043, 6214741.498542491346598 ], [ 485902.100627139268909, 6214549.882222482934594 ] ] ] } },
{ "type": "Feature", "properties": { "h3_id": "880b9a2939fffff", "h3_resolution": 8, "center_lat": 56.08687245050583, "center_lng": 93.02179132687499, "district_name": "Советский район", "total_levels": 0.0, "district_total_levels": 14302.0, "population_2020": 368563, "population_estimated": 0, "pvz_count": 0, "pvz_per_10k_people": 0.0 }, "geometry": { "type": "Polygon", "coordinates": [ [ [ 500926.492797242593952, 6216104.745258155278862 ], [ 500852.629377068020403, 6215557.066362981684506 ], [ 501282.170933943707496, 6215200.859714314341545 ], [ 501785.552915208681952, 6215392.338640913367271 ], [ 501859.399879679316655, 6215940.000703057274222 ], [ 501429.881317042454612, 6216296.200669725425541 ], [ 500926.492797242593952, 6216104.745258155278862 ] ] ] } },
{ "type": "Feature", "properties": { "h3_id": "880b9a75d1fffff", "h3_resolution": 8, "center_lat": 55.996051268864868, "center_lng": 92.946271164164756, "district_name": "Кировский район", "total_levels": 516.0, "district_total_levels": 5412.0, "population_2020": 125182, "population_estimated": 11935, "pvz_count": 5, "pvz_per_10k_people": 4.1893590280687052 }, "geometry": { "type": "Polygon", "coordinates": [ [ [ 496218.949048898823094, 6205997.65663228277117 ], [ 496144.985786399513017, 6205449.605587277561426 ], [ 496574.752303732966539, 6205093.3563551325351 ], [ 497078.459091309283394, 6205285.164714095182717 ], [ 497152.406001650320832, 6205833.198857096023858 ], [ 496722.662475030578207, 6206189.441541216336191 ], [ 496218.949048898823094, 6205997.65663228277117 ] ] ] } },
{ "type": "Feature", "properties": { "h3_id": "880b9a662bfffff", "h3_resolution": 8, "center_lat": 56.0152447588992, "center_lng": 93.058135529358566, "district_name": "Ленинский район", "total_levels": 1.0, "district_total_levels": 4826.0, "population_2020": 156777, "population_estimated": 32, "pvz_count": 0, "pvz_per_10k_people": 0.0 }, "geometry": { "type": "Polygon", "coordinates": [ [ [ 503194.814294318726752, 6208133.965547122061253 ], [ 503120.978582942800131, 6207586.128743212670088 ], [ 503550.529662296699826, 6207229.978031517937779 ], [ 504053.893478370911907, 6207421.670694741420448 ], [ 504127.712833078054246, 6207969.490619312040508 ], [ 503698.184726833656896, 6208325.634758080355823 ], [ 503194.814294318726752, 6208133.965547122061253 ] ] ] } },
{ "type": "Feature", "properties": { "h3_id": "880b9a6665fffff", "h3_resolution": 8, "center_lat": 55.995319034132073, "center_lng": 93.030341595414868, "district_name": "Ленинский район", "total_levels": 152.0, "district_total_levels": 4826.0, "population_2020": 156777, "population_estimated": 4938, "pvz_count": 3, "pvz_per_10k_people": 6.0753341433778854 }, "geometry": { "type": "Polygon", "coordinates": [ [ [ 501462.954747621901333, 6205915.194878096692264 ], [ 501389.084641507943161, 6205367.260756918229163 ], [ 501818.704642915865406, 6205011.090384478680789 ], [ 502322.1717744236812, 6205202.860675200819969 ], [ 502396.025544573320076, 6205750.777900975197554 ], [ 501966.42851763672661, 6206106.941729512065649 ], [ 501462.954747621901333, 6205915.194878096692264 ] ] ] } },
{ "type": "Feature", "properties": { "h3_id": "880b9a290dfffff", "h3_resolution": 8, "center_lat": 56.075070550095518, "center_lng": 92.988246654377747, "district_name": "Советский район", "total_levels": 0.0, "district_total_levels": 14302.0, "population_2020": 368563, "population_estimated": 0, "pvz_count": 0, "pvz_per_10k_people": 0.0 }, "geometry": { "type": "Polygon", "coordinates": [ [ [ 498838.786041468614712, 6214791.084402656182647 ], [ 498764.88313587824814, 6214243.323483442887664 ], [ 499194.495297029556241, 6213887.089061092585325 ], [ 499697.98736390756676, 6214078.622221515513957 ], [ 499771.873822910769377, 6214626.366296732798219 ], [ 499342.284660076082218, 6214982.594053613953292 ], [ 498838.786041468614712, 6214791.084402656182647 ] ] ] } },
{ "type": "Feature", "properties": { "h3_id": "880b9a7597fffff", "h3_resolution": 8, "center_lat": 55.998277386617069, "center_lng": 93.000421323231635, "district_name": "Кировский район", "total_levels": 233.0, "district_total_levels": 5412.0, "population_2020": 125182, "population_estimated": 5389, "pvz_count": 0, "pvz_per_10k_people": 0.0 }, "geometry": { "type": "Polygon", "coordinates": [ [ [ 499596.615822052524891, 6206244.064905013889074 ], [ 499522.713030145619996, 6205696.096992278471589 ], [ 499952.38247115467675, 6205339.897697144187987 ], [ 500455.931721734057646, 6205531.672862251289189 ], [ 500529.818168433965184, 6206079.623879083432257 ], [ 500100.171708217589185, 6206435.816624794155359 ], [ 499596.615822052524891, 6206244.064905013889074 ] ] ] } },
{ "type": "Feature", "properties": { "h3_id": "880b9a6657fffff", "h3_resolution": 8, "center_lat": 56.041100410051918, "center_lng": 93.026071103856466, "district_name": "Ленинский район", "total_levels": 44.0, "district_total_levels": 4826.0, "population_2020": 156777, "population_estimated": 1429, "pvz_count": 1, "pvz_per_10k_people": 6.9979006298110562 }, "geometry": { "type": "Polygon", "coordinates": [ [ [ 501194.69789057050366, 6211010.462589557282627 ], [ 501120.831122140341904, 6210462.655749932862818 ], [ 501550.412047547695693, 6210106.46700428891927 ], [ 502053.836755460419226, 6210298.091709339059889 ], [ 502127.687128027901053, 6210845.881684725172818 ], [ 501698.129186998819932, 6211202.063817383721471 ], [ 501194.69789057050366, 6211010.462589557282627 ] ] ] } },
{ "type": "Feature", "properties": { "h3_id": "880b9a75c3fffff", "h3_resolution": 8, "center_lat": 55.981276604637252, "center_lng": 92.942735844209736, "district_name": "Кировский район", "total_levels": 115.0, "district_total_levels": 5412.0, "population_2020": 125182, "population_estimated": 2660, "pvz_count": 0, "pvz_per_10k_people": 0.0 }, "geometry": { "type": "Polygon", "coordinates": [ [ [ 495997.052816881507169, 6204353.455543234013021 ], [ 495923.083112987224013, 6203805.356559051200747 ], [ 496352.87091826996766, 6203449.108731864020228 ], [ 496856.605437448539305, 6203640.966412823647261 ], [ 496930.558807649242226, 6204189.048484531231225 ], [ 496500.793990821752232, 6204545.289785833097994 ], [ 495997.052816881507169, 6204353.455543234013021 ] ] ] } },
{ "type": "Feature", "properties": { "h3_id": "880b9a0c33fffff", "h3_resolution": 8, "center_lat": 55.972633691226399, "center_lng": 92.641952949213092, "district_name": "Октябрьский район", "total_levels": 20.0, "district_total_levels": 17839.0, "population_2020": 186772, "population_estimated": 209, "pvz_count": 0, "pvz_per_10k_people": 0.0 }, "geometry": { "type": "Polygon", "coordinates": [ [ [ 477223.351050455472432, 6203448.192058730870485 ], [ 477149.04677677131258, 6202899.643165400251746 ], [ 477579.3682674918673, 6202543.116506557911634 ], [ 478083.97098619613098, 6202735.145263443700969 ], [ 478158.258882460708264, 6203283.677213210612535 ], [ 477727.960435891989619, 6203640.197347726672888 ], [ 477223.351050455472432, 6203448.192058730870485 ] ] ] } },
{ "type": "Feature", "properties": { "h3_id": "880b9a292bfffff", "h3_resolution": 8, "center_lat": 56.072110201487142, "center_lng": 93.01822364506252, "district_name": "Ленинский район", "total_levels": 0.0, "district_total_levels": 4826.0, "population_2020": 156777, "population_estimated": 0, "pvz_count": 0, "pvz_per_10k_people": 0.0 }, "geometry": { "type": "Polygon", "coordinates": [ [ [ 500704.895936738583259, 6214461.660221545957029 ], [ 500631.025919684383553, 6213913.932990087196231 ], [ 501060.58884216833394, 6213557.727444347925484 ], [ 501563.998788148688618, 6213749.255788085982203 ], [ 501637.852367892861366, 6214296.966176024638116 ], [ 501208.312437419954222, 6214653.165061837993562 ], [ 500704.895936738583259, 6214461.660221545957029 ] ] ] } },
{ "type": "Feature", "properties": { "h3_id": "880b9a6639fffff", "h3_resolution": 8, "center_lat": 56.030008945378697, "center_lng": 93.061711543525774, "district_name": "Ленинский район", "total_levels": 7.0, "district_total_levels": 4826.0, "population_2020": 156777, "population_estimated": 227, "pvz_count": 0, "pvz_per_10k_people": 0.0 }, "geometry": { "type": "Polygon", "coordinates": [ [ [ 503416.308206621208228, 6209777.379841120913625 ], [ 503342.479107707098592, 6209229.591103489510715 ], [ 503772.008950205461588, 6208873.439100108109415 ], [ 504275.34491471335059, 6209065.082427474670112 ], [ 504349.157638545322698, 6209612.854296240024269 ], [ 503919.650771406653803, 6209968.99970459099859 ], [ 503416.308206621208228, 6209777.379841120913625 ] ] ] } },
{ "type": "Feature", "properties": { "h3_id": "880b9a2b29fffff", "h3_resolution": 8, "center_lat": 56.075791202995994, "center_lng": 92.903999624823513, "district_name": "Центральный район", "total_levels": 0.0, "district_total_levels": 8464.0, "population_2020": 86061, "population_estimated": 0, "pvz_count": 0, "pvz_per_10k_people": 0.0 }, "geometry": { "type": "Polygon", "coordinates": [ [ [ 493594.63913542375667, 6214875.462687433697283 ], [ 493520.642466514662374, 6214327.584939447231591 ], [ 493950.400566327385604, 6213971.271644455380738 ], [ 494454.132318969815969, 6214162.842765202745795 ], [ 494528.112524984462652, 6214710.703662629239261 ], [ 494098.37743969989242, 6215067.010287958197296 ], [ 493594.63913542375667, 6214875.462687433697283 ] ] ] } },
{ "type": "Feature", "properties": { "h3_id": "880b9a660dfffff", "h3_resolution": 8, "center_lat": 56.018210885502789, "center_lng": 93.028207508426831, "district_name": "Ленинский район", "total_levels": 0.0, "district_total_levels": 4826.0, "population_2020": 156777, "population_estimated": 0, "pvz_count": 0, "pvz_per_10k_people": 0.0 }, "geometry": { "type": "Polygon", "coordinates": [ [ [ 501328.819879912072793, 6208462.951473935507238 ], [ 501254.951441319193691, 6207915.080910615622997 ], [ 501684.551941310055554, 6207558.901292788796127 ], [ 502187.997898914676625, 6207750.598814815282822 ], [ 502261.849971585790627, 6208298.452498306520283 ], [ 501832.272451029042713, 6208654.625537680462003 ], [ 501328.819879912072793, 6208462.951473935507238 ] ] ] } },
{ "type": "Feature", "properties": { "h3_id": "880b9a0dd9fffff", "h3_resolution": 8, "center_lat": 55.971198277903007, "center_lng": 92.656945008298109, "district_name": "Октябрьский район", "total_levels": 45.0, "district_total_levels": 17839.0, "population_2020": 186772, "population_estimated": 471, "pvz_count": 0, "pvz_per_10k_people": 0.0 }, "geometry": { "type": "Polygon", "coordinates": [ [ [ 478158.258882460708264, 6203283.677213210612535 ], [ 478083.97098619613098, 6202735.145263443700969 ], [ 478514.26792457641568, 6202378.633100952021778 ], [ 479018.829716656124219, 6202570.659407860599458 ], [ 479093.101240114425309, 6203119.174414317123592 ], [ 478662.827342749806121, 6203475.680055249482393 ], [ 478158.258882460708264, 6203283.677213210612535 ] ] ] } },
{ "type": "Feature", "properties": { "h3_id": "880b9a2957fffff", "h3_resolution": 8, "center_lat": 56.097955710302564, "center_lng": 92.986085443253543, "district_name": "Советский район", "total_levels": 0.0, "district_total_levels": 14302.0, "population_2020": 368563, "population_estimated": 0, "pvz_count": 0, "pvz_per_10k_people": 0.0 }, "geometry": { "type": "Polygon", "coordinates": [ [ [ 498704.790592305187602, 6217338.210492711514235 ], [ 498630.889293251326308, 6216790.513720157556236 ], [ 499060.481641173013486, 6216434.270460568368435 ], [ 499563.952283370541409, 6216625.730671598576009 ], [ 499637.837105920712929, 6217173.410615776665509 ], [ 499208.267761230817996, 6217529.647175397723913 ], [ 498704.790592305187602, 6217338.210492711514235 ] ] ] } },
{ "type": "Feature", "properties": { "h3_id": "880b9a754dfffff", "h3_resolution": 8, "center_lat": 55.921353629339052, "center_lng": 92.85959839832546, "district_name": "Свердловский район", "total_levels": 0.0, "district_total_levels": 8998.0, "population_2020": 163470, "population_estimated": 0, "pvz_count": 0, "pvz_per_10k_people": 0.0 }, "geometry": { "type": "Polygon", "coordinates": [ [ [ 490795.700687199889217, 6197691.726461658254266 ], [ 490721.628986740252003, 6197143.336258334107697 ], [ 491151.62370809528511, 6196787.030134687200189 ], [ 491655.667135930736549, 6196979.120650984346867 ], [ 491729.722565182484686, 6197527.493893617764115 ], [ 491299.750836263119709, 6197883.793578716926277 ], [ 490795.700687199889217, 6197691.726461658254266 ] ] ] } },
{ "type": "Feature", "properties": { "h3_id": "880b9a0ca9fffff", "h3_resolution": 8, "center_lat": 55.992670324665824, "center_lng": 92.669605611500515, "district_name": "Октябрьский район", "total_levels": 0.0, "district_total_levels": 17839.0, "population_2020": 186772, "population_estimated": 0, "pvz_count": 0, "pvz_per_10k_people": 0.0 }, "geometry": { "type": "Polygon", "coordinates": [ [ [ 478959.921884192270227, 6205669.582107244059443 ], [ 478885.651289646222722, 6205121.130594939924777 ], [ 479315.903649226936977, 6204764.623538218438625 ], [ 479820.40355897473637, 6204956.574545343406498 ], [ 479894.657755204942077, 6205505.009130196645856 ], [ 479464.428438454284333, 6205861.509633458219469 ], [ 478959.921884192270227, 6205669.582107244059443 ] ] ] } },
{ "type": "Feature", "properties": { "h3_id": "880b9a741dfffff", "h3_resolution": 8, "center_lat": 56.003385126933004, "center_lng": 92.87140575697903, "district_name": "Центральный район", "total_levels": 0.0, "district_total_levels": 8464.0, "population_2020": 86061, "population_estimated": 0, "pvz_count": 0, "pvz_per_10k_people": 0.0 }, "geometry": { "type": "Polygon", "coordinates": [ [ [ 491550.678992041503079, 6206820.1259705144912 ], [ 491476.633899420558009, 6206271.990411751903594 ], [ 491906.523711479734629, 6205915.668837607838213 ], [ 492410.435608136001974, 6206107.489382142201066 ], [ 492484.4643254900584, 6206655.60803765617311 ], [ 492054.597519909148104, 6207011.923049964010715 ], [ 491550.678992041503079, 6206820.1259705144912 ] ] ] } },
{ "type": "Feature", "properties": { "h3_id": "880b9a761bfffff", "h3_resolution": 8, "center_lat": 56.02836431548905, "center_lng": 92.769982676819765, "district_name": "Октябрьский район", "total_levels": 323.0, "district_total_levels": 17839.0, "population_2020": 186772, "population_estimated": 3382, "pvz_count": 3, "pvz_per_10k_people": 8.870490833826139 }, "geometry": { "type": "Polygon", "coordinates": [ [ [ 485234.811925697431434, 6209616.753950082696974 ], [ 485160.658310477563646, 6209068.548193478956819 ], [ 485590.698817672964651, 6208712.124015416018665 ], [ 486094.869907798129134, 6208903.912195379845798 ], [ 486169.007096894667484, 6209452.101057497784495 ], [ 485738.989620440232102, 6209808.518632217310369 ], [ 485234.811925697431434, 6209616.753950082696974 ] ] ] } },
{ "type": "Feature", "properties": { "h3_id": "880b9a66dbfffff", "h3_resolution": 8, "center_lat": 56.097174592901887, "center_lng": 93.070339153899951, "district_name": "Советский район", "total_levels": 0.0, "district_total_levels": 14302.0, "population_2020": 368563, "population_estimated": 0, "pvz_count": 0, "pvz_per_10k_people": 0.0 }, "geometry": { "type": "Polygon", "coordinates": [ [ [ 503946.445850221440196, 6217253.336142147891223 ], [ 503872.638449198391754, 6216705.75611674040556 ], [ 504302.084784940001555, 6216349.591694867238402 ], [ 504805.31553315842757, 6216541.013992244377732 ], [ 504879.106474030006211, 6217088.577195825055242 ], [ 504449.683125285780989, 6217444.73492194712162 ], [ 503946.445850221440196, 6217253.336142147891223 ] ] ] } },
{ "type": "Feature", "properties": { "h3_id": "880b9a7449fffff", "h3_resolution": 8, "center_lat": 55.986319635396917, "center_lng": 92.813726563106627, "district_name": "Свердловский район", "total_levels": 0.0, "district_total_levels": 8998.0, "population_2020": 163470, "population_estimated": 0, "pvz_count": 0, "pvz_per_10k_people": 0.0 }, "geometry": { "type": "Polygon", "coordinates": [ [ [ 487948.43609221681254, 6204929.031183009967208 ], [ 487874.324228577839676, 6204380.764443685300648 ], [ 488304.332330456119962, 6204024.394284191541374 ], [ 488808.429280314361677, 6204216.297400377690792 ], [ 488882.524780247767922, 6204764.547219864092767 ], [ 488452.539692483027466, 6205120.910841081291437 ], [ 487948.43609221681254, 6204929.031183009967208 ] ] ] } },
{ "type": "Feature", "properties": { "h3_id": "880b9a76c7fffff", "h3_resolution": 8, "center_lat": 56.040238738685062, "center_lng": 92.80346756666637, "district_name": "Октябрьский район", "total_levels": 15.0, "district_total_levels": 17839.0, "population_2020": 186772, "population_estimated": 157, "pvz_count": 0, "pvz_per_10k_people": 0.0 }, "geometry": { "type": "Polygon", "coordinates": [ [ [ 487325.486478373466525, 6210931.879769930616021 ], [ 487251.371995589521248, 6210383.755979743786156 ], [ 487681.34189420187613, 6210027.359481984749436 ], [ 488185.403247348440345, 6210219.09339243452996 ], [ 488259.501294783607591, 6210767.200299115851521 ], [ 487829.55442287074402, 6211123.590176936239004 ], [ 487325.486478373466525, 6210931.879769930616021 ] ] ] } },
{ "type": "Feature", "properties": { "h3_id": "880b9a7647fffff", "h3_resolution": 8, "center_lat": 55.993574101935486, "center_lng": 92.738804614044994, "district_name": "Октябрьский район", "total_levels": 48.0, "district_total_levels": 17839.0, "population_2020": 186772, "population_estimated": 503, "pvz_count": 0, "pvz_per_10k_people": 0.0 }, "geometry": { "type": "Polygon", "coordinates": [ [ [ 483277.008976209326647, 6205751.631581001915038 ], [ 483202.815224768943153, 6205203.280238747596741 ], [ 483632.946322844247334, 6204846.837672669440508 ], [ 484137.248140976997092, 6205038.752999019809067 ], [ 484211.425505619961768, 6205587.087420186959207 ], [ 483781.317437379970215, 6205943.523434166796505 ], [ 483277.008976209326647, 6205751.631581001915038 ] ] ] } },
{ "type": "Feature", "properties": { "h3_id": "880b9a74c9fffff", "h3_resolution": 8, "center_lat": 56.032938952402382, "center_lng": 92.87843558372272, "district_name": "Центральный район", "total_levels": 651.0, "district_total_levels": 8464.0, "population_2020": 86061, "population_estimated": 6619, "pvz_count": 5, "pvz_per_10k_people": 7.5540111799365466 }, "geometry": { "type": "Polygon", "coordinates": [ [ [ 491994.904984146880452, 6210108.602810262702405 ], [ 491920.872631808975711, 6209560.563435150310397 ], [ 492350.719644276425242, 6209204.239247156307101 ], [ 492854.575996563304216, 6209395.961038459092379 ], [ 492928.591936701908708, 6209943.983531290665269 ], [ 492498.767935205076355, 6210300.301113183610141 ], [ 491994.904984146880452, 6210108.602810262702405 ] ] ] } },
{ "type": "Feature", "properties": { "h3_id": "880b9a675bfffff", "h3_resolution": 8, "center_lat": 55.993837298245992, "center_lng": 93.045298433717761, "district_name": "Ленинский район", "total_levels": 0.0, "district_total_levels": 4826.0, "population_2020": 156777, "population_estimated": 0, "pvz_count": 0, "pvz_per_10k_people": 0.0 }, "geometry": { "type": "Polygon", "coordinates": [ [ [ 502396.025544573320076, 6205750.777900975197554 ], [ 502322.1717744236812, 6205202.860675200819969 ], [ 502751.767041286511812, 6204846.704763120040298 ], [ 503255.193105445068795, 6205038.472616038285196 ], [ 503329.030544254172128, 6205586.3729466535151 ], [ 502899.458248699607793, 6205942.522317593917251 ], [ 502396.025544573320076, 6205750.777900975197554 ] ] ] } },
{ "type": "Feature", "properties": { "h3_id": "880ab4930dfffff", "h3_resolution": 8, "center_lat": 56.111087594438018, "center_lng": 93.158167396365499, "district_name": "Советский район", "total_levels": 0.0, "district_total_levels": 14302.0, "population_2020": 368563, "population_estimated": 0, "pvz_count": 0, "pvz_per_10k_people": 0.0 }, "geometry": { "type": "Polygon", "coordinates": [ [ [ 509406.964041743660346, 6218810.804957484826446 ], [ 509333.257290542998817, 6218263.390044489875436 ], [ 509762.536120351171121, 6217907.303403997793794 ], [ 510265.498726864578202, 6218098.638388180173934 ], [ 510339.189015944488347, 6218646.036496381275356 ], [ 509909.933159083942883, 6219002.116423291154206 ], [ 509406.964041743660346, 6218810.804957484826446 ] ] ] } },
{ "type": "Feature", "properties": { "h3_id": "880b9a749dfffff", "h3_resolution": 8, "center_lat": 56.049960592439255, "center_lng": 92.93618452275274, "district_name": "Советский район", "total_levels": 289.0, "district_total_levels": 14302.0, "population_2020": 368563, "population_estimated": 7448, "pvz_count": 2, "pvz_per_10k_people": 2.685284640171858 }, "geometry": { "type": "Polygon", "coordinates": [ [ [ 495595.382756544742733, 6211998.20062618330121 ], [ 495521.417515643057413, 6211450.292596006765962 ], [ 495951.14629183273064, 6211094.017158037051558 ], [ 496454.81730406684801, 6211285.656377917155623 ], [ 496528.766121308028232, 6211833.547542392276227 ], [ 496099.060348428261932, 6212189.816350775770843 ], [ 495595.382756544742733, 6211998.20062618330121 ] ] ] } },
{ "type": "Feature", "properties": { "h3_id": "880b9a74a1fffff", "h3_resolution": 8, "center_lat": 56.017474185707393, "center_lng": 92.959065744453255, "district_name": "Ленинский район", "total_levels": 231.0, "district_total_levels": 4826.0, "population_2020": 156777, "population_estimated": 7504, "pvz_count": 2, "pvz_per_10k_people": 2.6652452025586353 }, "geometry": { "type": "Polygon", "coordinates": [ [ [ 497018.456955882778857, 6208381.419895396567881 ], [ 496944.511572282412089, 6207833.449327659793198 ], [ 497374.233788024983369, 6207477.205309838987887 ], [ 497877.878393302729819, 6207668.938437664881349 ], [ 497951.807399376179092, 6208216.892119228839874 ], [ 497522.108176153269596, 6208573.129557220265269 ], [ 497018.456955882778857, 6208381.419895396567881 ] ] ] } },
{ "type": "Feature", "properties": { "h3_id": "880b9a3947fffff", "h3_resolution": 8, "center_lat": 56.050386275571093, "center_lng": 92.698420926977647, "district_name": "Октябрьский район", "total_levels": 87.0, "district_total_levels": 17839.0, "population_2020": 186772, "population_estimated": 911, "pvz_count": 0, "pvz_per_10k_people": 0.0 }, "geometry": { "type": "Polygon", "coordinates": [ [ [ 480785.54884906404186, 6212084.973289974965155 ], [ 480711.319189205707517, 6211536.731308463029563 ], [ 481141.460712596017402, 6211180.233549392782152 ], [ 481645.808845628809649, 6211371.984409264288843 ], [ 481720.022037727525458, 6211920.209505570121109 ], [ 481289.903563001775183, 6212276.700625297613442 ], [ 480785.54884906404186, 6212084.973289974965155 ] ] ] } },
{ "type": "Feature", "properties": { "h3_id": "880b9a7643fffff", "h3_resolution": 8, "center_lat": 56.001691182702004, "center_lng": 92.733042610348207, "district_name": "Октябрьский район", "total_levels": 12.0, "district_total_levels": 17839.0, "population_2020": 186772, "population_estimated": 126, "pvz_count": 0, "pvz_per_10k_people": 0.0 }, "geometry": { "type": "Polygon", "coordinates": [ [ [ 482921.075202179548796, 6206656.417860549874604 ], [ 482846.876341569295619, 6206108.082075516693294 ], [ 483277.008976209326647, 6205751.631581001915038 ], [ 483781.317437379970215, 6205943.523434166796505 ], [ 483855.499899623857345, 6206491.842303234152496 ], [ 483425.390297514910344, 6206848.286233181133866 ], [ 482921.075202179548796, 6206656.417860549874604 ] ] ] } },
{ "type": "Feature", "properties": { "h3_id": "880b9a7445fffff", "h3_resolution": 8, "center_lat": 55.976743638634602, "center_lng": 92.834443159822129, "district_name": "Свердловский район", "total_levels": 128.0, "district_total_levels": 8998.0, "population_2020": 163470, "population_estimated": 2325, "pvz_count": 0, "pvz_per_10k_people": 0.0 }, "geometry": { "type": "Polygon", "coordinates": [ [ [ 489238.412753282464109, 6203859.941720214672387 ], [ 489164.322286261769477, 6203311.67639612685889 ], [ 489594.30412870447617, 6202955.328671577386558 ], [ 490098.353428358968813, 6203147.252792251296341 ], [ 490172.427547851635609, 6203695.501191641204059 ], [ 489742.468713672598824, 6204051.842393134720623 ], [ 489238.412753282464109, 6203859.941720214672387 ] ] ] } },
{ "type": "Feature", "properties": { "h3_id": "880b9a74cdfffff", "h3_resolution": 8, "center_lat": 56.02481891479453, "center_lng": 92.884169835891242, "district_name": "Центральный район", "total_levels": 482.0, "district_total_levels": 8464.0, "population_2020": 86061, "population_estimated": 4901, "pvz_count": 0, "pvz_per_10k_people": 0.0 }, "geometry": { "type": "Polygon", "coordinates": [ [ [ 492350.719644276425242, 6209204.239247156307101 ], [ 492276.692303654388525, 6208656.184244864620268 ], [ 492706.53771752526518, 6208299.867923194542527 ], [ 493210.387462192797102, 6208491.613195555284619 ], [ 493284.398402157239616, 6209039.651310444809496 ], [ 492854.575996563304216, 6209395.961038459092379 ], [ 492350.719644276425242, 6209204.239247156307101 ] ] ] } },
{ "type": "Feature", "properties": { "h3_id": "880b9a66d7fffff", "h3_resolution": 8, "center_lat": 56.087561255751211, "center_lng": 93.091024403074911, "district_name": "Советский район", "total_levels": 0.0, "district_total_levels": 14302.0, "population_2020": 368563, "population_estimated": 0, "pvz_count": 0, "pvz_per_10k_people": 0.0 }, "geometry": { "type": "Polygon", "coordinates": [ [ [ 505234.737237579771318, 6216184.863995961844921 ], [ 505160.951176538481377, 6215637.285017054527998 ], [ 505590.371220952423755, 6215281.142765138298273 ], [ 506093.55434371274896, 6215472.586170795373619 ], [ 506167.323960754147265, 6216020.148322989232838 ], [ 505737.926897486788221, 6216376.283894332125783 ], [ 505234.737237579771318, 6216184.863995961844921 ] ] ] } },
{ "type": "Feature", "properties": { "h3_id": "880b9a7617fffff", "h3_resolution": 8, "center_lat": 56.018794305853795, "center_lng": 92.790734173780351, "district_name": "Октябрьский район", "total_levels": 525.0, "district_total_levels": 17839.0, "population_2020": 186772, "population_estimated": 5497, "pvz_count": 3, "pvz_per_10k_people": 5.4575222848826632 }, "geometry": { "type": "Polygon", "coordinates": [ [ [ 486524.885861157148611, 6208547.502486781217158 ], [ 486450.753750892938115, 6207999.298005414195359 ], [ 486880.768165422952734, 6207642.896177507936954 ], [ 487384.891663765825797, 6207834.705417164601386 ], [ 487459.007364090823103, 6208382.892999169416726 ], [ 487029.01597446622327, 6208739.288238958455622 ], [ 486524.885861157148611, 6208547.502486781217158 ] ] ] } },
{ "type": "Feature", "properties": { "h3_id": "880b9a76cbfffff", "h3_resolution": 8, "center_lat": 56.04981070851597, "center_lng": 92.782709838479818, "district_name": "Октябрьский район", "total_levels": 120.0, "district_total_levels": 17839.0, "population_2020": 186772, "population_estimated": 1256, "pvz_count": 0, "pvz_per_10k_people": 0.0 }, "geometry": { "type": "Polygon", "coordinates": [ [ [ 486035.546194457041565, 6212001.115077236667275 ], [ 485961.410183818137739, 6211452.990083117038012 ], [ 486391.406134651799221, 6211096.57128232717514 ], [ 486895.515062048798427, 6211288.284108906984329 ], [ 486969.634621158184018, 6211836.392224406823516 ], [ 486539.661702851357404, 6212192.80439002905041 ], [ 486035.546194457041565, 6212001.115077236667275 ] ] ] } },
{ "type": "Feature", "properties": { "h3_id": "880b9a7419fffff", "h3_resolution": 8, "center_lat": 56.011505370913092, "center_lng": 92.865671580050517, "district_name": "Центральный район", "total_levels": 449.0, "district_total_levels": 8464.0, "population_2020": 86061, "population_estimated": 4565, "pvz_count": 4, "pvz_per_10k_people": 8.762322015334064 }, "geometry": { "type": "Polygon", "coordinates": [ [ [ 491194.837667080631945, 6207724.57543745264411 ], [ 491120.787560265394859, 6207176.455450438894331 ], [ 491550.678992041503079, 6206820.1259705144912 ], [ 492054.597519909148104, 6207011.923049964010715 ], [ 492128.631239907292183, 6207560.026138844899833 ], [ 491698.762817309179809, 6207916.349044484086335 ], [ 491194.837667080631945, 6207724.57543745264411 ] ] ] } },
{ "type": "Feature", "properties": { "h3_id": "880b9a0ca5fffff", "h3_resolution": 8, "center_lat": 55.983114947001852, "center_lng": 92.690372890000191, "district_name": "Октябрьский район", "total_levels": 86.0, "district_total_levels": 17839.0, "population_2020": 186772, "population_estimated": 900, "pvz_count": 0, "pvz_per_10k_people": 0.0 }, "geometry": { "type": "Polygon", "coordinates": [ [ [ 480250.631375625729561, 6204600.081976674497128 ], [ 480176.382321115816012, 6204051.631857972592115 ], [ 480606.60862191405613, 6203695.147238476201892 ], [ 481111.060938674374484, 6203887.119273981079459 ], [ 481185.293611061410047, 6204435.552460360340774 ], [ 480755.090347262856085, 6204792.030541634187102 ], [ 480250.631375625729561, 6204600.081976674497128 ] ] ] } },
{ "type": "Feature", "properties": { "h3_id": "880b9a2861fffff", "h3_resolution": 8, "center_lat": 56.117149714911896, "center_lng": 92.944623347223825, "district_name": "Советский район", "total_levels": 20.0, "district_total_levels": 14302.0, "population_2020": 368563, "population_estimated": 515, "pvz_count": 0, "pvz_per_10k_people": 0.0 }, "geometry": { "type": "Polygon", "coordinates": [ [ [ 496127.096606193168554, 6219475.8271325500682 ], [ 496053.152366426831577, 6218928.128367353230715 ], [ 496482.796925478149205, 6218571.840806508436799 ], [ 496986.362707853259053, 6218763.258739311248064 ], [ 497060.290438787429594, 6219310.940685926936567 ], [ 496630.66889462940162, 6219667.221516408957541 ], [ 496127.096606193168554, 6219475.8271325500682 ] ] ] } },
{ "type": "Feature", "properties": { "h3_id": "880b9a75ebfffff", "h3_resolution": 8, "center_lat": 55.965030371293189, "center_lng": 92.954159855427235, "district_name": "Свердловский район", "total_levels": 0.0, "district_total_levels": 8998.0, "population_2020": 163470, "population_estimated": 0, "pvz_count": 0, "pvz_per_10k_people": 0.0 }, "geometry": { "type": "Polygon", "coordinates": [ [ [ 496708.692248101579025, 6202544.754392717033625 ], [ 496634.732432076707482, 6201996.624459181912243 ], [ 497064.516783783212304, 6201640.392562227323651 ], [ 497568.237966937478632, 6201832.297097870148718 ], [ 497642.18147235782817, 6202380.410108719021082 ], [ 497212.420103685639333, 6202736.635504689998925 ], [ 496708.692248101579025, 6202544.754392717033625 ] ] ] } },
{ "type": "Feature", "properties": { "h3_id": "880b9a2b25fffff", "h3_resolution": 8, "center_lat": 56.066201713385176, "center_lng": 92.924729802576707, "district_name": "Советский район", "total_levels": 529.0, "district_total_levels": 14302.0, "population_2020": 368563, "population_estimated": 13632, "pvz_count": 5, "pvz_per_10k_people": 3.6678403755868541 }, "geometry": { "type": "Polygon", "coordinates": [ [ [ 494883.865850544534624, 6213806.543914886191487 ], [ 494809.890639768913388, 6213258.667284687981009 ], [ 495239.622601923358161, 6212902.376223937608302 ], [ 495743.306764613371342, 6213093.968445932492614 ], [ 495817.265528667659964, 6213641.828220685943961 ], [ 495387.556575203023385, 6213998.112626979127526 ], [ 494883.865850544534624, 6213806.543914886191487 ] ] ] } },
{ "type": "Feature", "properties": { "h3_id": "880b9a0db1fffff", "h3_resolution": 8, "center_lat": 55.955877450394304, "center_lng": 92.737630142238331, "district_name": "Свердловский район", "total_levels": 0.0, "district_total_levels": 8998.0, "population_2020": 163470, "population_estimated": 0, "pvz_count": 0, "pvz_per_10k_people": 0.0 }, "geometry": { "type": "Polygon", "coordinates": [ [ [ 483187.783572246727999, 6201556.396737085655332 ], [ 483113.582591834536288, 6201007.934043541550636 ], [ 483543.75503054499859, 6200651.502349944785237 ], [ 484048.105425505782478, 6200843.539843234233558 ], [ 484122.290067751542665, 6201391.985589617863297 ], [ 483692.140651656372938, 6201748.410787944681942 ], [ 483187.783572246727999, 6201556.396737085655332 ] ] ] } },
{ "type": "Feature", "properties": { "h3_id": "880b9a6653fffff", "h3_resolution": 8, "center_lat": 56.04922363346293, "center_lng": 93.020365911020249, "district_name": "Ленинский район", "total_levels": 159.0, "district_total_levels": 4826.0, "population_2020": 156777, "population_estimated": 5165, "pvz_count": 0, "pvz_per_10k_people": 0.0 }, "geometry": { "type": "Polygon", "coordinates": [ [ [ 500838.986967049131636, 6211914.450347826816142 ], [ 500765.115286282380112, 6211366.659166533499956 ], [ 501194.69789057050366, 6211010.462589557282627 ], [ 501698.129186998819932, 6211202.063817383721471 ], [ 501771.984460378531367, 6211749.838139555417001 ], [ 501342.424843170971144, 6212106.028091113083065 ], [ 500838.986967049131636, 6211914.450347826816142 ] ] ] } },
{ "type": "Feature", "properties": { "h3_id": "880b9a7593fffff", "h3_resolution": 8, "center_lat": 56.006401023715839, "center_lng": 92.994716216492364, "district_name": "Кировский район", "total_levels": 0.0, "district_total_levels": 5412.0, "population_2020": 125182, "population_estimated": 0, "pvz_count": 0, "pvz_per_10k_people": 0.0 }, "geometry": { "type": "Polygon", "coordinates": [ [ [ 499240.852369051077403, 6207148.224475419148803 ], [ 499166.944659948290791, 6206600.272110296413302 ], [ 499596.615822052524891, 6206244.064905013889074 ], [ 500100.171708217589185, 6206435.816624794155359 ], [ 500174.063060579297598, 6206983.752099124714732 ], [ 499744.414881974400487, 6207339.952742546796799 ], [ 499240.852369051077403, 6207148.224475419148803 ] ] ] } },
{ "type": "Feature", "properties": { "h3_id": "880b9a7551fffff", "h3_resolution": 8, "center_lat": 55.94946112723408, "center_lng": 92.88156656511137, "district_name": "Свердловский район", "total_levels": 0.0, "district_total_levels": 8998.0, "population_2020": 163470, "population_estimated": 0, "pvz_count": 0, "pvz_per_10k_people": 0.0 }, "geometry": { "type": "Polygon", "coordinates": [ [ [ 492174.01092534174677, 6200817.399523711763322 ], [ 492099.96813688299153, 6200269.121697089634836 ], [ 492529.895601731084753, 6199912.826900196261704 ], [ 493033.842859658820089, 6200104.816408148035407 ], [ 493107.869344489532523, 6200653.07729525398463 ], [ 492677.964873476768844, 6201009.365611995570362 ], [ 492174.01092534174677, 6200817.399523711763322 ] ] ] } },
{ "type": "Feature", "properties": { "h3_id": "880b9a6611fffff", "h3_resolution": 8, "center_lat": 56.046257383625047, "center_lng": 93.050317490398726, "district_name": "Ленинский район", "total_levels": 0.0, "district_total_levels": 4826.0, "population_2020": 156777, "population_estimated": 0, "pvz_count": 0, "pvz_per_10k_people": 0.0 }, "geometry": { "type": "Polygon", "coordinates": [ [ [ 502704.91622759058373, 6211585.237958263605833 ], [ 502631.077356964873616, 6211037.480494971387088 ], [ 503060.610624895838555, 6210681.312805968336761 ], [ 503563.95978113921592, 6210872.909198227338493 ], [ 503637.782253646175377, 6211420.649802880361676 ], [ 503208.2719664813485, 6211776.810871999710798 ], [ 502704.91622759058373, 6211585.237958263605833 ] ] ] } },
{ "type": "Feature", "properties": { "h3_id": "880b9a7739fffff", "h3_resolution": 8, "center_lat": 55.947174892728263, "center_lng": 92.827451448813392, "district_name": "Свердловский район", "total_levels": 0.0, "district_total_levels": 8998.0, "population_2020": 163470, "population_estimated": 0, "pvz_count": 0, "pvz_per_10k_people": 0.0 }, "geometry": { "type": "Polygon", "coordinates": [ [ [ 488793.838539855729323, 6200570.110419702716172 ], [ 488719.735519296780694, 6200021.749405321665108 ], [ 489149.760060514265206, 6199665.4046685481444 ], [ 489653.86461701290682, 6199857.427422941662371 ], [ 489727.95132706296863, 6200405.771491681225598 ], [ 489297.949789576930925, 6200762.109749739989638 ], [ 488793.838539855729323, 6200570.110419702716172 ] ] ] } },
{ "type": "Feature", "properties": { "h3_id": "880b9a663dfffff", "h3_resolution": 8, "center_lat": 56.021884211741536, "center_lng": 93.06740505850108, "district_name": "Ленинский район", "total_levels": 61.0, "district_total_levels": 4826.0, "population_2020": 156777, "population_estimated": 1982, "pvz_count": 0, "pvz_per_10k_people": 0.0 }, "geometry": { "type": "Polygon", "coordinates": [ [ [ 503772.008950205461588, 6208873.439100108109415 ], [ 503698.184726833656896, 6208325.634758080355823 ], [ 504127.712833078054246, 6207969.490619312040508 ], [ 504631.042188493011054, 6208161.157403255812824 ], [ 504704.850048302672803, 6208708.944871304556727 ], [ 504275.34491471335059, 6209065.082427474670112 ], [ 503772.008950205461588, 6208873.439100108109415 ] ] ] } },
{ "type": "Feature", "properties": { "h3_id": "880b9a2911fffff", "h3_resolution": 8, "center_lat": 56.103116054026628, "center_lng": 93.010364421155657, "district_name": "Советский район", "total_levels": 0.0, "district_total_levels": 14302.0, "population_2020": 368563, "population_estimated": 0, "pvz_count": 0, "pvz_per_10k_people": 0.0 }, "geometry": { "type": "Polygon", "coordinates": [ [ [ 500215.146505818527658, 6217912.49221702478826 ], [ 500141.273217746871524, 6217364.844901948235929 ], [ 500570.817980346968397, 6217008.622771183028817 ], [ 501074.213029858132359, 6217200.054660427384079 ], [ 501148.069839200528804, 6217747.685152733698487 ], [ 500718.548076213162858, 6218103.900576654821634 ], [ 500215.146505818527658, 6217912.49221702478826 ] ] ] } },
{ "type": "Feature", "properties": { "h3_id": "880b9a75a9fffff", "h3_resolution": 8, "center_lat": 55.96208496682118, "center_lng": 92.984067188251402, "district_name": "Кировский район", "total_levels": 5.0, "district_total_levels": 5412.0, "population_2020": 125182, "population_estimated": 116, "pvz_count": 0, "pvz_per_10k_people": 0.0 }, "geometry": { "type": "Polygon", "coordinates": [ [ [ 498575.604932417685632, 6202216.077850467525423 ], [ 498501.677732989774086, 6201667.981762051582336 ], [ 498931.412613495369442, 6201311.778815370053053 ], [ 499435.051715170789976, 6201503.678450650535524 ], [ 499508.962613222305663, 6202051.757616885006428 ], [ 499079.250709432468284, 6202407.954068097285926 ], [ 498575.604932417685632, 6202216.077850467525423 ] ] ] } },
{ "type": "Feature", "properties": { "h3_id": "880b9a6669fffff", "h3_resolution": 8, "center_lat": 56.004923113042231, "center_lng": 93.009680941954628, "district_name": "Ленинский район", "total_levels": 5.0, "district_total_levels": 4826.0, "population_2020": 156777, "population_estimated": 162, "pvz_count": 0, "pvz_per_10k_people": 0.0 }, "geometry": { "type": "Polygon", "coordinates": [ [ [ 500174.063060579297598, 6206983.752099124714732 ], [ 500100.171708217589185, 6206435.816624794155359 ], [ 500529.818168433965184, 6206079.623879083432257 ], [ 501033.332999129896052, 6206271.37316489033401 ], [ 501107.207999374950305, 6206819.291748674586415 ], [ 500677.584519497526344, 6207175.477935283444822 ], [ 500174.063060579297598, 6206983.752099124714732 ] ] ] } },
{ "type": "Feature", "properties": { "h3_id": "880b9a0d9bfffff", "h3_resolution": 8, "center_lat": 55.981673509122317, "center_lng": 92.705363294358349, "district_name": "Октябрьский район", "total_levels": 201.0, "district_total_levels": 17839.0, "population_2020": 186772, "population_estimated": 2104, "pvz_count": 1, "pvz_per_10k_people": 4.752851711026616 }, "geometry": { "type": "Polygon", "coordinates": [ [ [ 481185.293611061410047, 6204435.552460360340774 ], [ 481111.060938674374484, 6203887.119273981079459 ], [ 481541.262673565594014, 6203530.649143978022039 ], [ 482045.674045438761823, 6203722.618733889423311 ], [ 482119.890340317913797, 6204271.034988202154636 ], [ 481689.711639286775608, 6204627.498582746833563 ], [ 481185.293611061410047, 6204435.552460360340774 ] ] ] } },
{ "type": "Feature", "properties": { "h3_id": "880b9a76e1fffff", "h3_resolution": 8, "center_lat": 56.024002514881467, "center_lng": 92.814968660993742, "district_name": "Железнодорожный район", "total_levels": 570.0, "district_total_levels": 3954.0, "population_2020": 100946, "population_estimated": 14552, "pvz_count": 6, "pvz_per_10k_people": 4.1231445849367789 }, "geometry": { "type": "Polygon", "coordinates": [ [ [ 488037.200846044579521, 6209122.831397023051977 ], [ 487963.096495312056504, 6208574.67632314376533 ], [ 488393.063311306235846, 6208218.295551501214504 ], [ 488897.111455169680994, 6208410.076446860097349 ], [ 488971.199393659771886, 6208958.214626989327371 ], [ 488541.255598980467767, 6209314.58880359120667 ], [ 488037.200846044579521, 6209122.831397023051977 ] ] ] } },
{ "type": "Feature", "properties": { "h3_id": "880b9a75d5fffff", "h3_resolution": 8, "center_lat": 55.987928597664933, "center_lng": 92.951985542452277, "district_name": "Кировский район", "total_levels": 405.0, "district_total_levels": 5412.0, "population_2020": 125182, "population_estimated": 9368, "pvz_count": 5, "pvz_per_10k_people": 5.3373185311699398 }, "geometry": { "type": "Polygon", "coordinates": [ [ [ 496574.752303732966539, 6205093.3563551325351 ], [ 496500.793990821752232, 6204545.289785833097994 ], [ 496930.558807649242226, 6204189.048484531231225 ], [ 497434.258947835187428, 6204380.88028618413955 ], [ 497508.20092012808891, 6204928.929948365315795 ], [ 497078.459091309283394, 6205285.164714095182717 ], [ 496574.752303732966539, 6205093.3563551325351 ] ] ] } },
{ "type": "Feature", "properties": { "h3_id": "880b9a74e3fffff", "h3_resolution": 8, "center_lat": 56.020417212990964, "center_lng": 92.929113949602737, "district_name": "Советский район", "total_levels": 0.0, "district_total_levels": 14302.0, "population_2020": 368563, "population_estimated": 0, "pvz_count": 0, "pvz_per_10k_people": 0.0 }, "geometry": { "type": "Polygon", "coordinates": [ [ [ 495151.559004787472077, 6208710.511538702994585 ], [ 495077.58085225825198, 6208162.507197883911431 ], [ 495507.352376836643089, 6207806.234260499477386 ], [ 496011.079053573077545, 6207997.972247377038002 ], [ 496085.04081932362169, 6208545.959701532498002 ], [ 495655.292293570644688, 6208902.226053559221327 ], [ 495151.559004787472077, 6208710.511538702994585 ] ] ] } },
{ "type": "Feature", "properties": { "h3_id": "880b9a293dfffff", "h3_resolution": 8, "center_lat": 56.078750128363396, "center_lng": 93.027501254139125, "district_name": "Советский район", "total_levels": 0.0, "district_total_levels": 14302.0, "population_2020": 368563, "population_estimated": 0, "pvz_count": 0, "pvz_per_10k_people": 0.0 }, "geometry": { "type": "Polygon", "coordinates": [ [ [ 501282.170933943707496, 6215200.859714314341545 ], [ 501208.312437419954222, 6214653.165061837993562 ], [ 501637.852367892861366, 6214296.966176024638116 ], [ 502141.227801795699634, 6214488.468610363081098 ], [ 502215.069854133122135, 6215036.146424682810903 ], [ 501785.552915208681952, 6215392.338640913367271 ], [ 501282.170933943707496, 6215200.859714314341545 ] ] ] } },
{ "type": "Feature", "properties": { "h3_id": "880b9a76b5fffff", "h3_resolution": 8, "center_lat": 56.041058641704851, "center_lng": 92.872698976574895, "district_name": "Центральный район", "total_levels": 631.0, "district_total_levels": 8464.0, "population_2020": 86061, "population_estimated": 6416, "pvz_count": 6, "pvz_per_10k_people": 9.3516209476309218 }, "geometry": { "type": "Polygon", "coordinates": [ [ [ 491639.093759725859854, 6211012.958576078526676 ], [ 491565.056388800963759, 6210464.934850023128092 ], [ 491994.904984146880452, 6210108.602810262702405 ], [ 492498.767935205076355, 6210300.301113183610141 ], [ 492572.78888238617219, 6210848.307962076738477 ], [ 492142.963300705712754, 6211204.633383293636143 ], [ 491639.093759725859854, 6211012.958576078526676 ] ] ] } },
{ "type": "Feature", "properties": { "h3_id": "880b9a7403fffff", "h3_resolution": 8, "center_lat": 55.99526453587378, "center_lng": 92.877137581655091, "district_name": "Центральный район", "total_levels": 0.0, "district_total_levels": 8464.0, "population_2020": 86061, "population_estimated": 0, "pvz_count": 0, "pvz_per_10k_people": 0.0 }, "geometry": { "type": "Polygon", "coordinates": [ [ [ 491906.523711479734629, 6205915.668837607838213 ], [ 491832.483626178465784, 6205367.517728988081217 ], [ 492262.371802797541022, 6205011.204075184650719 ], [ 492766.277059396670666, 6205203.048077460378408 ], [ 492840.300780978519469, 6205751.182277716696262 ], [ 492410.435608136001974, 6206107.489382142201066 ], [ 491906.523711479734629, 6205915.668837607838213 ] ] ] } },
{ "type": "Feature", "properties": { "h3_id": "880b9a2b3bfffff", "h3_resolution": 8, "center_lat": 56.103857705797495, "center_lng": 92.926071787919383, "district_name": "Советский район", "total_levels": 46.0, "district_total_levels": 14302.0, "population_2020": 368563, "population_estimated": 1185, "pvz_count": 0, "pvz_per_10k_people": 0.0 }, "geometry": { "type": "Polygon", "coordinates": [ [ [ 494971.948447578120977, 6217997.530345250852406 ], [ 494897.981196063454263, 6217449.766256823204458 ], [ 495327.671786303864792, 6217093.465264198370278 ], [ 495831.306610682571772, 6217284.935069155879319 ], [ 495905.257367115234956, 6217832.682328256778419 ], [ 495475.589792700833641, 6218188.976609819568694 ], [ 494971.948447578120977, 6217997.530345250852406 ] ] ] } },
{ "type": "Feature", "properties": { "h3_id": "880b9a74b7fffff", "h3_resolution": 8, "center_lat": 56.037415873142507, "center_lng": 92.986851045680325, "district_name": "Советский район", "total_levels": 0.0, "district_total_levels": 14302.0, "population_2020": 368563, "population_estimated": 0, "pvz_count": 0, "pvz_per_10k_people": 0.0 }, "geometry": { "type": "Polygon", "coordinates": [ [ [ 498751.074796468135901, 6210600.18794858828187 ], [ 498677.163752689084504, 6210052.314862951636314 ], [ 499106.816992242471315, 6209696.090613642707467 ], [ 499610.358282878121827, 6209887.746056905947626 ], [ 499684.252928422531113, 6210435.602272455580533 ], [ 499254.622680022439454, 6210791.819912916049361 ], [ 498751.074796468135901, 6210600.18794858828187 ] ] ] } },
{ "type": "Feature", "properties": { "h3_id": "880b9a7601fffff", "h3_resolution": 8, "center_lat": 55.99879539010665, "center_lng": 92.763024874500914, "district_name": "Октябрьский район", "total_levels": 67.0, "district_total_levels": 17839.0, "population_2020": 186772, "population_estimated": 701, "pvz_count": 0, "pvz_per_10k_people": 0.0 }, "geometry": { "type": "Polygon", "coordinates": [ [ [ 484789.859073668485507, 6206327.278788513503969 ], [ 484715.693005166947842, 6205778.976835158653557 ], [ 485145.776497106009629, 6205422.555301057174802 ], [ 485650.003029747633263, 6205614.442277421243489 ], [ 485724.152709124202374, 6206162.727315305732191 ], [ 485294.092243433056865, 6206519.142290376126766 ], [ 484789.859073668485507, 6206327.278788513503969 ] ] ] } },
{ "type": "Feature", "properties": { "h3_id": "880b9a2969fffff", "h3_resolution": 8, "center_lat": 56.061781818903796, "center_lng": 92.969703982771861, "district_name": "Советский район", "total_levels": 218.0, "district_total_levels": 14302.0, "population_2020": 368563, "population_estimated": 5618, "pvz_count": 3, "pvz_per_10k_people": 5.3399786400854401 }, "geometry": { "type": "Polygon", "coordinates": [ [ [ 497683.86800622777082, 6213312.432934095151722 ], [ 497609.942121713480446, 6212764.606869521550834 ], [ 498039.600280885468237, 6212408.359145215712488 ], [ 498543.161323784035631, 6212599.944129722192883 ], [ 498617.070775481755845, 6213147.753339568153024 ], [ 498187.43561555078486, 6213503.994417726062238 ], [ 497683.86800622777082, 6213312.432934095151722 ] ] ] } },
{ "type": "Feature", "properties": { "h3_id": "880b9a7689fffff", "h3_resolution": 8, "center_lat": 56.046900222216323, "center_lng": 92.812714939553658, "district_name": "Октябрьский район", "total_levels": 56.0, "district_total_levels": 17839.0, "population_2020": 186772, "population_estimated": 586, "pvz_count": 0, "pvz_per_10k_people": 0.0 }, "geometry": { "type": "Polygon", "coordinates": [ [ [ 487903.657535080099478, 6211671.681414060294628 ], [ 487829.55442287074402, 6211123.590176936239004 ], [ 488259.501294783607591, 6210767.200299115851521 ], [ 488763.528251112380531, 6210958.908286132849753 ], [ 488837.614921054977458, 6211506.982645126990974 ], [ 488407.69107538589742, 6211863.365893319249153 ], [ 487903.657535080099478, 6211671.681414060294628 ] ] ] } },
{ "type": "Feature", "properties": { "h3_id": "880b9a0cbbfffff", "h3_resolution": 8, "center_lat": 56.020811509248219, "center_lng": 92.691506623907259, "district_name": "Октябрьский район", "total_levels": 58.0, "district_total_levels": 17839.0, "population_2020": 186772, "population_estimated": 607, "pvz_count": 0, "pvz_per_10k_people": 0.0 }, "geometry": { "type": "Polygon", "coordinates": [ [ [ 480340.140120900352485, 6208795.280182092450559 ], [ 480265.898164469574112, 6208246.941765074618161 ], [ 480696.082875852298457, 6207890.446502782404423 ], [ 481200.486497925885487, 6208082.296250628307462 ], [ 481274.712023609026801, 6208630.617761436849833 ], [ 480844.550356416031718, 6208987.106428689323366 ], [ 480340.140120900352485, 6208795.280182092450559 ] ] ] } },
{ "type": "Feature", "properties": { "h3_id": "880b9a2b67fffff", "h3_resolution": 8, "center_lat": 56.069139738193329, "center_lng": 92.894736041878232, "district_name": "Центральный район", "total_levels": 0.0, "district_total_levels": 8464.0, "population_2020": 86061, "population_estimated": 0, "pvz_count": 0, "pvz_per_10k_people": 0.0 }, "geometry": { "type": "Polygon", "coordinates": [ [ [ 493016.869691127561964, 6214136.01141045987606 ], [ 492942.861572993861046, 6213588.10106863360852 ], [ 493372.642687794053927, 6213231.781113644130528 ], [ 493876.408904190233443, 6213423.378158562816679 ], [ 493950.400566327385604, 6213971.271644455380738 ], [ 493520.642466514662374, 6214327.584939447231591 ], [ 493016.869691127561964, 6214136.01141045987606 ] ] ] } },
{ "type": "Feature", "properties": { "h3_id": "880b9a3931fffff", "h3_resolution": 8, "center_lat": 56.059379760512371, "center_lng": 92.76194057481915, "district_name": "Октябрьский район", "total_levels": 62.0, "district_total_levels": 17839.0, "population_2020": 186772, "population_estimated": 649, "pvz_count": 0, "pvz_per_10k_people": 0.0 }, "geometry": { "type": "Polygon", "coordinates": [ [ [ 484745.527891922858544, 6213070.417225448414683 ], [ 484671.370318823435809, 6212522.291059301234782 ], [ 485101.392270155833103, 6212165.849973618984222 ], [ 485605.548754684103187, 6212357.541702559217811 ], [ 485679.689860067795962, 6212905.650994976982474 ], [ 485249.690947087015957, 6213262.085430267266929 ], [ 484745.527891922858544, 6213070.417225448414683 ] ] ] } },
{ "type": "Feature", "properties": { "h3_id": "880b9a762dfffff", "h3_resolution": 8, "center_lat": 55.974440561455744, "center_lng": 92.780282879279824, "district_name": "Свердловский район", "total_levels": 131.0, "district_total_levels": 8998.0, "population_2020": 163470, "population_estimated": 2380, "pvz_count": 0, "pvz_per_10k_people": 0.0 }, "geometry": { "type": "Polygon", "coordinates": [ [ [ 485857.621891518298071, 6203613.085519620217383 ], [ 485783.47106050531147, 6203064.736991084180772 ], [ 486213.549817266059108, 6202708.339298614300787 ], [ 486717.756385340297129, 6202900.296654396690428 ], [ 486791.890861923922785, 6203448.628252116963267 ], [ 486361.835123313474469, 6203805.019422948360443 ], [ 485857.621891518298071, 6203613.085519620217383 ] ] ] } },
{ "type": "Feature", "properties": { "h3_id": "880b9a748bfffff", "h3_resolution": 8, "center_lat": 56.043310632378692, "center_lng": 92.926923066587364, "district_name": "Советский район", "total_levels": 285.0, "district_total_levels": 14302.0, "population_2020": 368563, "population_estimated": 7344, "pvz_count": 3, "pvz_per_10k_people": 4.0849673202614376 }, "geometry": { "type": "Polygon", "coordinates": [ [ [ 495017.705470967572182, 6211258.650958437472582 ], [ 494943.728787939762697, 6210710.710390004329383 ], [ 495373.480567894002888, 6210354.42833212018013 ], [ 495877.186025562696159, 6210546.093460669741035 ], [ 495951.14629183273064, 6211094.017158037051558 ], [ 495521.417515643057413, 6211450.292596006765962 ], [ 495017.705470967572182, 6211258.650958437472582 ] ] ] } },
{ "type": "Feature", "properties": { "h3_id": "880b9a0ce7fffff", "h3_resolution": 8, "center_lat": 55.985992665771633, "center_lng": 92.66038560658464, "district_name": "Октябрьский район", "total_levels": 0.0, "district_total_levels": 17839.0, "population_2020": 186772, "population_estimated": 0, "pvz_count": 0, "pvz_per_10k_people": 0.0 }, "geometry": { "type": "Polygon", "coordinates": [ [ [ 478381.110447091807146, 6204929.177146065048873 ], [ 478306.828614488476887, 6204380.693161970935762 ], [ 478737.104017343313899, 6204024.179561494849622 ], [ 479241.638207979267463, 6204216.156486944295466 ], [ 479315.903649226936977, 6204764.623538218438625 ], [ 478885.651289646222722, 6205121.130594939924777 ], [ 478381.110447091807146, 6204929.177146065048873 ] ] ] } },
{ "type": "Feature", "properties": { "h3_id": "880b9a745bfffff", "h3_resolution": 8, "center_lat": 56.014426090446058, "center_lng": 92.835703152072227, "district_name": "Железнодорожный район", "total_levels": 216.0, "district_total_levels": 3954.0, "population_2020": 100946, "population_estimated": 5515, "pvz_count": 1, "pvz_per_10k_people": 1.8132366273798732 }, "geometry": { "type": "Polygon", "coordinates": [ [ [ 489327.053687641222496, 6208053.710142707452178 ], [ 489252.970793319633231, 6207505.55635869409889 ], [ 489682.911447855702136, 6207149.197941552847624 ], [ 490186.911979691416491, 6207340.999886326491833 ], [ 490260.978477947472129, 6207889.136771714314818 ], [ 489831.060838886594865, 6208245.488609036430717 ], [ 489327.053687641222496, 6208053.710142707452178 ] ] ] } },
{ "type": "Feature", "properties": { "h3_id": "880b9a3901fffff", "h3_resolution": 8, "center_lat": 56.055611046354819, "center_lng": 92.722673534526436, "district_name": "Октябрьский район", "total_levels": 363.0, "district_total_levels": 17839.0, "population_2020": 186772, "population_estimated": 3801, "pvz_count": 4, "pvz_per_10k_people": 10.523546435148646 }, "geometry": { "type": "Polygon", "coordinates": [ [ [ 482298.537663537310436, 6212660.126934816129506 ], [ 482224.335800458793528, 6212111.93442380335182 ], [ 482654.429790243157186, 6211755.457769179716706 ], [ 483158.702596476883627, 6211947.180269910953939 ], [ 483232.887989496230148, 6212495.355901337228715 ], [ 482802.817044790252112, 6212851.825909703038633 ], [ 482298.537663537310436, 6212660.126934816129506 ] ] ] } },
{ "type": "Feature", "properties": { "h3_id": "880b9a7659fffff", "h3_resolution": 8, "center_lat": 56.017924290525244, "center_lng": 92.721511513850004, "district_name": "Октябрьский район", "total_levels": 219.0, "district_total_levels": 17839.0, "population_2020": 186772, "population_estimated": 2293, "pvz_count": 0, "pvz_per_10k_people": 0.0 }, "geometry": { "type": "Polygon", "coordinates": [ [ [ 482209.21846239984734, 6208465.967387332580984 ], [ 482135.009362840559334, 6207917.662782489322126 ], [ 482565.145023373421282, 6207561.196474821306765 ], [ 483069.466744001023471, 6207753.041359579190612 ], [ 483143.659422061929945, 6208301.329058703966439 ], [ 482713.546799444186036, 6208657.788776869885623 ], [ 482209.21846239984734, 6208465.967387332580984 ] ] ] } },
{ "type": "Feature", "properties": { "h3_id": "880b9a765dfffff", "h3_resolution": 8, "center_lat": 56.009807912419518, "center_lng": 92.727278244062092, "district_name": "Октябрьский район", "total_levels": 84.0, "district_total_levels": 17839.0, "population_2020": 186772, "population_estimated": 879, "pvz_count": 0, "pvz_per_10k_people": 0.0 }, "geometry": { "type": "Polygon", "coordinates": [ [ [ 482565.145023373421282, 6207561.196474821306765 ], [ 482490.941046722640749, 6207012.876268925145268 ], [ 482921.075202179548796, 6206656.417860549874604 ], [ 483425.390297514910344, 6206848.286233181133866 ], [ 483499.577864234277513, 6207396.589528236538172 ], [ 483069.466744001023471, 6207753.041359579190612 ], [ 482565.145023373421282, 6207561.196474821306765 ] ] ] } },
{ "type": "Feature", "properties": { "h3_id": "880b9a3905fffff", "h3_resolution": 8, "center_lat": 56.047495581434418, "center_lng": 92.728445109030304, "district_name": "Октябрьский район", "total_levels": 200.0, "district_total_levels": 17839.0, "population_2020": 186772, "population_estimated": 2094, "pvz_count": 0, "pvz_per_10k_people": 0.0 }, "geometry": { "type": "Polygon", "coordinates": [ [ [ 482654.429790243157186, 6211755.457769179716706 ], [ 482580.233061272185296, 6211207.249557830393314 ], [ 483010.32559858460445, 6210850.780733853578568 ], [ 483514.591820923262276, 6211042.526753106154501 ], [ 483588.772091395279858, 6211590.718079732730985 ], [ 483158.702596476883627, 6211947.180269910953939 ], [ 482654.429790243157186, 6211755.457769179716706 ] ] ] } },
{ "type": "Feature", "properties": { "h3_id": "880b9a7487fffff", "h3_resolution": 8, "center_lat": 56.033718081719712, "center_lng": 92.947629833152334, "district_name": "Советский район", "total_levels": 0.0, "district_total_levels": 14302.0, "population_2020": 368563, "population_estimated": 0, "pvz_count": 0, "pvz_per_10k_people": 0.0 }, "geometry": { "type": "Polygon", "coordinates": [ [ [ 496306.913185203855392, 6210189.825855915434659 ], [ 496232.957886698131915, 6209641.886513222008944 ], [ 496662.683414081984665, 6209285.626756228506565 ], [ 497166.341240508307237, 6209477.31294472515583 ], [ 497240.280138422036543, 6210025.23541148006916 ], [ 496810.577608952997252, 6210381.488563761115074 ], [ 496306.913185203855392, 6210189.825855915434659 ] ] ] } },
{ "type": "Feature", "properties": { "h3_id": "880b9a392dfffff", "h3_resolution": 8, "center_lat": 56.03126359194183, "center_lng": 92.739981155317281, "district_name": "Октябрьский район", "total_levels": 272.0, "district_total_levels": 17839.0, "population_2020": 186772, "population_estimated": 2848, "pvz_count": 2, "pvz_per_10k_people": 7.0224719101123592 }, "geometry": { "type": "Polygon", "coordinates": [ [ [ 483366.225065959210042, 6209946.095865312032402 ], [ 483292.038584615744185, 6209397.856319000944495 ], [ 483722.128169763309415, 6209041.403200027532876 ], [ 484226.381197686714586, 6209233.19623432867229 ], [ 484300.55124365555821, 6209781.418885663151741 ], [ 483870.484695526538417, 6210137.865395753644407 ], [ 483366.225065959210042, 6209946.095865312032402 ] ] ] } },
{ "type": "Feature", "properties": { "h3_id": "880b9a7685fffff", "h3_resolution": 8, "center_lat": 56.037323972696683, "center_lng": 92.833461317423499, "district_name": "Железнодорожный район", "total_levels": 105.0, "district_total_levels": 3954.0, "population_2020": 100946, "population_estimated": 2681, "pvz_count": 0, "pvz_per_10k_people": 0.0 }, "geometry": { "type": "Polygon", "coordinates": [ [ [ 489193.450568717322312, 6210602.532868813723326 ], [ 489119.368951999873389, 6210054.442845391109586 ], [ 489549.289725816808641, 6209698.075273512862623 ], [ 490053.269094391376711, 6209889.804337544366717 ], [ 490127.334285019489471, 6210437.877477953210473 ], [ 489697.436531614453997, 6210794.238435429520905 ], [ 489193.450568717322312, 6210602.532868813723326 ] ] ] } },
{ "type": "Feature", "properties": { "h3_id": "880b9a29edfffff", "h3_resolution": 8, "center_lat": 56.100148747422246, "center_lng": 93.040356209622018, "district_name": "Советский район", "total_levels": 0.0, "district_total_levels": 14302.0, "population_2020": 368563, "population_estimated": 0, "pvz_count": 0, "pvz_per_10k_people": 0.0 }, "geometry": { "type": "Polygon", "coordinates": [ [ [ 502080.927517763397191, 6217582.890119533985853 ], [ 502007.087182506104, 6217035.276449763216078 ], [ 502436.582751370675396, 6216679.083174750208855 ], [ 502939.895660635549575, 6216870.510268892161548 ], [ 503013.719526452827267, 6217418.107116360217333 ], [ 502584.246950896806084, 6217774.293690080754459 ], [ 502080.927517763397191, 6217582.890119533985853 ] ] ] } },
{ "type": "Feature", "properties": { "h3_id": "880b9a74b3fffff", "h3_resolution": 8, "center_lat": 56.045538201168192, "center_lng": 92.981137706999704, "district_name": "Советский район", "total_levels": 70.0, "district_total_levels": 14302.0, "population_2020": 368563, "population_estimated": 1804, "pvz_count": 1, "pvz_per_10k_people": 5.5432372505543235 }, "geometry": { "type": "Polygon", "coordinates": [ [ [ 498395.335885158157907, 6211504.277471248991787 ], [ 498321.419901338987984, 6210956.420037440024316 ], [ 498751.074796468135901, 6210600.18794858828187 ], [ 499254.622680022439454, 6210791.819912916049361 ], [ 499328.522254078823607, 6211339.660481751896441 ], [ 498898.890352799091488, 6211695.88594931922853 ], [ 498395.335885158157907, 6211504.277471248991787 ] ] ] } },
{ "type": "Feature", "properties": { "h3_id": "880b9a7631fffff", "h3_resolution": 8, "center_lat": 56.00255766875042, "center_lng": 92.802235083301824, "district_name": "Октябрьский район", "total_levels": 613.0, "district_total_levels": 17839.0, "population_2020": 186772, "population_estimated": 6418, "pvz_count": 2, "pvz_per_10k_people": 3.116235587410408 }, "geometry": { "type": "Polygon", "coordinates": [ [ [ 487236.653987092780881, 6206738.282166142947972 ], [ 487162.532013885269407, 6206190.046511980704963 ], [ 487592.543303558719344, 6205833.660489151254296 ], [ 488096.653545378416311, 6206025.516681759618223 ], [ 488170.759131761617027, 6206573.735426312312484 ], [ 487740.770861602970399, 6206930.114885943941772 ], [ 487236.653987092780881, 6206738.282166142947972 ] ] ] } },
{ "type": "Feature", "properties": { "h3_id": "880b9a2b6bfffff", "h3_resolution": 8, "center_lat": 56.078724958008763, "center_lng": 92.873994476501679, "district_name": "Центральный район", "total_levels": 36.0, "district_total_levels": 8464.0, "population_2020": 86061, "population_estimated": 366, "pvz_count": 0, "pvz_per_10k_people": 0.0 }, "geometry": { "type": "Polygon", "coordinates": [ [ [ 491727.495642027119175, 6215205.016850106418133 ], [ 491653.46603341930313, 6214657.105400275439024 ], [ 492083.273240067414008, 6214300.763213964179158 ], [ 492587.087032957002521, 6214492.339150781743228 ], [ 492661.100169397308491, 6215040.233749569393694 ], [ 492231.315983565873466, 6215396.56926067173481 ], [ 491727.495642027119175, 6215205.016850106418133 ] ] ] } },
{ "type": "Feature", "properties": { "h3_id": "880b9a76b1fffff", "h3_resolution": 8, "center_lat": 56.049177982140975, "center_lng": 92.866960013111822, "district_name": "Центральный район", "total_levels": 0.0, "district_total_levels": 8464.0, "population_2020": 86061, "population_estimated": 0, "pvz_count": 0, "pvz_per_10k_people": 0.0 }, "geometry": { "type": "Polygon", "coordinates": [ [ [ 491283.285993601719383, 6211917.306508171372116 ], [ 491209.243597221327946, 6211369.29845305532217 ], [ 491639.093759725859854, 6211012.958576078526676 ], [ 492142.963300705712754, 6211204.633383293636143 ], [ 492216.98926180053968, 6211752.624566375277936 ], [ 491787.162115652870853, 6212108.957812362350523 ], [ 491283.285993601719383, 6211917.306508171372116 ] ] ] } },
{ "type": "Feature", "properties": { "h3_id": "880b9a7433fffff", "h3_resolution": 8, "center_lat": 55.998989945460401, "center_lng": 92.91633155887061, "district_name": "Свердловский район", "total_levels": 367.0, "district_total_levels": 8998.0, "population_2020": 163470, "population_estimated": 6667, "pvz_count": 3, "pvz_per_10k_people": 4.4997750112494375 }, "geometry": { "type": "Polygon", "coordinates": [ [ [ 494351.838039485912304, 6206326.6082719033584 ], [ 494277.842058799869847, 6205778.523422139696777 ], [ 494707.657923609367572, 6205422.2452551741153 ], [ 495211.446770533220842, 6205614.058489602059126 ], [ 495285.426389813190326, 6206162.126436861231923 ], [ 494855.633522030082531, 6206518.398050280287862 ], [ 494351.838039485912304, 6206326.6082719033584 ] ] ] } },
{ "type": "Feature", "properties": { "h3_id": "880b9a296dfffff", "h3_resolution": 8, "center_lat": 56.053660183275191, "center_lng": 92.975422019808391, "district_name": "Советский район", "total_levels": 407.0, "district_total_levels": 14302.0, "population_2020": 368563, "population_estimated": 10488, "pvz_count": 5, "pvz_per_10k_people": 4.7673531655225014 }, "geometry": { "type": "Polygon", "coordinates": [ [ [ 498039.600280885468237, 6212408.359145215712488 ], [ 497965.67935015441617, 6211860.517385098151863 ], [ 498395.335885158157907, 6211504.277471248991787 ], [ 498898.890352799091488, 6211695.88594931922853 ], [ 498972.794862241134979, 6212243.710849586874247 ], [ 498543.161323784035631, 6212599.944129722192883 ], [ 498039.600280885468237, 6212408.359145215712488 ] ] ] } },
{ "type": "Feature", "properties": { "h3_id": "880b9a7605fffff", "h3_resolution": 8, "center_lat": 55.99067746316905, "center_lng": 92.768779900974224, "district_name": "Октябрьский район", "total_levels": 45.0, "district_total_levels": 17839.0, "population_2020": 186772, "population_estimated": 471, "pvz_count": 2, "pvz_per_10k_people": 42.462845010615709 }, "geometry": { "type": "Polygon", "coordinates": [ [ [ 485145.776497106009629, 6205422.555301057174802 ], [ 485071.615514640929177, 6204874.237800723873079 ], [ 485501.697443926939741, 6204517.824199263006449 ], [ 486005.917330578027759, 6204709.734642785973847 ], [ 486080.061935483827256, 6205258.035222531296313 ], [ 485650.003029747633263, 6205614.442277421243489 ], [ 485145.776497106009629, 6205422.555301057174802 ] ] ] } },
{ "type": "Feature", "properties": { "h3_id": "880b9a7407fffff", "h3_resolution": 8, "center_lat": 55.987143598296292, "center_lng": 92.882867055411126, "district_name": "Свердловский район", "total_levels": 356.0, "district_total_levels": 8998.0, "population_2020": 163470, "population_estimated": 6468, "pvz_count": 3, "pvz_per_10k_people": 4.6382189239332101 }, "geometry": { "type": "Polygon", "coordinates": [ [ [ 492262.371802797541022, 6205011.204075184650719 ], [ 492188.336717940168455, 6204463.037438604980707 ], [ 492618.22324339451734, 6204106.731719695962965 ], [ 493122.121851090691052, 6204298.599172374233603 ], [ 493196.140583777509164, 6204846.748895480297506 ], [ 492766.277059396670666, 6205203.048077460378408 ], [ 492262.371802797541022, 6205011.204075184650719 ] ] ] } },
{ "type": "Feature", "properties": { "h3_id": "880b9a76ddfffff", "h3_resolution": 8, "center_lat": 56.056473559078107, "center_lng": 92.791957026315075, "district_name": "Октябрьский район", "total_levels": 4.0, "district_total_levels": 17839.0, "population_2020": 186772, "population_estimated": 42, "pvz_count": 0, "pvz_per_10k_people": 0.0 }, "geometry": { "type": "Polygon", "coordinates": [ [ [ 486613.786345151776914, 6212740.896808956749737 ], [ 486539.661702851357404, 6212192.80439002905041 ], [ 486969.634621158184018, 6211836.392224406823516 ], [ 487473.709148141846526, 6212028.079120640642941 ], [ 487547.81733199453447, 6212576.154666321352124 ], [ 487117.8674457599991, 6212932.560187101364136 ], [ 486613.786345151776914, 6212740.896808956749737 ] ] ] } },
{ "type": "Feature", "properties": { "h3_id": "880b9a0c93fffff", "h3_resolution": 8, "center_lat": 56.037041503262486, "center_lng": 92.679952092466465, "district_name": "Октябрьский район", "total_levels": 146.0, "district_total_levels": 17839.0, "population_2020": 186772, "population_estimated": 1529, "pvz_count": 0, "pvz_per_10k_people": 0.0 }, "geometry": { "type": "Polygon", "coordinates": [ [ [ 479628.265702702105045, 6210604.924246032722294 ], [ 479554.013433579180855, 6210056.617117376066744 ], [ 479984.201055647747125, 6209700.106108673848212 ], [ 480488.617895722272806, 6209891.908846681937575 ], [ 480562.853710960131139, 6210440.199079387821257 ], [ 480132.689138454385102, 6210796.703468118794262 ], [ 479628.265702702105045, 6210604.924246032722294 ] ] ] } },
{ "type": "Feature", "properties": { "h3_id": "880b9a2941fffff", "h3_resolution": 8, "center_lat": 56.078024048486931, "center_lng": 92.958260853820477, "district_name": "Советский район", "total_levels": 0.0, "district_total_levels": 14302.0, "population_2020": 368563, "population_estimated": 0, "pvz_count": 0, "pvz_per_10k_people": 0.0 }, "geometry": { "type": "Polygon", "coordinates": [ [ [ 496972.41353603603784, 6215120.556710990145802 ], [ 496898.477723353600595, 6214572.76210306212306 ], [ 497328.139083753107116, 6214216.498801486566663 ], [ 497831.713250665634405, 6214408.036776933819056 ], [ 497905.632607483537868, 6214955.814540385268629 ], [ 497475.994251705415081, 6215312.071170954033732 ], [ 496972.41353603603784, 6215120.556710990145802 ] ] ] } },
{ "type": "Feature", "properties": { "h3_id": "880b9a0d97fffff", "h3_resolution": 8, "center_lat": 55.972113068518475, "center_lng": 92.726113432389852, "district_name": "Октябрьский район", "total_levels": 7.0, "district_total_levels": 17839.0, "population_2020": 186772, "population_estimated": 73, "pvz_count": 0, "pvz_per_10k_people": 0.0 }, "geometry": { "type": "Polygon", "coordinates": [ [ [ 482475.851204512466211, 6203366.163092719390988 ], [ 482401.640021328988951, 6202817.731336731463671 ], [ 482831.815622694499325, 6202461.283663512207568 ], [ 483336.179377678432502, 6202653.274264576844871 ], [ 483410.374199546175078, 6203201.689083629287779 ], [ 482980.221626198268496, 6203558.130236631259322 ], [ 482475.851204512466211, 6203366.163092719390988 ] ] ] } },
{ "type": "Feature", "properties": { "h3_id": "880b9a75d9fffff", "h3_resolution": 8, "center_lat": 55.99752146227528, "center_lng": 92.931302455491533, "district_name": "Кировский район", "total_levels": 456.0, "district_total_levels": 5412.0, "population_2020": 125182, "population_estimated": 10547, "pvz_count": 5, "pvz_per_10k_people": 4.7406845548497198 }, "geometry": { "type": "Polygon", "coordinates": [ [ [ 495285.426389813190326, 6206162.126436861231923 ], [ 495211.446770533220842, 6205614.058489602059126 ], [ 495641.237966532295104, 6205257.794790376909077 ], [ 496144.985786399513017, 6205449.605587277561426 ], [ 496218.949048898823094, 6205997.65663228277117 ], [ 495789.180846767907497, 6206353.913780725561082 ], [ 495285.426389813190326, 6206162.126436861231923 ] ] ] } },
{ "type": "Feature", "properties": { "h3_id": "880b9a2b13fffff", "h3_resolution": 8, "center_lat": 56.120095607418868, "center_lng": 92.914598083658049, "district_name": "Советский район", "total_levels": 129.0, "district_total_levels": 14302.0, "population_2020": 368563, "population_estimated": 3324, "pvz_count": 1, "pvz_per_10k_people": 3.0084235860409145 }, "geometry": { "type": "Polygon", "coordinates": [ [ [ 494260.512261421128642, 6219805.636138826608658 ], [ 494186.534990042971913, 6219257.903735765255988 ], [ 494616.228598428191617, 6218901.587315588258207 ], [ 495119.876455453806557, 6219093.01003248244524 ], [ 495193.837208701879717, 6219640.725616494193673 ], [ 494764.166621503536589, 6219997.035300755873322 ], [ 494260.512261421128642, 6219805.636138826608658 ] ] ] } },
{ "type": "Feature", "properties": { "h3_id": "880b9a666dfffff", "h3_resolution": 8, "center_lat": 55.9967990638144, "center_lng": 93.015382558067884, "district_name": "Ленинский район", "total_levels": 218.0, "district_total_levels": 4826.0, "population_2020": 156777, "population_estimated": 7082, "pvz_count": 2, "pvz_per_10k_people": 2.8240609997175943 }, "geometry": { "type": "Polygon", "coordinates": [ [ [ 500529.818168433965184, 6206079.623879083432257 ], [ 500455.931721734057646, 6205531.672862251289189 ], [ 500885.576447858882602, 6205175.488028797321022 ], [ 501389.084641507943161, 6205367.260756918229163 ], [ 501462.954747621901333, 6205915.194878096692264 ], [ 501033.332999129896052, 6206271.37316489033401 ], [ 500529.818168433965184, 6206079.623879083432257 ] ] ] } },
{ "type": "Feature", "properties": { "h3_id": "880b9a2915fffff", "h3_resolution": 8, "center_lat": 56.094994425913299, "center_lng": 93.016079049659638, "district_name": "Советский район", "total_levels": 0.0, "district_total_levels": 14302.0, "population_2020": 368563, "population_estimated": 0, "pvz_count": 0, "pvz_per_10k_people": 0.0 }, "geometry": { "type": "Polygon", "coordinates": [ [ [ 500570.817980346968397, 6217008.622771183028817 ], [ 500496.949629657028709, 6216460.959655140526593 ], [ 500926.492797242593952, 6216104.745258155278862 ], [ 501429.881317042454612, 6216296.200669725425541 ], [ 501503.733200515678618, 6216843.846957863308489 ], [ 501074.213029858132359, 6217200.054660427384079 ], [ 500570.817980346968397, 6217008.622771183028817 ] ] ] } },
{ "type": "Feature", "properties": { "h3_id": "880b9a7735fffff", "h3_resolution": 8, "center_lat": 55.937597202768117, "center_lng": 92.848144530840273, "district_name": "Свердловский район", "total_levels": 0.0, "district_total_levels": 8998.0, "population_2020": 163470, "population_estimated": 0, "pvz_count": 0, "pvz_per_10k_people": 0.0 }, "geometry": { "type": "Polygon", "coordinates": [ [ [ 490083.864474066416733, 6199501.097176642157137 ], [ 490009.782774097286165, 6198952.7377077806741 ], [ 490439.780934985144995, 6198596.415487805381417 ], [ 490943.837796429055743, 6198788.459198256023228 ], [ 491017.9032020639861, 6199336.801716630347073 ], [ 490587.928039044607431, 6199693.117473116144538 ], [ 490083.864474066416733, 6199501.097176642157137 ] ] ] } },
{ "type": "Feature", "properties": { "h3_id": "880b9a6641fffff", "h3_resolution": 8, "center_lat": 56.021170181573083, "center_lng": 92.998270682843057, "district_name": "Ленинский район", "total_levels": 17.0, "district_total_levels": 4826.0, "population_2020": 156777, "population_estimated": 552, "pvz_count": 1, "pvz_per_10k_people": 18.115942028985508 }, "geometry": { "type": "Polygon", "coordinates": [ [ [ 499462.562449905846734, 6208791.985502811148763 ], [ 499388.661265583941713, 6208244.081179097294807 ], [ 499818.311146877182182, 6207887.872652503661811 ], [ 500321.839225192961749, 6208079.575031686574221 ], [ 500395.724034335813485, 6208627.462475080043077 ], [ 499966.097138794197235, 6208983.664417695254087 ], [ 499462.562449905846734, 6208791.985502811148763 ] ] ] } },
{ "type": "Feature", "properties": { "h3_id": "880b9a7581fffff", "h3_resolution": 8, "center_lat": 55.978332852186462, "center_lng": 92.972657119320459, "district_name": "Кировский район", "total_levels": 2.0, "district_total_levels": 5412.0, "population_2020": 125182, "population_estimated": 46, "pvz_count": 0, "pvz_per_10k_people": 0.0 }, "geometry": { "type": "Polygon", "coordinates": [ [ [ 497863.999063142226078, 6204024.653453398495913 ], [ 497790.062022019410506, 6203476.588293917477131 ], [ 498219.800408103328664, 6203120.369408621452749 ], [ 498723.452851628186181, 6203312.222201256081462 ], [ 498797.373568292765412, 6203860.270448765717447 ], [ 498367.658164348627906, 6204216.482813693583012 ], [ 497863.999063142226078, 6204024.653453398495913 ] ] ] } },
{ "type": "Feature", "properties": { "h3_id": "880b9a6615fffff", "h3_resolution": 8, "center_lat": 56.038133336192708, "center_lng": 93.056015687935329, "district_name": "Ленинский район", "total_levels": 0.0, "district_total_levels": 4826.0, "population_2020": 156777, "population_estimated": 0, "pvz_count": 0, "pvz_per_10k_people": 0.0 }, "geometry": { "type": "Polygon", "coordinates": [ [ [ 503060.610624895838555, 6210681.312805968336761 ], [ 502986.776643562538084, 6210133.539694582112134 ], [ 503416.308206621208228, 6209777.379841120913625 ], [ 503919.650771406653803, 6209968.99970459099859 ], [ 503993.468366137414705, 6210516.755952222272754 ], [ 503563.95978113921592, 6210872.909198227338493 ], [ 503060.610624895838555, 6210681.312805968336761 ] ] ] } },
{ "type": "Feature", "properties": { "h3_id": "880b9a7753fffff", "h3_resolution": 8, "center_lat": 55.96632158780433, "center_lng": 92.786030833778852, "district_name": "Свердловский район", "total_levels": 368.0, "district_total_levels": 8998.0, "population_2020": 163470, "population_estimated": 6686, "pvz_count": 0, "pvz_per_10k_people": 0.0 }, "geometry": { "type": "Polygon", "coordinates": [ [ [ 486213.549817266059108, 6202708.339298614300787 ], [ 486139.404051667079329, 6202159.975288860499859 ], [ 486569.481198554858565, 6201803.585572740994394 ], [ 487073.681094047497027, 6201995.566373621113598 ], [ 487147.810516784666106, 6202543.913447448983788 ], [ 486717.756385340297129, 6202900.296654396690428 ], [ 486213.549817266059108, 6202708.339298614300787 ] ] ] } },
{ "type": "Feature", "properties": { "h3_id": "880b9a7555fffff", "h3_resolution": 8, "center_lat": 55.941338952180381, "center_lng": 92.887288922838295, "district_name": "Свердловский район", "total_levels": 0.0, "district_total_levels": 8998.0, "population_2020": 163470, "population_estimated": 0, "pvz_count": 0, "pvz_per_10k_people": 0.0 }, "geometry": { "type": "Polygon", "coordinates": [ [ [ 492529.895601731084753, 6199912.826900196261704 ], [ 492455.857795549265575, 6199364.533666842617095 ], [ 492885.783540911448654, 6199008.246887987479568 ], [ 493389.724099792772904, 6199200.259808249771595 ], [ 493463.745613902749028, 6199748.536096979863942 ], [ 493033.842859658820089, 6200104.816408148035407 ], [ 492529.895601731084753, 6199912.826900196261704 ] ] ] } },
{ "type": "Feature", "properties": { "h3_id": "880b9a75bbfffff", "h3_resolution": 8, "center_lat": 55.990153406448663, "center_lng": 93.006124088139899, "district_name": "Ленинский район", "total_levels": 430.0, "district_total_levels": 4826.0, "population_2020": 156777, "population_estimated": 13969, "pvz_count": 1, "pvz_per_10k_people": 0.7158708568974157 }, "geometry": { "type": "Polygon", "coordinates": [ [ [ 499952.38247115467675, 6205339.897697144187987 ], [ 499878.4845895615872, 6204791.914258672855794 ], [ 500308.152293769526295, 6204435.722888235002756 ], [ 500811.694899942260236, 6204627.521491333842278 ], [ 500885.576447858882602, 6205175.488028797321022 ], [ 500455.931721734057646, 6205531.672862251289189 ], [ 499952.38247115467675, 6205339.897697144187987 ] ] ] } },
{ "type": "Feature", "properties": { "h3_id": "880b9a74d1fffff", "h3_resolution": 8, "center_lat": 56.052900288807997, "center_lng": 92.906204761146711, "district_name": "Советский район", "total_levels": 239.0, "district_total_levels": 14302.0, "population_2020": 368563, "population_estimated": 6159, "pvz_count": 3, "pvz_per_10k_people": 4.8709206039941551 }, "geometry": { "type": "Polygon", "coordinates": [ [ [ 493728.419136812037323, 6212327.542895545251667 ], [ 493654.421034689934459, 6211779.601133242249489 ], [ 494084.199015603691805, 6211423.296792578883469 ], [ 494587.952087482553907, 6211614.940847425721586 ], [ 494661.933756679005455, 6212162.865743543952703 ], [ 494232.178785372350831, 6212519.16344908438623 ], [ 493728.419136812037323, 6212327.542895545251667 ] ] ] } },
{ "type": "Feature", "properties": { "h3_id": "880b9a2b21fffff", "h3_resolution": 8, "center_lat": 56.074321751292352, "center_lng": 92.918998910481704, "district_name": "Центральный район", "total_levels": 0.0, "district_total_levels": 8464.0, "population_2020": 86061, "population_estimated": 0, "pvz_count": 0, "pvz_per_10k_people": 0.0 }, "geometry": { "type": "Polygon", "coordinates": [ [ [ 494528.112524984462652, 6214710.703662629239261 ], [ 494454.132318969815969, 6214162.842765202745795 ], [ 494883.865850544534624, 6213806.543914886191487 ], [ 495387.556575203023385, 6213998.112626979127526 ], [ 495461.520322962780483, 6214545.956674080342054 ], [ 495031.809802770090755, 6214902.248857502825558 ], [ 494528.112524984462652, 6214710.703662629239261 ] ] ] } },
{ "type": "Feature", "properties": { "h3_id": "880b9a75e7fffff", "h3_resolution": 8, "center_lat": 55.955434478672217, "center_lng": 92.974819624893883, "district_name": "Кировский район", "total_levels": 2.0, "district_total_levels": 5412.0, "population_2020": 125182, "population_estimated": 46, "pvz_count": 0, "pvz_per_10k_people": 0.0 }, "geometry": { "type": "Polygon", "coordinates": [ [ [ 497997.997587963123806, 6201476.079676385037601 ], [ 497924.059004608949181, 6200927.951228805817664 ], [ 498353.816862275067251, 6200571.74179635103792 ], [ 498857.490324589249212, 6200763.667295327410102 ], [ 498931.412613495369442, 6201311.778815370053053 ], [ 498501.677732989774086, 6201667.981762051582336 ], [ 497997.997587963123806, 6201476.079676385037601 ] ] ] } },
{ "type": "Feature", "properties": { "h3_id": "880b9a76a3fffff", "h3_resolution": 8, "center_lat": 56.034402341112482, "center_lng": 92.863446345037175, "district_name": "Центральный район", "total_levels": 772.0, "district_total_levels": 8464.0, "population_2020": 86061, "population_estimated": 7850, "pvz_count": 4, "pvz_per_10k_people": 5.0955414012738851 }, "geometry": { "type": "Polygon", "coordinates": [ [ [ 491061.15242854191456, 6210273.234125459566712 ], [ 490987.103659373242408, 6209725.177867819555104 ], [ 491416.97526883991668, 6209368.839219189248979 ], [ 491920.872631808975711, 6209560.563435150310397 ], [ 491994.904984146880452, 6210108.602810262702405 ], [ 491565.056388800963759, 6210464.934850023128092 ], [ 491061.15242854191456, 6210273.234125459566712 ] ] ] } },
{ "type": "Feature", "properties": { "h3_id": "880b9a0ca1fffff", "h3_resolution": 8, "center_lat": 55.991231031488596, "center_lng": 92.684601661502541, "district_name": "Октябрьский район", "total_levels": 77.0, "district_total_levels": 17839.0, "population_2020": 186772, "population_estimated": 806, "pvz_count": 0, "pvz_per_10k_people": 0.0 }, "geometry": { "type": "Polygon", "coordinates": [ [ [ 479894.657755204942077, 6205505.009130196645856 ], [ 479820.40355897473637, 6204956.574545343406498 ], [ 480250.631375625729561, 6204600.081976674497128 ], [ 480755.090347262856085, 6204792.030541634187102 ], [ 480829.328149793902412, 6205340.448199289850891 ], [ 480399.123372837959323, 6205696.934217263944447 ], [ 479894.657755204942077, 6205505.009130196645856 ] ] ] } },
{ "type": "Feature", "properties": { "h3_id": "880b9a7415fffff", "h3_resolution": 8, "center_lat": 56.001921778461984, "center_lng": 92.886383208046965, "district_name": "Центральный район", "total_levels": 0.0, "district_total_levels": 8464.0, "population_2020": 86061, "population_estimated": 0, "pvz_count": 0, "pvz_per_10k_people": 0.0 }, "geometry": { "type": "Polygon", "coordinates": [ [ [ 492484.4643254900584, 6206655.60803765617311 ], [ 492410.435608136001974, 6206107.489382142201066 ], [ 492840.300780978519469, 6205751.182277716696262 ], [ 493344.171666301263031, 6205943.000385960564017 ], [ 493418.184013007616159, 6206491.102138472720981 ], [ 492988.341843494214118, 6206847.402683828026056 ], [ 492484.4643254900584, 6206655.60803765617311 ] ] ] } },
{ "type": "Feature", "properties": { "h3_id": "880b9a7613fffff", "h3_resolution": 8, "center_lat": 56.026912099406886, "center_lng": 92.784980179537783, "district_name": "Октябрьский район", "total_levels": 348.0, "district_total_levels": 17839.0, "population_2020": 186772, "population_estimated": 3644, "pvz_count": 1, "pvz_per_10k_people": 2.7442371020856204 }, "geometry": { "type": "Polygon", "coordinates": [ [ [ 486169.007096894667484, 6209452.101057497784495 ], [ 486094.869907798129134, 6208903.912195379845798 ], [ 486524.885861157148611, 6208547.502486781217158 ], [ 487029.01597446622327, 6208739.288238958455622 ], [ 487103.136742068862077, 6209287.460206835530698 ], [ 486673.143816307885572, 6209643.863314855843782 ], [ 486169.007096894667484, 6209452.101057497784495 ] ] ] } },
{ "type": "Feature", "properties": { "h3_id": "880b9a74a5fffff", "h3_resolution": 8, "center_lat": 56.009351719616276, "center_lng": 92.964780178774575, "district_name": "Ленинский район", "total_levels": 528.0, "district_total_levels": 4826.0, "population_2020": 156777, "population_estimated": 17153, "pvz_count": 5, "pvz_per_10k_people": 2.9149419926543461 }, "geometry": { "type": "Polygon", "coordinates": [ [ [ 497374.233788024983369, 6207477.205309838987887 ], [ 497300.293351565429475, 6206929.219162388704717 ], [ 497730.013887922395952, 6206572.983035973273218 ], [ 498233.651869376248214, 6206764.739622470922768 ], [ 498307.575939844711684, 6207312.708878635428846 ], [ 497877.878393302729819, 6207668.938437664881349 ], [ 497374.233788024983369, 6207477.205309838987887 ] ] ] } },
{ "type": "Feature", "properties": { "h3_id": "880b9a66d3fffff", "h3_resolution": 8, "center_lat": 56.095684949372043, "center_lng": 93.085327305560114, "district_name": "Советский район", "total_levels": 0.0, "district_total_levels": 14302.0, "population_2020": 368563, "population_estimated": 0, "pvz_count": 0, "pvz_per_10k_people": 0.0 }, "geometry": { "type": "Polygon", "coordinates": [ [ [ 504879.106474030006211, 6217088.577195825055242 ], [ 504805.31553315842757, 6216541.013992244377732 ], [ 505234.737237579771318, 6216184.863995961844921 ], [ 505737.926897486788221, 6216376.283894332125783 ], [ 505811.701382851810195, 6216923.830276326276362 ], [ 505382.302662270900328, 6217279.973579625599086 ], [ 504879.106474030006211, 6217088.577195825055242 ] ] ] } },
{ "type": "Feature", "properties": { "h3_id": "880b9a7441fffff", "h3_resolution": 8, "center_lat": 55.984863596917393, "center_lng": 92.828704439304715, "district_name": "Свердловский район", "total_levels": 550.0, "district_total_levels": 8998.0, "population_2020": 163470, "population_estimated": 9992, "pvz_count": 3, "pvz_per_10k_people": 3.0024019215372295 }, "geometry": { "type": "Polygon", "coordinates": [ [ [ 488882.524780247767922, 6204764.547219864092767 ], [ 488808.429280314361677, 6204216.297400377690792 ], [ 489238.412753282464109, 6203859.941720214672387 ], [ 489742.468713672598824, 6204051.842393134720623 ], [ 489816.547854518750682, 6204600.075293035246432 ], [ 489386.587392516608816, 6204956.424437682144344 ], [ 488882.524780247767922, 6204764.547219864092767 ] ] ] } },
{ "type": "Feature", "properties": { "h3_id": "880b9a764bfffff", "h3_resolution": 8, "center_lat": 56.003136502015607, "center_lng": 92.718048229121464, "district_name": "Октябрьский район", "total_levels": 80.0, "district_total_levels": 17839.0, "population_2020": 186772, "population_estimated": 838, "pvz_count": 0, "pvz_per_10k_people": 0.0 }, "geometry": { "type": "Polygon", "coordinates": [ [ [ 481986.584996531775687, 6206821.005461525171995 ], [ 481912.36973293608753, 6206272.652760281227529 ], [ 482342.526924063626211, 6205916.187784567475319 ], [ 482846.876341569295619, 6206108.082075516693294 ], [ 482921.075202179548796, 6206656.417860549874604 ], [ 482490.941046722640749, 6207012.876268925145268 ], [ 481986.584996531775687, 6206821.005461525171995 ] ] ] } },
{ "type": "Feature", "properties": { "h3_id": "880b9a744dfffff", "h3_resolution": 8, "center_lat": 55.978200096530784, "center_lng": 92.819468770199947, "district_name": "Свердловский район", "total_levels": 19.0, "district_total_levels": 8998.0, "population_2020": 163470, "population_estimated": 345, "pvz_count": 0, "pvz_per_10k_people": 0.0 }, "geometry": { "type": "Polygon", "coordinates": [ [ [ 488304.332330456119962, 6204024.394284191541374 ], [ 488230.22551129036583, 6203476.11203514970839 ], [ 488660.231995671638288, 6203119.749829170294106 ], [ 489164.322286261769477, 6203311.67639612685889 ], [ 489238.412753282464109, 6203859.941720214672387 ], [ 488808.429280314361677, 6204216.297400377690792 ], [ 488304.332330456119962, 6204024.394284191541374 ] ] ] } },
{ "type": "Feature", "properties": { "h3_id": "880b9a7421fffff", "h3_resolution": 8, "center_lat": 55.970900685829641, "center_lng": 92.894318955488387, "district_name": "Свердловский район", "total_levels": 0.0, "district_total_levels": 8998.0, "population_2020": 163470, "population_estimated": 0, "pvz_count": 0, "pvz_per_10k_people": 0.0 }, "geometry": { "type": "Polygon", "coordinates": [ [ [ 492974.078010672295932, 6203202.251807596534491 ], [ 492900.052906073571648, 6202654.054180797189474 ], [ 493329.936082030355465, 6202297.764375348575413 ], [ 493833.821365382755175, 6202489.678706791251898 ], [ 493907.83014091651421, 6203037.859409897588193 ], [ 493477.969960618705954, 6203394.142703332006931 ], [ 492974.078010672295932, 6203202.251807596534491 ] ] ] } },
{ "type": "Feature", "properties": { "h3_id": "880b9a29a7fffff", "h3_resolution": 8, "center_lat": 56.108948529511579, "center_lng": 93.103909755675161, "district_name": "Советский район", "total_levels": 0.0, "district_total_levels": 14302.0, "population_2020": 368563, "population_estimated": 0, "pvz_count": 0, "pvz_per_10k_people": 0.0 }, "geometry": { "type": "Polygon", "coordinates": [ [ [ 506033.011408815218601, 6218566.372603175230324 ], [ 505959.24364006111864, 6218018.874638134613633 ], [ 506388.61937727307668, 6217662.738037459552288 ], [ 506891.73989879200235, 6217854.106112177483737 ], [ 506965.491198326693848, 6218401.587266352027655 ], [ 506536.13844401598908, 6218757.717154767364264 ], [ 506033.011408815218601, 6218566.372603175230324 ] ] ] } },
{ "type": "Feature", "properties": { "h3_id": "880b9a0cadfffff", "h3_resolution": 8, "center_lat": 55.984554666107044, "center_lng": 92.675380326879889, "district_name": "Октябрьский район", "total_levels": 4.0, "district_total_levels": 17839.0, "population_2020": 186772, "population_estimated": 42, "pvz_count": 0, "pvz_per_10k_people": 0.0 }, "geometry": { "type": "Polygon", "coordinates": [ [ [ 479315.903649226936977, 6204764.623538218438625 ], [ 479241.638207979267463, 6204216.156486944295466 ], [ 479671.889064766874071, 6203859.657377291470766 ], [ 480176.382321115816012, 6204051.631857972592115 ], [ 480250.631375625729561, 6204600.081976674497128 ], [ 479820.40355897473637, 6204956.574545343406498 ], [ 479315.903649226936977, 6204764.623538218438625 ] ] ] } },
{ "type": "Feature", "properties": { "h3_id": "880b9a746dfffff", "h3_resolution": 8, "center_lat": 55.960502682024106, "center_lng": 92.845913545797728, "district_name": "Свердловский район", "total_levels": 0.0, "district_total_levels": 8998.0, "population_2020": 163470, "population_estimated": 0, "pvz_count": 0, "pvz_per_10k_people": 0.0 }, "geometry": { "type": "Polygon", "coordinates": [ [ [ 489950.198883904144168, 6202050.708110421895981 ], [ 489876.118462076061405, 6201502.41184286493808 ], [ 490306.096996269887313, 6201146.08007322717458 ], [ 490810.132947897072881, 6201338.051067353226244 ], [ 490884.197045314882416, 6201886.330399992875755 ], [ 490454.241513970016968, 6202242.655671501532197 ], [ 489950.198883904144168, 6202050.708110421895981 ] ] ] } },
{ "type": "Feature", "properties": { "h3_id": "880b9a766bfffff", "h3_resolution": 8, "center_lat": 55.985456670682659, "center_lng": 92.744564256488189, "district_name": "Октябрьский район", "total_levels": 78.0, "district_total_levels": 17839.0, "population_2020": 186772, "population_estimated": 817, "pvz_count": 1, "pvz_per_10k_people": 12.239902080783352 }, "geometry": { "type": "Polygon", "coordinates": [ [ [ 483632.946322844247334, 6204846.837672669440508 ], [ 483558.757673702551983, 6204298.470795121975243 ], [ 483988.887219469877891, 6203942.036172049120069 ], [ 484493.182385695166886, 6204133.974964234046638 ], [ 484567.354659608216025, 6204682.324915580451488 ], [ 484137.248140976997092, 6205038.752999019809067 ], [ 483632.946322844247334, 6204846.837672669440508 ] ] ] } },
{ "type": "Feature", "properties": { "h3_id": "880b9a2b2dfffff", "h3_resolution": 8, "center_lat": 56.067671583390627, "center_lng": 92.909734018569409, "district_name": "Центральный район", "total_levels": 166.0, "district_total_levels": 8464.0, "population_2020": 86061, "population_estimated": 1688, "pvz_count": 2, "pvz_per_10k_people": 11.848341232227488 }, "geometry": { "type": "Polygon", "coordinates": [ [ [ 493950.400566327385604, 6213971.271644455380738 ], [ 493876.408904190233443, 6213423.378158562816679 ], [ 494306.165447604900692, 6213067.072651021182537 ], [ 494809.890639768913388, 6213258.667284687981009 ], [ 494883.865850544534624, 6213806.543914886191487 ], [ 494454.132318969815969, 6214162.842765202745795 ], [ 493950.400566327385604, 6213971.271644455380738 ] ] ] } },
{ "type": "Feature", "properties": { "h3_id": "880b9a7499fffff", "h3_resolution": 8, "center_lat": 56.058081326914035, "center_lng": 92.930458339554704, "district_name": "Советский район", "total_levels": 305.0, "district_total_levels": 14302.0, "population_2020": 368563, "population_estimated": 7860, "pvz_count": 3, "pvz_per_10k_people": 3.8167938931297711 }, "geometry": { "type": "Polygon", "coordinates": [ [ [ 495239.622601923358161, 6212902.376223937608302 ], [ 495165.652379517501686, 6212354.483882818371058 ], [ 495595.382756544742733, 6211998.20062618330121 ], [ 496099.060348428261932, 6212189.816350775770843 ], [ 496173.014135640230961, 6212737.691831321455538 ], [ 495743.306764613371342, 6213093.968445932492614 ], [ 495239.622601923358161, 6212902.376223937608302 ] ] ] } },
{ "type": "Feature", "properties": { "h3_id": "880b9a0c81fffff", "h3_resolution": 8, "center_lat": 56.008900583794883, "center_lng": 92.658049080215804, "district_name": "Октябрьский район", "total_levels": 0.0, "district_total_levels": 17839.0, "population_2020": 186772, "population_estimated": 0, "pvz_count": 0, "pvz_per_10k_people": 0.0 }, "geometry": { "type": "Polygon", "coordinates": [ [ [ 478247.969396123720799, 6207479.476323544047773 ], [ 478173.688474374066573, 6206931.055954969488084 ], [ 478603.94379228114849, 6206574.533047856763005 ], [ 479108.456982176285237, 6206766.437085804529488 ], [ 479182.721482456545345, 6207314.840537177398801 ], [ 478752.489212762855459, 6207671.356865880079567 ], [ 478247.969396123720799, 6207479.476323544047773 ] ] ] } },
{ "type": "Feature", "properties": { "h3_id": "880b9a74c5fffff", "h3_resolution": 8, "center_lat": 56.023353393641251, "center_lng": 92.89915339456239, "district_name": "Советский район", "total_levels": 130.0, "district_total_levels": 14302.0, "population_2020": 368563, "population_estimated": 3350, "pvz_count": 2, "pvz_per_10k_people": 5.9701492537313436 }, "geometry": { "type": "Polygon", "coordinates": [ [ [ 493284.398402157239616, 6209039.651310444809496 ], [ 493210.387462192797102, 6208491.613195555284619 ], [ 493640.208256167068612, 6208135.311335973441601 ], [ 494144.016983431240078, 6208327.054180252365768 ], [ 494218.011527363560162, 6208875.075407982803881 ], [ 493788.213738517893944, 6209231.3706766795367 ], [ 493284.398402157239616, 6209039.651310444809496 ] ] ] } },
{ "type": "Feature", "properties": { "h3_id": "880b9a75c7fffff", "h3_resolution": 8, "center_lat": 55.97315365964851, "center_lng": 92.948449021341688, "district_name": "Кировский район", "total_levels": 39.0, "district_total_levels": 5412.0, "population_2020": 125182, "population_estimated": 902, "pvz_count": 2, "pvz_per_10k_people": 22.172949002217294 }, "geometry": { "type": "Polygon", "coordinates": [ [ [ 496352.87091826996766, 6203449.108731864020228 ], [ 496278.906161750725005, 6202900.994262059219182 ], [ 496708.692248101579025, 6202544.754392717033625 ], [ 497212.420103685639333, 6202736.635504689998925 ], [ 497286.368538054754026, 6203284.73305691499263 ], [ 496856.605437448539305, 6203640.966412823647261 ], [ 496352.87091826996766, 6203449.108731864020228 ] ] ] } },
{ "type": "Feature", "properties": { "h3_id": "880b9a396bfffff", "h3_resolution": 8, "center_lat": 56.042271309542357, "center_lng": 92.704197126278032, "district_name": "Октябрьский район", "total_levels": 295.0, "district_total_levels": 17839.0, "population_2020": 186772, "population_estimated": 3089, "pvz_count": 0, "pvz_per_10k_people": 0.0 }, "geometry": { "type": "Polygon", "coordinates": [ [ [ 481141.460712596017402, 6211180.233549392782152 ], [ 481067.236203108390328, 6210631.975879184901714 ], [ 481497.376284401339944, 6210275.485961101949215 ], [ 482001.717827650951222, 6210467.260338194668293 ], [ 482075.925880941271316, 6211015.501118066720665 ], [ 481645.808845628809649, 6211371.984409264288843 ], [ 481141.460712596017402, 6211180.233549392782152 ] ] ] } },
{ "type": "Feature", "properties": { "h3_id": "880b9a76c3fffff", "h3_resolution": 8, "center_lat": 56.048356324588866, "center_lng": 92.797713477912879, "district_name": "Октябрьский район", "total_levels": 34.0, "district_total_levels": 17839.0, "population_2020": 186772, "population_estimated": 356, "pvz_count": 0, "pvz_per_10k_people": 0.0 }, "geometry": { "type": "Polygon", "coordinates": [ [ [ 486969.634621158184018, 6211836.392224406823516 ], [ 486895.515062048798427, 6211288.284108906984329 ], [ 487325.486478373466525, 6210931.879769930616021 ], [ 487829.55442287074402, 6211123.590176936239004 ], [ 487903.657535080099478, 6211671.681414060294628 ], [ 487473.709148141846526, 6212028.079120640642941 ], [ 486969.634621158184018, 6211836.392224406823516 ] ] ] } },
{ "type": "Feature", "properties": { "h3_id": "880b9a665bfffff", "h3_resolution": 8, "center_lat": 56.050704194070079, "center_lng": 93.005386815340444, "district_name": "Ленинский район", "total_levels": 26.0, "district_total_levels": 4826.0, "population_2020": 156777, "population_estimated": 845, "pvz_count": 0, "pvz_per_10k_people": 0.0 }, "geometry": { "type": "Polygon", "coordinates": [ [ [ 499905.923762651334982, 6212079.074584147892892 ], [ 499832.035669862991199, 6211531.266543487086892 ], [ 500261.642927570734173, 6211175.055521545931697 ], [ 500765.115286282380112, 6211366.659166533499956 ], [ 500838.986967049131636, 6211914.450347826816142 ], [ 500409.402699578087777, 6212270.654741588979959 ], [ 499905.923762651334982, 6212079.074584147892892 ] ] ] } },
{ "type": "Feature", "properties": { "h3_id": "880b9a2903fffff", "h3_resolution": 8, "center_lat": 56.088354364061352, "center_lng": 93.006799132201252, "district_name": "Советский район", "total_levels": 0.0, "district_total_levels": 14302.0, "population_2020": 368563, "population_estimated": 0, "pvz_count": 0, "pvz_per_10k_people": 0.0 }, "geometry": { "type": "Polygon", "coordinates": [ [ [ 499993.520046053687111, 6216269.501843636855483 ], [ 499919.640165534394328, 6215721.806115193292499 ], [ 500349.206330512941349, 6215365.585033435374498 ], [ 500852.629377068020403, 6215557.066362981684506 ], [ 500926.492797242593952, 6216104.745258155278862 ], [ 500496.949629657028709, 6216460.959655140526593 ], [ 499993.520046053687111, 6216269.501843636855483 ] ] ] } },
{ "type": "Feature", "properties": { "h3_id": "880b9a759bfffff", "h3_resolution": 8, "center_lat": 56.007877226132258, "center_lng": 92.979749294912494, "district_name": "Ленинский район", "total_levels": 9.0, "district_total_levels": 4826.0, "population_2020": 156777, "population_estimated": 292, "pvz_count": 0, "pvz_per_10k_people": 0.0 }, "geometry": { "type": "Polygon", "coordinates": [ [ [ 498307.575939844711684, 6207312.708878635428846 ], [ 498233.651869376248214, 6206764.739622470922768 ], [ 498663.347723528800998, 6206408.517956952564418 ], [ 499166.944659948290791, 6206600.272110296413302 ], [ 499240.852369051077403, 6207148.224475419148803 ], [ 498811.179501555743627, 6207504.43957631662488 ], [ 498307.575939844711684, 6207312.708878635428846 ] ] ] } },
{ "type": "Feature", "properties": { "h3_id": "880b9a6603fffff", "h3_resolution": 8, "center_lat": 56.031493747653862, "center_lng": 93.046743850149838, "district_name": "Ленинский район", "total_levels": 0.0, "district_total_levels": 4826.0, "population_2020": 156777, "population_estimated": 0, "pvz_count": 0, "pvz_per_10k_people": 0.0 }, "geometry": { "type": "Polygon", "coordinates": [ [ [ 502483.393004611949436, 6209941.917410115711391 ], [ 502409.547525985457469, 6209394.111803368665278 ], [ 502839.102067566360347, 6209037.945352117531002 ], [ 503342.479107707098592, 6209229.591103489510715 ], [ 503416.308206621208228, 6209777.379841120913625 ], [ 502986.776643562538084, 6210133.539694582112134 ], [ 502483.393004611949436, 6209941.917410115711391 ] ] ] } },
{ "type": "Feature", "properties": { "h3_id": "880b9a771bfffff", "h3_resolution": 8, "center_lat": 55.971535374330493, "center_lng": 92.810235546545186, "district_name": "Свердловский район", "total_levels": 190.0, "district_total_levels": 8998.0, "population_2020": 163470, "population_estimated": 3452, "pvz_count": 1, "pvz_per_10k_people": 2.8968713789107765 }, "geometry": { "type": "Polygon", "coordinates": [ [ [ 487726.094235027849209, 6203284.183022327721119 ], [ 487651.97610825864831, 6202735.868355172686279 ], [ 488082.005604496109299, 6202379.499633077532053 ], [ 488586.130214101402089, 6202571.452092329971492 ], [ 488660.231995671638288, 6203119.749829170294106 ], [ 488230.22551129036583, 6203476.11203514970839 ], [ 487726.094235027849209, 6203284.183022327721119 ] ] ] } },
{ "type": "Feature", "properties": { "h3_id": "880b9a7543fffff", "h3_resolution": 8, "center_lat": 55.934678398774238, "center_lng": 92.878056309419918, "district_name": "Свердловский район", "total_levels": 0.0, "district_total_levels": 8998.0, "population_2020": 163470, "population_estimated": 0, "pvz_count": 0, "pvz_per_10k_people": 0.0 }, "geometry": { "type": "Polygon", "coordinates": [ [ [ 491951.876229383633472, 6199172.518287435173988 ], [ 491877.827113477222156, 6198624.192719293758273 ], [ 492307.775850399513729, 6198267.89948246255517 ], [ 492811.750710125255864, 6198459.938269822858274 ], [ 492885.783540911448654, 6199008.246887987479568 ], [ 492455.857795549265575, 6199364.533666842617095 ], [ 491951.876229383633472, 6199172.518287435173988 ] ] ] } },
{ "type": "Feature", "properties": { "h3_id": "880b9a7715fffff", "h3_resolution": 8, "center_lat": 55.955295399650893, "center_lng": 92.821715165902589, "district_name": "Свердловский район", "total_levels": 12.0, "district_total_levels": 8998.0, "population_2020": 163470, "population_estimated": 218, "pvz_count": 0, "pvz_per_10k_people": 0.0 }, "geometry": { "type": "Polygon", "coordinates": [ [ [ 488437.920380309864413, 6201474.808753373101354 ], [ 488363.812331226945389, 6200926.463166148401797 ], [ 488793.838539855729323, 6200570.110419702716172 ], [ 489297.949789576930925, 6200762.109749739989638 ], [ 489372.041516586439684, 6201310.43839643523097 ], [ 488942.038314400881063, 6201666.784651697613299 ], [ 488437.920380309864413, 6201474.808753373101354 ] ] ] } },
{ "type": "Feature", "properties": { "h3_id": "880b9a7549fffff", "h3_resolution": 8, "center_lat": 55.929475588058445, "center_lng": 92.853872637310147, "district_name": "Свердловский район", "total_levels": 0.0, "district_total_levels": 8998.0, "population_2020": 163470, "population_estimated": 0, "pvz_count": 0, "pvz_per_10k_people": 0.0 }, "geometry": { "type": "Polygon", "coordinates": [ [ [ 490439.780934985144995, 6198596.415487805381417 ], [ 490365.704238210688345, 6198048.040640748105943 ], [ 490795.700687199889217, 6197691.726461658254266 ], [ 491299.750836263119709, 6197883.793578716926277 ], [ 491373.811250265454873, 6198432.151470184326172 ], [ 490943.837796429055743, 6198788.459198256023228 ], [ 490439.780934985144995, 6198596.415487805381417 ] ] ] } },
{ "type": "Feature", "properties": { "h3_id": "880b9a7517fffff", "h3_resolution": 8, "center_lat": 55.951722995094414, "center_lng": 92.935672351322353, "district_name": "Свердловский район", "total_levels": 0.0, "district_total_levels": 8998.0, "population_2020": 163470, "population_estimated": 0, "pvz_count": 0, "pvz_per_10k_people": 0.0 }, "geometry": { "type": "Polygon", "coordinates": [ [ [ 495553.202464556437917, 6201064.622313860803843 ], [ 495479.219920007511973, 6200516.427652017213404 ], [ 495909.050239114963915, 6200160.182782192714512 ], [ 496412.840117306390312, 6200352.139053876511753 ], [ 496486.806365117314272, 6200900.316782324574888 ], [ 496056.999029932077974, 6201256.555170561186969 ], [ 495553.202464556437917, 6201064.622313860803843 ] ] ] } },
{ "type": "Feature", "properties": { "h3_id": "880b9a6609fffff", "h3_resolution": 8, "center_lat": 56.026334728881316, "center_lng": 93.022505851320162, "district_name": "Ленинский район", "total_levels": 175.0, "district_total_levels": 4826.0, "population_2020": 156777, "population_estimated": 5685, "pvz_count": 4, "pvz_per_10k_people": 7.0360598065083551 }, "geometry": { "type": "Polygon", "coordinates": [ [ [ 500973.091008773888461, 6209366.993930042721331 ], [ 500899.217666944023222, 6208819.138964602723718 ], [ 501328.819879912072793, 6208462.951473935507238 ], [ 501832.272451029042713, 6208654.625537680462003 ], [ 501906.129415410803631, 6209202.463628407567739 ], [ 501476.550184579158667, 6209558.644528186880052 ], [ 500973.091008773888461, 6209366.993930042721331 ] ] ] } },
{ "type": "Feature", "properties": { "h3_id": "880b9a76e9fffff", "h3_resolution": 8, "center_lat": 56.025458165647557, "center_lng": 92.799975508122799, "district_name": "Железнодорожный район", "total_levels": 63.0, "district_total_levels": 3954.0, "population_2020": 100946, "population_estimated": 1608, "pvz_count": 0, "pvz_per_10k_people": 0.0 }, "geometry": { "type": "Polygon", "coordinates": [ [ [ 487103.136742068862077, 6209287.460206835530698 ], [ 487029.01597446622327, 6208739.288238958455622 ], [ 487459.007364090823103, 6208382.892999169416726 ], [ 487963.096495312056504, 6208574.67632314376533 ], [ 488037.200846044579521, 6209122.831397023051977 ], [ 487607.232480877544731, 6209479.220039007253945 ], [ 487103.136742068862077, 6209287.460206835530698 ] ] ] } },
{ "type": "Feature", "properties": { "h3_id": "880b9a74ebfffff", "h3_resolution": 8, "center_lat": 56.021886159482229, "center_lng": 92.91413476632269, "district_name": "Советский район", "total_levels": 10.0, "district_total_levels": 14302.0, "population_2020": 368563, "population_estimated": 258, "pvz_count": 0, "pvz_per_10k_people": 0.0 }, "geometry": { "type": "Polygon", "coordinates": [ [ [ 494218.011527363560162, 6208875.075407982803881 ], [ 494144.016983431240078, 6208327.054180252365768 ], [ 494573.81314764067065, 6207970.766782099381089 ], [ 495077.58085225825198, 6208162.507197883911431 ], [ 495151.559004787472077, 6208710.511538702994585 ], [ 494721.785842554818373, 6209066.792348735965788 ], [ 494218.011527363560162, 6208875.075407982803881 ] ] ] } },
{ "type": "Feature", "properties": { "h3_id": "880b9a76bdfffff", "h3_resolution": 8, "center_lat": 56.042521611141616, "center_lng": 92.85770624190863, "district_name": "Центральный район", "total_levels": 132.0, "district_total_levels": 8464.0, "population_2020": 86061, "population_estimated": 1342, "pvz_count": 2, "pvz_per_10k_people": 14.903129657228018 }, "geometry": { "type": "Polygon", "coordinates": [ [ [ 490705.333048526139464, 6211177.621227206662297 ], [ 490631.279249225161038, 6210629.580623750574887 ], [ 491061.15242854191456, 6210273.234125459566712 ], [ 491565.056388800963759, 6210464.934850023128092 ], [ 491639.093759725859854, 6211012.958576078526676 ], [ 491209.243597221327946, 6211369.29845305532217 ], [ 490705.333048526139464, 6211177.621227206662297 ] ] ] } },
{ "type": "Feature", "properties": { "h3_id": "880b9a6635fffff", "h3_resolution": 8, "center_lat": 56.020397292516954, "center_lng": 93.08236705093077, "district_name": "Ленинский район", "total_levels": 0.0, "district_total_levels": 4826.0, "population_2020": 156777, "population_estimated": 0, "pvz_count": 0, "pvz_per_10k_people": 0.0 }, "geometry": { "type": "Polygon", "coordinates": [ [ [ 504704.850048302672803, 6208708.944871304556727 ], [ 504631.042188493011054, 6208161.157403255812824 ], [ 505060.545572840492241, 6207805.027713806368411 ], [ 505563.833845962421037, 6207996.692070328630507 ], [ 505637.625346837099642, 6208544.462664642371237 ], [ 505208.144931979710236, 6208900.585774254985154 ], [ 504704.850048302672803, 6208708.944871304556727 ] ] ] } },
{ "type": "Feature", "properties": { "h3_id": "880b9a3965fffff", "h3_resolution": 8, "center_lat": 56.026040316456303, "center_lng": 92.715742418374404, "district_name": "Октябрьский район", "total_levels": 204.0, "district_total_levels": 17839.0, "population_2020": 186772, "population_estimated": 2136, "pvz_count": 1, "pvz_per_10k_people": 4.6816479400749067 }, "geometry": { "type": "Polygon", "coordinates": [ [ [ 481853.295541871804744, 6209370.730561587959528 ], [ 481779.081312536378391, 6208822.44157971162349 ], [ 482209.21846239984734, 6208465.967387332580984 ], [ 482713.546799444186036, 6208657.788776869885623 ], [ 482787.744595714902971, 6209206.060858152806759 ], [ 482357.630486458016094, 6209562.528448570519686 ], [ 481853.295541871804744, 6209370.730561587959528 ] ] ] } },
{ "type": "Feature", "properties": { "h3_id": "880b9a2827fffff", "h3_resolution": 8, "center_lat": 56.119358266133545, "center_lng": 92.998928104927813, "district_name": "Советский район", "total_levels": 0.0, "district_total_levels": 14302.0, "population_2020": 368563, "population_estimated": 0, "pvz_count": 0, "pvz_per_10k_people": 0.0 }, "geometry": { "type": "Polygon", "coordinates": [ [ [ 499503.81367408944061, 6219720.20676167588681 ], [ 499429.930490660539363, 6219172.591114015318453 ], [ 499859.478396212740336, 6218816.353559312410653 ], [ 500362.886478665110189, 6219007.738382041454315 ], [ 500436.753160338383168, 6219555.337217196822166 ], [ 500007.228259768802673, 6219911.568040220066905 ], [ 499503.81367408944061, 6219720.20676167588681 ] ] ] } },
{ "type": "Feature", "properties": { "h3_id": "880b9a6751fffff", "h3_resolution": 8, "center_lat": 55.985712085315896, "center_lng": 93.050990731234819, "district_name": "Ленинский район", "total_levels": 0.0, "district_total_levels": 4826.0, "population_2020": 156777, "population_estimated": 0, "pvz_count": 0, "pvz_per_10k_people": 0.0 }, "geometry": { "type": "Polygon", "coordinates": [ [ [ 502751.767041286511812, 6204846.704763120040298 ], [ 502677.918146857758984, 6204298.772026929073036 ], [ 503107.511637944844551, 6203942.624045833945274 ], [ 503610.931053322390653, 6204134.415327719412744 ], [ 503684.763627936888952, 6204682.331163649447262 ], [ 503255.193105445068795, 6205038.472616038285196 ], [ 502751.767041286511812, 6204846.704763120040298 ] ] ] } },
{ "type": "Feature", "properties": { "h3_id": "880b9a2909fffff", "h3_resolution": 8, "center_lat": 56.083191975235017, "center_lng": 92.982528566720205, "district_name": "Советский район", "total_levels": 0.0, "district_total_levels": 14302.0, "population_2020": 368563, "population_estimated": 0, "pvz_count": 0, "pvz_per_10k_people": 0.0 }, "geometry": { "type": "Polygon", "coordinates": [ [ [ 498483.080134161398746, 6215695.071764428168535 ], [ 498409.172277232341003, 6215147.326596054248512 ], [ 498838.786041468614712, 6214791.084402656182647 ], [ 499342.284660076082218, 6214982.594053613953292 ], [ 499416.176058897282928, 6215530.322383116930723 ], [ 498986.585295669967309, 6215886.557898622006178 ], [ 498483.080134161398746, 6215695.071764428168535 ] ] ] } },
{ "type": "Feature", "properties": { "h3_id": "880b9a6661fffff", "h3_resolution": 8, "center_lat": 56.003443494787064, "center_lng": 93.024643469741321, "district_name": "Ленинский район", "total_levels": 350.0, "district_total_levels": 4826.0, "population_2020": 156777, "population_estimated": 11370, "pvz_count": 3, "pvz_per_10k_people": 2.6385224274406331 }, "geometry": { "type": "Polygon", "coordinates": [ [ [ 501107.207999374950305, 6206819.291748674586415 ], [ 501033.332999129896052, 6206271.37316489033401 ], [ 501462.954747621901333, 6205915.194878096692264 ], [ 501966.42851763672661, 6206106.941729512065649 ], [ 502040.287170388852246, 6206654.843422999605536 ], [ 501610.688399075297639, 6207011.015153452754021 ], [ 501107.207999374950305, 6206819.291748674586415 ] ] ] } },
{ "type": "Feature", "properties": { "h3_id": "880b9a2b07fffff", "h3_resolution": 8, "center_lat": 56.090560779173011, "center_lng": 92.907530055588211, "district_name": "Центральный район", "total_levels": 0.0, "district_total_levels": 8464.0, "population_2020": 86061, "population_estimated": 0, "pvz_count": 0, "pvz_per_10k_people": 0.0 }, "geometry": { "type": "Polygon", "coordinates": [ [ [ 493816.61624162417138, 6216518.999182844534516 ], [ 493742.626024536497425, 6215971.169816538691521 ], [ 494172.362647819973063, 6215614.855430749244988 ], [ 494676.066469887387939, 6215806.377101107500494 ], [ 494750.040205661789514, 6216354.189627350308001 ], [ 494320.326599130406976, 6216710.497321386821568 ], [ 493816.61624162417138, 6216518.999182844534516 ] ] ] } },
{ "type": "Feature", "properties": { "h3_id": "880b9a75cdfffff", "h3_resolution": 8, "center_lat": 55.967968946090231, "center_lng": 92.924243773679834, "district_name": "Свердловский район", "total_levels": 600.0, "district_total_levels": 8998.0, "population_2020": 163470, "population_estimated": 10900, "pvz_count": 1, "pvz_per_10k_people": 0.91743119266055051 }, "geometry": { "type": "Polygon", "coordinates": [ [ [ 494841.516567299433518, 6202873.479042232036591 ], [ 494767.524116216984112, 6202325.315262569114566 ], [ 495197.357899753027596, 6201969.054412693716586 ], [ 495701.161143475910649, 6202160.96384705696255 ], [ 495775.137274723849259, 6202709.110703529790044 ], [ 495345.326480537187308, 6203065.365046908147633 ], [ 494841.516567299433518, 6202873.479042232036591 ] ] ] } },
{ "type": "Feature", "properties": { "h3_id": "880b9a2935fffff", "h3_resolution": 8, "center_lat": 56.077266089385787, "center_lng": 93.042487737329793, "district_name": "Ленинский район", "total_levels": 0.0, "district_total_levels": 4826.0, "population_2020": 156777, "population_estimated": 0, "pvz_count": 0, "pvz_per_10k_people": 0.0 }, "geometry": { "type": "Polygon", "coordinates": [ [ [ 502215.069854133122135, 6215036.146424682810903 ], [ 502141.227801795699634, 6214488.468610363081098 ], [ 502570.743101318890695, 6214132.284159104339778 ], [ 503074.077463239082135, 6214323.784187071956694 ], [ 503147.903076030488592, 6214871.445163477212191 ], [ 502718.410764900152571, 6215227.622947920113802 ], [ 502215.069854133122135, 6215036.146424682810903 ] ] ] } },
{ "type": "Feature", "properties": { "h3_id": "880b9a0c87fffff", "h3_resolution": 8, "center_lat": 56.007462144005771, "center_lng": 92.673052107865345, "district_name": "Октябрьский район", "total_levels": 0.0, "district_total_levels": 17839.0, "population_2020": 186772, "population_estimated": 0, "pvz_count": 0, "pvz_per_10k_people": 0.0 }, "geometry": { "type": "Polygon", "coordinates": [ [ [ 479182.721482456545345, 6207314.840537177398801 ], [ 479108.456982176285237, 6206766.437085804529488 ], [ 479538.687783273635432, 6206409.92866253387183 ], [ 480043.160038022208028, 6206601.830264350399375 ], [ 480117.408121453423519, 6207150.216798765584826 ], [ 479687.200365435273852, 6207506.718646397814155 ], [ 479182.721482456545345, 6207314.840537177398801 ] ] ] } },
{ "type": "Feature", "properties": { "h3_id": "880b9a2b33fffff", "h3_resolution": 8, "center_lat": 56.102384780277376, "center_lng": 92.941078503138698, "district_name": "Советский район", "total_levels": 89.0, "district_total_levels": 14302.0, "population_2020": 368563, "population_estimated": 2294, "pvz_count": 0, "pvz_per_10k_people": 0.0 }, "geometry": { "type": "Polygon", "coordinates": [ [ [ 495905.257367115234956, 6217832.682328256778419 ], [ 495831.306610682571772, 6217284.935069155879319 ], [ 496260.972655149118509, 6216928.64851076900959 ], [ 496764.566441819362808, 6217120.115917867980897 ], [ 496838.500707814760972, 6217667.846347885206342 ], [ 496408.857676028448623, 6218024.12619798257947 ], [ 495905.257367115234956, 6217832.682328256778419 ] ] ] } },
{ "type": "Feature", "properties": { "h3_id": "880b9a7493fffff", "h3_resolution": 8, "center_lat": 56.063256830466216, "center_lng": 92.954714786248573, "district_name": "Советский район", "total_levels": 300.0, "district_total_levels": 14302.0, "population_2020": 368563, "population_estimated": 7731, "pvz_count": 3, "pvz_per_10k_people": 3.8804811796662784 }, "geometry": { "type": "Polygon", "coordinates": [ [ [ 496750.599585593212396, 6213477.12456077709794 ], [ 496676.657263627741486, 6212929.28164123557508 ], [ 497106.340033659012988, 6212573.019472108222544 ], [ 497609.942121713480446, 6212764.606869521550834 ], [ 497683.86800622777082, 6213312.432934095151722 ], [ 497254.20823858876247, 6213668.688454311341047 ], [ 496750.599585593212396, 6213477.12456077709794 ] ] ] } },
{ "type": "Feature", "properties": { "h3_id": "880b9a2961fffff", "h3_resolution": 8, "center_lat": 56.060305094840757, "center_lng": 92.984690980328523, "district_name": "Советский район", "total_levels": 259.0, "district_total_levels": 14302.0, "population_2020": 368563, "population_estimated": 6674, "pvz_count": 2, "pvz_per_10k_people": 2.9967036260113877 }, "geometry": { "type": "Polygon", "coordinates": [ [ [ 498617.070775481755845, 6213147.753339568153024 ], [ 498543.161323784035631, 6212599.944129722192883 ], [ 498972.794862241134979, 6212243.710849586874247 ], [ 499476.314854762866162, 6212435.293420768342912 ], [ 499550.207878281187732, 6212983.085776128806174 ], [ 499120.59733591141412, 6213339.312412882223725 ], [ 498617.070775481755845, 6213147.753339568153024 ] ] ] } },
{ "type": "Feature", "properties": { "h3_id": "880b9a7665fffff", "h3_resolution": 8, "center_lat": 55.96922075896849, "center_lng": 92.756076462952066, "district_name": "Свердловский район", "total_levels": 69.0, "district_total_levels": 8998.0, "population_2020": 163470, "population_estimated": 1254, "pvz_count": 0, "pvz_per_10k_people": 0.0 }, "geometry": { "type": "Polygon", "coordinates": [ [ [ 484344.831643472192809, 6203037.227115633897483 ], [ 484270.653178308042698, 6202488.829233264550567 ], [ 484700.77957222861005, 6202132.410539920441806 ], [ 485205.06140803033486, 6202324.396241716109216 ], [ 485279.223521106003318, 6202872.777187653817236 ], [ 484849.120148918475024, 6203229.189366301521659 ], [ 484344.831643472192809, 6203037.227115633897483 ] ] ] } },
{ "type": "Feature", "properties": { "h3_id": "880b9a0cb3fffff", "h3_resolution": 8, "center_lat": 56.0193687600296, "center_lng": 92.706510151028951, "district_name": "Октябрьский район", "total_levels": 41.0, "district_total_levels": 17839.0, "population_2020": 186772, "population_estimated": 429, "pvz_count": 0, "pvz_per_10k_people": 0.0 }, "geometry": { "type": "Polygon", "coordinates": [ [ [ 481274.712023609026801, 6208630.617761436849833 ], [ 481200.486497925885487, 6208082.296250628307462 ], [ 481630.64668884180719, 6207725.81546598020941 ], [ 482135.009362840559334, 6207917.662782489322126 ], [ 482209.21846239984734, 6208465.967387332580984 ], [ 481779.081312536378391, 6208822.44157971162349 ], [ 481274.712023609026801, 6208630.617761436849833 ] ] ] } },
{ "type": "Feature", "properties": { "h3_id": "880b9a7427fffff", "h3_resolution": 8, "center_lat": 55.969435670678322, "center_lng": 92.90928245585863, "district_name": "Свердловский район", "total_levels": 88.0, "district_total_levels": 8998.0, "population_2020": 163470, "population_estimated": 1599, "pvz_count": 0, "pvz_per_10k_people": 0.0 }, "geometry": { "type": "Polygon", "coordinates": [ [ [ 493907.83014091651421, 6203037.859409897588193 ], [ 493833.821365382755175, 6202489.678706791251898 ], [ 494263.67985005636001, 6202133.403379459865391 ], [ 494767.524116216984112, 6202325.315262569114566 ], [ 494841.516567299433518, 6202873.479042232036591 ], [ 494411.681075129366945, 6203229.74786030780524 ], [ 493907.83014091651421, 6203037.859409897588193 ] ] ] } },
{ "type": "Feature", "properties": { "h3_id": "880b9a390dfffff", "h3_resolution": 8, "center_lat": 56.048941789383875, "center_lng": 92.713434102057718, "district_name": "Октябрьский район", "total_levels": 30.0, "district_total_levels": 17839.0, "population_2020": 186772, "population_estimated": 314, "pvz_count": 0, "pvz_per_10k_people": 0.0 }, "geometry": { "type": "Polygon", "coordinates": [ [ [ 481720.022037727525458, 6211920.209505570121109 ], [ 481645.808845628809649, 6211371.984409264288843 ], [ 482075.925880941271316, 6211015.501118066720665 ], [ 482580.233061272185296, 6211207.249557830393314 ], [ 482654.429790243157186, 6211755.457769179716706 ], [ 482224.335800458793528, 6212111.93442380335182 ], [ 481720.022037727525458, 6211920.209505570121109 ] ] ] } },
{ "type": "Feature", "properties": { "h3_id": "880b9a7467fffff", "h3_resolution": 8, "center_lat": 55.965704444272028, "center_lng": 92.870114811699978, "district_name": "Свердловский район", "total_levels": 3.0, "district_total_levels": 8998.0, "population_2020": 163470, "population_estimated": 55, "pvz_count": 0, "pvz_per_10k_people": 0.0 }, "geometry": { "type": "Polygon", "coordinates": [ [ [ 491462.251451380492654, 6202626.522458779625595 ], [ 491388.198677721840795, 6202078.275511366315186 ], [ 491818.129534356237855, 6201721.964722060598433 ], [ 492322.09016384993447, 6201913.907383322715759 ], [ 492396.126610769133549, 6202462.137401429004967 ], [ 491966.218753389955964, 6202818.441685660742223 ], [ 491462.251451380492654, 6202626.522458779625595 ] ] ] } },
{ "type": "Feature", "properties": { "h3_id": "880b9a7625fffff", "h3_resolution": 8, "center_lat": 55.972988824943073, "center_lng": 92.795260297825806, "district_name": "Свердловский район", "total_levels": 204.0, "district_total_levels": 8998.0, "population_2020": 163470, "population_estimated": 3706, "pvz_count": 2, "pvz_per_10k_people": 5.3966540744738261 }, "geometry": { "type": "Polygon", "coordinates": [ [ [ 486791.890861923922785, 6203448.628252116963267 ], [ 486717.756385340297129, 6202900.296654396690428 ], [ 487147.810516784666106, 6202543.913447448983788 ], [ 487651.97610825864831, 6202735.868355172686279 ], [ 487726.094235027849209, 6203284.183022327721119 ], [ 487296.063118589867372, 6203640.559710402041674 ], [ 486791.890861923922785, 6203448.628252116963267 ] ] ] } },
{ "type": "Feature", "properties": { "h3_id": "880b9a29a1fffff", "h3_resolution": 8, "center_lat": 56.110440770146845, "center_lng": 93.088919022231664, "district_name": "Советский район", "total_levels": 0.0, "district_total_levels": 14302.0, "population_2020": 368563, "population_estimated": 0, "pvz_count": 0, "pvz_per_10k_people": 0.0 }, "geometry": { "type": "Polygon", "coordinates": [ [ [ 505100.465903234493453, 6218731.169966460205615 ], [ 505026.681660613336135, 6218183.655190323479474 ], [ 505456.082022830145434, 6217827.504169595427811 ], [ 505959.24364006111864, 6218018.874638134613633 ], [ 506033.011408815218601, 6218566.372603175230324 ], [ 505603.634032656962518, 6218922.516908868215978 ], [ 505100.465903234493453, 6218731.169966460205615 ] ] ] } },
{ "type": "Feature", "properties": { "h3_id": "880b9a7639fffff", "h3_resolution": 8, "center_lat": 56.004011151300773, "center_lng": 92.787248056413247, "district_name": "Октябрьский район", "total_levels": 104.0, "district_total_levels": 17839.0, "population_2020": 186772, "population_estimated": 1089, "pvz_count": 0, "pvz_per_10k_people": 0.0 }, "geometry": { "type": "Polygon", "coordinates": [ [ [ 486302.483272834622767, 6206902.840945174917579 ], [ 486228.344908181403298, 6206354.588381161913276 ], [ 486658.380790811614133, 6205998.187882545404136 ], [ 487162.532013885269407, 6206190.046511980704963 ], [ 487236.653987092780881, 6206738.282166142947972 ], [ 486806.641127123555634, 6207094.676098793745041 ], [ 486302.483272834622767, 6206902.840945174917579 ] ] ] } },
{ "type": "Feature", "properties": { "h3_id": "880b9a7453fffff", "h3_resolution": 8, "center_lat": 56.01296658782482, "center_lng": 92.85068845619999, "district_name": "Центральный район", "total_levels": 632.0, "district_total_levels": 8464.0, "population_2020": 86061, "population_estimated": 6426, "pvz_count": 3, "pvz_per_10k_people": 4.6685340802987865 }, "geometry": { "type": "Polygon", "coordinates": [ [ [ 490260.978477947472129, 6207889.136771714314818 ], [ 490186.911979691416491, 6207340.999886326491833 ], [ 490616.828027786919847, 6206984.655938122421503 ], [ 491120.787560265394859, 6207176.455450438894331 ], [ 491194.837667080631945, 6207724.57543745264411 ], [ 490764.944631311635021, 6208080.912808602675796 ], [ 490260.978477947472129, 6207889.136771714314818 ] ] ] } },
{ "type": "Feature", "properties": { "h3_id": "880b9a743bfffff", "h3_resolution": 8, "center_lat": 56.000456717746921, "center_lng": 92.9013584758669, "district_name": "Свердловский район", "total_levels": 467.0, "district_total_levels": 8998.0, "population_2020": 163470, "population_estimated": 8484, "pvz_count": 5, "pvz_per_10k_people": 5.8934464875058934 }, "geometry": { "type": "Polygon", "coordinates": [ [ [ 493418.184013007616159, 6206491.102138472720981 ], [ 493344.171666301263031, 6205943.000385960564017 ], [ 493774.012190059060231, 6205586.707750597968698 ], [ 494277.842058799869847, 6205778.523422139696777 ], [ 494351.838039485912304, 6206326.6082719033584 ], [ 493922.020515903714113, 6206682.894350958056748 ], [ 493418.184013007616159, 6206491.102138472720981 ] ] ] } },
{ "type": "Feature", "properties": { "h3_id": "880b9a66cdfffff", "h3_resolution": 8, "center_lat": 56.061019581668752, "center_lng": 93.053893543412315, "district_name": "Ленинский район", "total_levels": 0.0, "district_total_levels": 4826.0, "population_2020": 156777, "population_estimated": 0, "pvz_count": 0, "pvz_per_10k_people": 0.0 }, "geometry": { "type": "Polygon", "coordinates": [ [ [ 502926.41959867317928, 6213228.413942695595324 ], [ 502852.58734999364242, 6212680.704689531587064 ], [ 503282.099323638074566, 6212324.535811830312014 ], [ 503785.420561409962829, 6212516.082827351987362 ], [ 503859.236393571947701, 6213063.775232357904315 ], [ 503429.747402931097895, 6213419.937468091025949 ], [ 502926.41959867317928, 6213228.413942695595324 ] ] ] } },
{ "type": "Feature", "properties": { "h3_id": "880b9a7651fffff", "h3_resolution": 8, "center_lat": 56.016478101403294, "center_lng": 92.736510710782397, "district_name": "Октябрьский район", "total_levels": 214.0, "district_total_levels": 17839.0, "population_2020": 186772, "population_estimated": 2241, "pvz_count": 0, "pvz_per_10k_people": 0.0 }, "geometry": { "type": "Polygon", "coordinates": [ [ [ 483143.659422061929945, 6208301.329058703966439 ], [ 483069.466744001023471, 6207753.041359579190612 ], [ 483499.577864234277513, 6207396.589528236538172 ], [ 484003.858626201981679, 6207588.431980827823281 ], [ 484078.034887387708295, 6208136.70277448091656 ], [ 483647.946801930549555, 6208493.148019093088806 ], [ 483143.659422061929945, 6208301.329058703966439 ] ] ] } },
{ "type": "Feature", "properties": { "h3_id": "880b9a760dfffff", "h3_resolution": 8, "center_lat": 55.992126640972984, "center_lng": 92.75379334100738, "district_name": "Октябрьский район", "total_levels": 83.0, "district_total_levels": 17839.0, "population_2020": 186772, "population_estimated": 869, "pvz_count": 1, "pvz_per_10k_people": 11.507479861910241 }, "geometry": { "type": "Polygon", "coordinates": [ [ [ 484211.425505619961768, 6205587.087420186959207 ], [ 484137.248140976997092, 6205038.752999019809067 ], [ 484567.354659608216025, 6204682.324915580451488 ], [ 485071.615514640929177, 6204874.237800723873079 ], [ 485145.776497106009629, 6205422.555301057174802 ], [ 484715.693005166947842, 6205778.976835158653557 ], [ 484211.425505619961768, 6205587.087420186959207 ] ] ] } },
{ "type": "Feature", "properties": { "h3_id": "880b9a3925fffff", "h3_resolution": 8, "center_lat": 56.029814813223929, "center_lng": 92.754983001551494, "district_name": "Октябрьский район", "total_levels": 295.0, "district_total_levels": 17839.0, "population_2020": 186772, "population_estimated": 3089, "pvz_count": 2, "pvz_per_10k_people": 6.4745872450631277 }, "geometry": { "type": "Polygon", "coordinates": [ [ [ 484300.55124365555821, 6209781.418885663151741 ], [ 484226.381197686714586, 6209233.19623432867229 ], [ 484656.446248812309932, 6208876.757586140185595 ], [ 485160.658310477563646, 6209068.548193478956819 ], [ 485234.811925697431434, 6209616.753950082696974 ], [ 484804.769908451940864, 6209973.185992158018053 ], [ 484300.55124365555821, 6209781.418885663151741 ] ] ] } },
{ "type": "Feature", "properties": { "h3_id": "880b9a0c9bfffff", "h3_resolution": 8, "center_lat": 56.038481676862929, "center_lng": 92.664939415225987, "district_name": "Октябрьский район", "total_levels": 146.0, "district_total_levels": 17839.0, "population_2020": 186772, "population_estimated": 1529, "pvz_count": 0, "pvz_per_10k_people": 0.0 }, "geometry": { "type": "Polygon", "coordinates": [ [ [ 478693.612274861487094, 6210769.66146210860461 ], [ 478619.343547223717906, 6210221.337437254376709 ], [ 479049.555653707357123, 6209864.811954474076629 ], [ 479554.013433579180855, 6210056.617117376066744 ], [ 479628.265702702105045, 6210604.924246032722294 ], [ 479198.07664891553577, 6210961.443106071092188 ], [ 478693.612274861487094, 6210769.66146210860461 ] ] ] } },
{ "type": "Feature", "properties": { "h3_id": "880b9a2949fffff", "h3_resolution": 8, "center_lat": 56.079498227159092, "center_lng": 92.943264653760153, "district_name": "Советский район", "total_levels": 0.0, "district_total_levels": 14302.0, "population_2020": 368563, "population_estimated": 0, "pvz_count": 0, "pvz_per_10k_people": 0.0 }, "geometry": { "type": "Polygon", "coordinates": [ [ [ 496039.128842210280709, 6215285.310915540903807 ], [ 495965.176569020957686, 6214737.499462896957994 ], [ 496394.862514252192341, 6214381.22172072250396 ], [ 496898.477723353600595, 6214572.76210306212306 ], [ 496972.41353603603784, 6215120.556710990145802 ], [ 496542.750598575046752, 6215476.827779384329915 ], [ 496039.128842210280709, 6215285.310915540903807 ] ] ] } },
{ "type": "Feature", "properties": { "h3_id": "880b9a29e5fffff", "h3_resolution": 8, "center_lat": 56.098662525811896, "center_lng": 93.055348788066581, "district_name": "Советский район", "total_levels": 0.0, "district_total_levels": 14302.0, "population_2020": 368563, "population_estimated": 0, "pvz_count": 0, "pvz_per_10k_people": 0.0 }, "geometry": { "type": "Polygon", "coordinates": [ [ [ 503013.719526452827267, 6217418.107116360217333 ], [ 502939.895660635549575, 6216870.510268892161548 ], [ 503369.366617858293466, 6216514.331420774571598 ], [ 503872.638449198391754, 6216705.75611674040556 ], [ 503946.445850221440196, 6217253.336142147891223 ], [ 503516.997883149597328, 6217609.508291740901768 ], [ 503013.719526452827267, 6217418.107116360217333 ] ] ] } },
{ "type": "Feature", "properties": { "h3_id": "880b9a74abfffff", "h3_resolution": 8, "center_lat": 56.025596306595141, "center_lng": 92.953348963023345, "district_name": "Советский район", "total_levels": 0.0, "district_total_levels": 14302.0, "population_2020": 368563, "population_estimated": 0, "pvz_count": 0, "pvz_per_10k_people": 0.0 }, "geometry": { "type": "Polygon", "coordinates": [ [ [ 496662.683414081984665, 6209285.626756228506565 ], [ 496588.733076467062347, 6208737.671790078282356 ], [ 497018.456955882778857, 6208381.419895396567881 ], [ 497522.108176153269596, 6208573.129557220265269 ], [ 497596.042124709638301, 6209121.067642315290868 ], [ 497166.341240508307237, 6209477.31294472515583 ], [ 496662.683414081984665, 6209285.626756228506565 ] ] ] } },
{ "type": "Feature", "properties": { "h3_id": "880b9a75e1fffff", "h3_resolution": 8, "center_lat": 55.956906740131124, "center_lng": 92.959868347794128, "district_name": "Свердловский район", "total_levels": 1.0, "district_total_levels": 8998.0, "population_2020": 163470, "population_estimated": 18, "pvz_count": 0, "pvz_per_10k_people": 0.0 }, "geometry": { "type": "Polygon", "coordinates": [ [ [ 497064.516783783212304, 6201640.392562227323651 ], [ 496990.561901368200779, 6201092.24718685913831 ], [ 497420.34450271318201, 6200736.023276844061911 ], [ 497924.059004608949181, 6200927.951228805817664 ], [ 497997.997587963123806, 6201476.079676385037601 ], [ 497568.237966937478632, 6201832.297097870148718 ], [ 497064.516783783212304, 6201640.392562227323651 ] ] ] } },
{ "type": "Feature", "properties": { "h3_id": "880b9a76a9fffff", "h3_resolution": 8, "center_lat": 56.029205193490583, "center_lng": 92.839206054130443, "district_name": "Центральный район", "total_levels": 225.0, "district_total_levels": 8464.0, "population_2020": 86061, "population_estimated": 2288, "pvz_count": 3, "pvz_per_10k_people": 13.111888111888112 }, "geometry": { "type": "Polygon", "coordinates": [ [ [ 489549.289725816808641, 6209698.075273512862623 ], [ 489475.213155456178356, 6209149.969607541337609 ], [ 489905.132369758386631, 6208793.609895661473274 ], [ 490409.105135155317839, 6208985.362449784763157 ], [ 490483.165290974604432, 6209533.451227615587413 ], [ 490053.269094391376711, 6209889.804337544366717 ], [ 489549.289725816808641, 6209698.075273512862623 ] ] ] } },
{ "type": "Feature", "properties": { "h3_id": "880b9a74d7fffff", "h3_resolution": 8, "center_lat": 56.051431297521511, "center_lng": 92.921195738114278, "district_name": "Советский район", "total_levels": 553.0, "district_total_levels": 14302.0, "population_2020": 368563, "population_estimated": 14251, "pvz_count": 6, "pvz_per_10k_people": 4.210230860992211 }, "geometry": { "type": "Polygon", "coordinates": [ [ [ 494661.933756679005455, 6212162.865743543952703 ], [ 494587.952087482553907, 6211614.940847425721586 ], [ 495017.705470967572182, 6211258.650958437472582 ], [ 495521.417515643057413, 6211450.292596006765962 ], [ 495595.382756544742733, 6211998.20062618330121 ], [ 495165.652379517501686, 6212354.483882818371058 ], [ 494661.933756679005455, 6212162.865743543952703 ] ] ] } },
{ "type": "Feature", "properties": { "h3_id": "880b9a291dfffff", "h3_resolution": 8, "center_lat": 56.096475924763396, "center_lng": 93.001083349536771, "district_name": "Советский район", "total_levels": 0.0, "district_total_levels": 14302.0, "population_2020": 368563, "population_estimated": 0, "pvz_count": 0, "pvz_per_10k_people": 0.0 }, "geometry": { "type": "Polygon", "coordinates": [ [ [ 499637.837105920712929, 6217173.410615776665509 ], [ 499563.952283370541409, 6216625.730671598576009 ], [ 499993.520046053687111, 6216269.501843636855483 ], [ 500496.949629657028709, 6216460.959655140526593 ], [ 500570.817980346968397, 6217008.622771183028817 ], [ 500141.273217746871524, 6217364.844901948235929 ], [ 499637.837105920712929, 6217173.410615776665509 ] ] ] } },
{ "type": "Feature", "properties": { "h3_id": "880b9a6649fffff", "h3_resolution": 8, "center_lat": 56.022647266467303, "center_lng": 92.983298972201524, "district_name": "Ленинский район", "total_levels": 134.0, "district_total_levels": 4826.0, "population_2020": 156777, "population_estimated": 4353, "pvz_count": 1, "pvz_per_10k_people": 2.2972662531587411 }, "geometry": { "type": "Polygon", "coordinates": [ [ [ 498529.335141674207989, 6208956.520558198913932 ], [ 498455.417577550397255, 6208408.599353917874396 ], [ 498885.092134731821716, 6208052.37637195456773 ], [ 499388.661265583941713, 6208244.081179097294807 ], [ 499462.562449905846734, 6208791.985502811148763 ], [ 499032.910881630436052, 6209148.201898032799363 ], [ 498529.335141674207989, 6208956.520558198913932 ] ] ] } },
{ "type": "Feature", "properties": { "h3_id": "880b9a7589fffff", "h3_resolution": 8, "center_lat": 55.97980558248593, "center_lng": 92.957697576340479, "district_name": "Кировский район", "total_levels": 15.0, "district_total_levels": 5412.0, "population_2020": 125182, "population_estimated": 347, "pvz_count": 0, "pvz_per_10k_people": 0.0 }, "geometry": { "type": "Polygon", "coordinates": [ [ [ 496930.558807649242226, 6204189.048484531231225 ], [ 496856.605437448539305, 6203640.966412823647261 ], [ 497286.368538054754026, 6203284.73305691499263 ], [ 497790.062022019410506, 6203476.588293917477131 ], [ 497863.999063142226078, 6204024.653453398495913 ], [ 497434.258947835187428, 6204380.88028618413955 ], [ 496930.558807649242226, 6204189.048484531231225 ] ] ] } },
{ "type": "Feature", "properties": { "h3_id": "880b9a644bfffff", "h3_resolution": 8, "center_lat": 56.018908667666366, "center_lng": 93.097326835789872, "district_name": "Ленинский район", "total_levels": 0.0, "district_total_levels": 4826.0, "population_2020": 156777, "population_estimated": 0, "pvz_count": 0, "pvz_per_10k_people": 0.0 }, "geometry": { "type": "Polygon", "coordinates": [ [ [ 505637.625346837099642, 6208544.462664642371237 ], [ 505563.833845962421037, 6207996.692070328630507 ], [ 505993.312498593935743, 6207640.576829533092678 ], [ 506496.559684231586289, 6207832.238758219406009 ], [ 506570.334830800595228, 6208379.992479044944048 ], [ 506140.879144494305365, 6208736.101142760366201 ], [ 505637.625346837099642, 6208544.462664642371237 ] ] ] } },
{ "type": "Feature", "properties": { "h3_id": "880b9a661dfffff", "h3_resolution": 8, "center_lat": 56.039617727315651, "center_lng": 93.041044498318087, "district_name": "Ленинский район", "total_levels": 0.0, "district_total_levels": 4826.0, "population_2020": 156777, "population_estimated": 0, "pvz_count": 0, "pvz_per_10k_people": 0.0 }, "geometry": { "type": "Polygon", "coordinates": [ [ [ 502127.687128027901053, 6210845.881684725172818 ], [ 502053.836755460419226, 6210298.091709339059889 ], [ 502483.393004611949436, 6209941.917410115711391 ], [ 502986.776643562538084, 6210133.539694582112134 ], [ 503060.610624895838555, 6210681.312805968336761 ], [ 502631.077356964873616, 6211037.480494971387088 ], [ 502127.687128027901053, 6210845.881684725172818 ] ] ] } },
{ "type": "Feature", "properties": { "h3_id": "880b9a775bfffff", "h3_resolution": 8, "center_lat": 55.96777203075419, "center_lng": 92.77105473162139, "district_name": "Свердловский район", "total_levels": 195.0, "district_total_levels": 8998.0, "population_2020": 163470, "population_estimated": 3543, "pvz_count": 0, "pvz_per_10k_people": 0.0 }, "geometry": { "type": "Polygon", "coordinates": [ [ [ 485279.223521106003318, 6202872.777187653817236 ], [ 485205.06140803033486, 6202324.396241716109216 ], [ 485635.163183379743714, 6201967.99203731585294 ], [ 486139.404051667079329, 6202159.975288860499859 ], [ 486213.549817266059108, 6202708.339298614300787 ], [ 485783.47106050531147, 6203064.736991084180772 ], [ 485279.223521106003318, 6202872.777187653817236 ] ] ] } },
{ "type": "Feature", "properties": { "h3_id": "880b9a755dfffff", "h3_resolution": 8, "center_lat": 55.942800501963085, "center_lng": 92.87233281616696, "district_name": "Свердловский район", "total_levels": 0.0, "district_total_levels": 8998.0, "population_2020": 163470, "population_estimated": 0, "pvz_count": 0, "pvz_per_10k_people": 0.0 }, "geometry": { "type": "Polygon", "coordinates": [ [ [ 491595.979873124277219, 6200077.129732999019325 ], [ 491521.925770263071172, 6199528.819554772228003 ], [ 491951.876229383633472, 6199172.518287435173988 ], [ 492455.857795549265575, 6199364.533666842617095 ], [ 492529.895601731084753, 6199912.826900196261704 ], [ 492099.96813688299153, 6200269.121697089634836 ], [ 491595.979873124277219, 6200077.129732999019325 ] ] ] } },
{ "type": "Feature", "properties": { "h3_id": "880b9a0dbbfffff", "h3_resolution": 8, "center_lat": 55.963995434083984, "center_lng": 92.731872966568659, "district_name": "Свердловский район", "total_levels": 15.0, "district_total_levels": 8998.0, "population_2020": 163470, "population_estimated": 273, "pvz_count": 0, "pvz_per_10k_people": 0.0 }, "geometry": { "type": "Polygon", "coordinates": [ [ [ 482831.815622694499325, 6202461.283663512207568 ], [ 482757.609544334816746, 6201912.836427779868245 ], [ 483187.783572246727999, 6201556.396737085655332 ], [ 483692.140651656372938, 6201748.410787944681942 ], [ 483766.330380272585899, 6202296.841081626713276 ], [ 483336.179377678432502, 6202653.274264576844871 ], [ 482831.815622694499325, 6202461.283663512207568 ] ] ] } },
{ "type": "Feature", "properties": { "h3_id": "880b9a755bfffff", "h3_resolution": 8, "center_lat": 55.957582958118195, "center_lng": 92.87584186184128, "district_name": "Свердловский район", "total_levels": 0.0, "district_total_levels": 8998.0, "population_2020": 163470, "population_estimated": 0, "pvz_count": 0, "pvz_per_10k_people": 0.0 }, "geometry": { "type": "Polygon", "coordinates": [ [ [ 491818.129534356237855, 6201721.964722060598433 ], [ 491744.081756738305558, 6201173.70232408773154 ], [ 492174.01092534174677, 6200817.399523711763322 ], [ 492677.964873476768844, 6201009.365611995570362 ], [ 492751.996335910225753, 6201557.611075554974377 ], [ 492322.09016384993447, 6201913.907383322715759 ], [ 491818.129534356237855, 6201721.964722060598433 ] ] ] } },
{ "type": "Feature", "properties": { "h3_id": "880b9a7759fffff", "h3_resolution": 8, "center_lat": 55.961102279632073, "center_lng": 92.761829029639742, "district_name": "Свердловский район", "total_levels": 0.0, "district_total_levels": 8998.0, "population_2020": 163470, "population_estimated": 0, "pvz_count": 0, "pvz_per_10k_people": 0.0 }, "geometry": { "type": "Polygon", "coordinates": [ [ [ 484700.77957222861005, 6202132.410539920441806 ], [ 484626.60618874168722, 6201583.997188035398722 ], [ 485056.730983121669851, 6201227.586481413803995 ], [ 485561.006140412879176, 6201419.595626974478364 ], [ 485635.163183379743714, 6201967.99203731585294 ], [ 485205.06140803033486, 6202324.396241716109216 ], [ 484700.77957222861005, 6202132.410539920441806 ] ] ] } },
{ "type": "Feature", "properties": { "h3_id": "880b9a661bfffff", "h3_resolution": 8, "center_lat": 56.054381087117079, "center_lng": 93.044616949584082, "district_name": "Ленинский район", "total_levels": 0.0, "district_total_levels": 4826.0, "population_2020": 156777, "population_estimated": 0, "pvz_count": 0, "pvz_per_10k_people": 0.0 }, "geometry": { "type": "Polygon", "coordinates": [ [ [ 502349.225037280644756, 6212489.155261623673141 ], [ 502275.381270486745052, 6211941.413468271493912 ], [ 502704.91622759058373, 6211585.237958263605833 ], [ 503208.2719664813485, 6211776.810871999710798 ], [ 503282.099323638074566, 6212324.535811830312014 ], [ 502852.58734999364242, 6212680.704689531587064 ], [ 502349.225037280644756, 6212489.155261623673141 ] ] ] } },
{ "type": "Feature", "properties": { "h3_id": "880b9a0d91fffff", "h3_resolution": 8, "center_lat": 55.973556648519107, "center_lng": 92.711128673656887, "district_name": "Октябрьский район", "total_levels": 24.0, "district_total_levels": 17839.0, "population_2020": 186772, "population_estimated": 251, "pvz_count": 0, "pvz_per_10k_people": 0.0 }, "geometry": { "type": "Polygon", "coordinates": [ [ [ 481541.262673565594014, 6203530.649143978022039 ], [ 481467.035124453308526, 6202982.200450801290572 ], [ 481897.235314688005019, 6202625.738286648876965 ], [ 482401.640021328988951, 6202817.731336731463671 ], [ 482475.851204512466211, 6203366.163092719390988 ], [ 482045.674045438761823, 6203722.618733889423311 ], [ 481541.262673565594014, 6203530.649143978022039 ] ] ] } },
{ "type": "Feature", "properties": { "h3_id": "880b9a7587fffff", "h3_resolution": 8, "center_lat": 55.976858414412696, "center_lng": 92.987614471591002, "district_name": "Кировский район", "total_levels": 0.0, "district_total_levels": 5412.0, "population_2020": 125182, "population_estimated": 0, "pvz_count": 0, "pvz_per_10k_people": 0.0 }, "geometry": { "type": "Polygon", "coordinates": [ [ [ 498797.373568292765412, 6203860.270448765717447 ], [ 498723.452851628186181, 6203312.222201256081462 ], [ 499153.166513348638546, 6202956.017785913310945 ], [ 499656.77791121014161, 6203147.868133769370615 ], [ 499730.682308034505695, 6203695.899469554424286 ], [ 499300.991625295719132, 6204052.097367290407419 ], [ 498797.373568292765412, 6203860.270448765717447 ] ] ] } },
{ "type": "Feature", "properties": { "h3_id": "880b9a6647fffff", "h3_resolution": 8, "center_lat": 56.019691387692873, "center_lng": 93.013240195437916, "district_name": "Ленинский район", "total_levels": 56.0, "district_total_levels": 4826.0, "population_2020": 156777, "population_estimated": 1819, "pvz_count": 2, "pvz_per_10k_people": 10.995052226498077 }, "geometry": { "type": "Polygon", "coordinates": [ [ [ 500395.724034335813485, 6208627.462475080043077 ], [ 500321.839225192961749, 6208079.575031686574221 ], [ 500751.46442075347295, 6207723.380959804169834 ], [ 501254.951441319193691, 6207915.080910615622997 ], [ 501328.819879912072793, 6208462.951473935507238 ], [ 500899.217666944023222, 6208819.138964602723718 ], [ 500395.724034335813485, 6208627.462475080043077 ] ] ] } },
{ "type": "Feature", "properties": { "h3_id": "880b9a74d9fffff", "h3_resolution": 8, "center_lat": 56.05436756562419, "center_lng": 92.891211593421943, "district_name": "Советский район", "total_levels": 243.0, "district_total_levels": 14302.0, "population_2020": 368563, "population_estimated": 6262, "pvz_count": 5, "pvz_per_10k_people": 7.9846694346854044 }, "geometry": { "type": "Polygon", "coordinates": [ [ [ 492794.838912055478431, 6212492.232083258219063 ], [ 492720.824372372590005, 6211944.273454532958567 ], [ 493150.626940841728356, 6211587.954661536030471 ], [ 493654.421034689934459, 6211779.601133242249489 ], [ 493728.419136812037323, 6212327.542895545251667 ], [ 493298.63958109752275, 6212683.855050647631288 ], [ 492794.838912055478431, 6212492.232083258219063 ] ] ] } },
{ "type": "Feature", "properties": { "h3_id": "880b9a76abfffff", "h3_resolution": 8, "center_lat": 56.035864014768087, "center_lng": 92.848454922412174, "district_name": "Центральный район", "total_levels": 593.0, "district_total_levels": 8464.0, "population_2020": 86061, "population_estimated": 6030, "pvz_count": 0, "pvz_per_10k_people": 0.0 }, "geometry": { "type": "Polygon", "coordinates": [ [ [ 490127.334285019489471, 6210437.877477953210473 ], [ 490053.269094391376711, 6209889.804337544366717 ], [ 490483.165290974604432, 6209533.451227615587413 ], [ 490987.103659373242408, 6209725.177867819555104 ], [ 491061.15242854191456, 6210273.234125459566712 ], [ 490631.279249225161038, 6210629.580623750574887 ], [ 490127.334285019489471, 6210437.877477953210473 ] ] ] } },
{ "type": "Feature", "properties": { "h3_id": "880b9a75b3fffff", "h3_resolution": 8, "center_lat": 55.988674672023748, "center_lng": 93.021081833658528, "district_name": "Ленинский район", "total_levels": 223.0, "district_total_levels": 4826.0, "population_2020": 156777, "population_estimated": 7244, "pvz_count": 2, "pvz_per_10k_people": 2.7609055770292659 }, "geometry": { "type": "Polygon", "coordinates": [ [ [ 500885.576447858882602, 6205175.488028797321022 ], [ 500811.694899942260236, 6204627.521491333842278 ], [ 501241.337876272271387, 6204271.344584671780467 ], [ 501744.83942405343987, 6204463.140747777186334 ], [ 501818.704642915865406, 6205011.090384478680789 ], [ 501389.084641507943161, 6205367.260756918229163 ], [ 500885.576447858882602, 6205175.488028797321022 ] ] ] } },
{ "type": "Feature", "properties": { "h3_id": "880b9a291bfffff", "h3_resolution": 8, "center_lat": 56.111237334286507, "center_lng": 93.004647440024797, "district_name": "Советский район", "total_levels": 0.0, "district_total_levels": 14302.0, "population_2020": 368563, "population_estimated": 0, "pvz_count": 0, "pvz_per_10k_people": 0.0 }, "geometry": { "type": "Polygon", "coordinates": [ [ [ 499859.478396212740336, 6218816.353559312410653 ], [ 499785.600163892493583, 6218268.722067029215395 ], [ 500215.146505818527658, 6217912.49221702478826 ], [ 500718.548076213162858, 6218103.900576654821634 ], [ 500792.409818289277609, 6218651.515251295641065 ], [ 500362.886478665110189, 6219007.738382041454315 ], [ 499859.478396212740336, 6218816.353559312410653 ] ] ] } },
{ "type": "Feature", "properties": { "h3_id": "880b9a74adfffff", "h3_resolution": 8, "center_lat": 56.010824503492998, "center_lng": 92.949808869639853, "district_name": "Ленинский район", "total_levels": 239.0, "district_total_levels": 4826.0, "population_2020": 156777, "population_estimated": 7764, "pvz_count": 4, "pvz_per_10k_people": 5.1519835136527563 }, "geometry": { "type": "Polygon", "coordinates": [ [ [ 496440.825928661040962, 6207641.713770101778209 ], [ 496366.86912158987252, 6207093.71073112078011 ], [ 496796.614330298674759, 6206737.460143147036433 ], [ 497300.293351565429475, 6206929.219162388704717 ], [ 497374.233788024983369, 6207477.205309838987887 ], [ 496944.511572282412089, 6207833.449327659793198 ], [ 496440.825928661040962, 6207641.713770101778209 ] ] ] } },
{ "type": "Feature", "properties": { "h3_id": "880b9a29e7fffff", "h3_resolution": 8, "center_lat": 56.105297529008112, "center_lng": 93.064636203221269, "district_name": "Советский район", "total_levels": 0.0, "district_total_levels": 14302.0, "population_2020": 368563, "population_estimated": 0, "pvz_count": 0, "pvz_per_10k_people": 0.0 }, "geometry": { "type": "Polygon", "coordinates": [ [ [ 503590.8101823758916, 6218157.072514870204031 ], [ 503516.997883149597328, 6217609.508291740901768 ], [ 503946.445850221440196, 6217253.336142147891223 ], [ 504449.683125285780989, 6217444.73492194712162 ], [ 504523.478952855744865, 6217992.28232837934047 ], [ 504094.053975470829755, 6218348.447769807651639 ], [ 503590.8101823758916, 6218157.072514870204031 ] ] ] } },
{ "type": "Feature", "properties": { "h3_id": "880b9a2947fffff", "h3_resolution": 8, "center_lat": 56.076548155906863, "center_lng": 92.973254854549467, "district_name": "Советский район", "total_levels": 6.0, "district_total_levels": 14302.0, "population_2020": 368563, "population_estimated": 155, "pvz_count": 0, "pvz_per_10k_people": 0.0 }, "geometry": { "type": "Polygon", "coordinates": [ [ [ 497905.632607483537868, 6214955.814540385268629 ], [ 497831.713250665634405, 6214408.036776933819056 ], [ 498261.350016372860409, 6214051.787915299646556 ], [ 498764.88313587824814, 6214243.323483442887664 ], [ 498838.786041468614712, 6214791.084402656182647 ], [ 498409.172277232341003, 6215147.326596054248512 ], [ 497905.632607483537868, 6214955.814540385268629 ] ] ] } },
{ "type": "Feature", "properties": { "h3_id": "880b9a3927fffff", "h3_resolution": 8, "center_lat": 56.036481335117756, "center_lng": 92.764222826594292, "district_name": "Октябрьский район", "total_levels": 298.0, "district_total_levels": 17839.0, "population_2020": 186772, "population_estimated": 3120, "pvz_count": 2, "pvz_per_10k_people": 6.4102564102564106 }, "geometry": { "type": "Polygon", "coordinates": [ [ [ 484878.928620930877514, 6210521.376102484762669 ], [ 484804.769908451940864, 6209973.185992158018053 ], [ 485234.811925697431434, 6209616.753950082696974 ], [ 485738.989620440232102, 6209808.518632217310369 ], [ 485813.131895241036545, 6210356.691853183321655 ], [ 485383.112911426345818, 6210713.117279456928372 ], [ 484878.928620930877514, 6210521.376102484762669 ] ] ] } },
{ "type": "Feature", "properties": { "h3_id": "880b9a7481fffff", "h3_resolution": 8, "center_lat": 56.035189619844232, "center_lng": 92.932648042642143, "district_name": "Советский район", "total_levels": 9.0, "district_total_levels": 14302.0, "population_2020": 368563, "population_estimated": 232, "pvz_count": 0, "pvz_per_10k_people": 0.0 }, "geometry": { "type": "Polygon", "coordinates": [ [ [ 495373.480567894002888, 6210354.42833212018013 ], [ 495299.508864164701663, 6209806.472113243304193 ], [ 495729.259024873725139, 6209450.197901012375951 ], [ 496232.957886698131915, 6209641.886513222008944 ], [ 496306.913185203855392, 6210189.825855915434659 ], [ 495877.186025562696159, 6210546.093460669741035 ], [ 495373.480567894002888, 6210354.42833212018013 ] ] ] } },
{ "type": "Feature", "properties": { "h3_id": "880b9a740dfffff", "h3_resolution": 8, "center_lat": 55.981946380145409, "center_lng": 92.85865366548704, "district_name": "Свердловский район", "total_levels": 434.0, "district_total_levels": 8998.0, "population_2020": 163470, "population_estimated": 7885, "pvz_count": 4, "pvz_per_10k_people": 5.0729232720355109 }, "geometry": { "type": "Polygon", "coordinates": [ [ [ 490750.505299889075104, 6204435.615401445887983 ], [ 490676.442513511341531, 6203887.399420884437859 ], [ 491106.376699023123365, 6203531.07269739639014 ], [ 491610.350664696714375, 6203722.96848254557699 ], [ 491684.397101222013589, 6204271.167544024065137 ], [ 491254.485920379287563, 6204627.487737515941262 ], [ 490750.505299889075104, 6204435.615401445887983 ] ] ] } },
{ "type": "Feature", "properties": { "h3_id": "880b9a760bfffff", "h3_resolution": 8, "center_lat": 56.006912967015175, "center_lng": 92.757267488034657, "district_name": "Октябрьский район", "total_levels": 106.0, "district_total_levels": 17839.0, "population_2020": 186772, "population_estimated": 1110, "pvz_count": 0, "pvz_per_10k_people": 0.0 }, "geometry": { "type": "Polygon", "coordinates": [ [ [ 484433.945196225831751, 6207231.994625148363411 ], [ 484359.774034816771746, 6206683.70824068877846 ], [ 484789.859073668485507, 6206327.278788513503969 ], [ 485294.092243433056865, 6206519.142290376126766 ], [ 485368.247004152857699, 6207067.411764486692846 ], [ 484938.184994246228598, 6207423.834645164199173 ], [ 484433.945196225831751, 6207231.994625148363411 ] ] ] } },
{ "type": "Feature", "properties": { "h3_id": "880b9a7653fffff", "h3_resolution": 8, "center_lat": 56.023147068495284, "center_lng": 92.745745629779833, "district_name": "Октябрьский район", "total_levels": 246.0, "district_total_levels": 17839.0, "population_2020": 186772, "population_estimated": 2576, "pvz_count": 3, "pvz_per_10k_people": 11.645962732919255 }, "geometry": { "type": "Polygon", "coordinates": [ [ [ 483722.128169763309415, 6209041.403200027532876 ], [ 483647.946801930549555, 6208493.148019093088806 ], [ 484078.034887387708295, 6208136.70277448091656 ], [ 484582.281304793956224, 6208328.519305306486785 ], [ 484656.446248812309932, 6208876.757586140185595 ], [ 484226.381197686714586, 6209233.19623432867229 ], [ 483722.128169763309415, 6209041.403200027532876 ] ] ] } },
{ "type": "Feature", "properties": { "h3_id": "880b9a7455fffff", "h3_resolution": 8, "center_lat": 55.998186930366479, "center_lng": 92.847183115830092, "district_name": "Железнодорожный район", "total_levels": 52.0, "district_total_levels": 3954.0, "population_2020": 100946, "population_estimated": 1328, "pvz_count": 0, "pvz_per_10k_people": 0.0 }, "geometry": { "type": "Polygon", "coordinates": [ [ [ 490038.772651701874565, 6206244.678059985861182 ], [ 489964.699825099960435, 6205696.493133896961808 ], [ 490394.637276581139304, 6205340.150534462183714 ], [ 490898.624543038255069, 6205531.999414109624922 ], [ 490972.680996678536758, 6206080.167431338690221 ], [ 490542.766555276233703, 6206436.503475865349174 ], [ 490038.772651701874565, 6206244.678059985861182 ] ] ] } },
{ "type": "Feature", "properties": { "h3_id": "880b9a7439fffff", "h3_resolution": 8, "center_lat": 55.993800769970505, "center_lng": 92.892111543094302, "district_name": "Свердловский район", "total_levels": 366.0, "district_total_levels": 8998.0, "population_2020": 163470, "population_estimated": 6649, "pvz_count": 4, "pvz_per_10k_people": 6.0159422469544293 }, "geometry": { "type": "Polygon", "coordinates": [ [ [ 492840.300780978519469, 6205751.182277716696262 ], [ 492766.277059396670666, 6205203.048077460378408 ], [ 493196.140583777509164, 6204846.748895480297506 ], [ 493700.004827573429793, 6205038.590458456426859 ], [ 493774.012190059060231, 6205586.707750597968698 ], [ 493344.171666301263031, 6205943.000385960564017 ], [ 492840.300780978519469, 6205751.182277716696262 ] ] ] } },
{ "type": "Feature", "properties": { "h3_id": "880b9a7627fffff", "h3_resolution": 8, "center_lat": 55.979654840964265, "center_lng": 92.804492207437534, "district_name": "Свердловский район", "total_levels": 400.0, "district_total_levels": 8998.0, "population_2020": 163470, "population_estimated": 7267, "pvz_count": 5, "pvz_per_10k_people": 6.8804183294344297 }, "geometry": { "type": "Polygon", "coordinates": [ [ [ 487370.186294517130591, 6204188.858884641900659 ], [ 487296.063118589867372, 6203640.559710402041674 ], [ 487726.094235027849209, 6203284.183022327721119 ], [ 488230.22551129036583, 6203476.11203514970839 ], [ 488304.332330456119962, 6204024.394284191541374 ], [ 487874.324228577839676, 6204380.764443685300648 ], [ 487370.186294517130591, 6204188.858884641900659 ] ] ] } },
{ "type": "Feature", "properties": { "h3_id": "880b9a7637fffff", "h3_resolution": 8, "center_lat": 56.001102470631004, "center_lng": 92.817219936551666, "district_name": "Октябрьский район", "total_levels": 173.0, "district_total_levels": 17839.0, "population_2020": 186772, "population_estimated": 1811, "pvz_count": 0, "pvz_per_10k_people": 0.0 }, "geometry": { "type": "Polygon", "coordinates": [ [ [ 488170.759131761617027, 6206573.735426312312484 ], [ 488096.653545378416311, 6206025.516681759618223 ], [ 488526.64023220539093, 6205669.145134055987 ], [ 489030.709487500309478, 6205860.998889420181513 ], [ 489104.798691682051867, 6206409.200724619440734 ], [ 488674.8350212238729, 6206765.565711886622012 ], [ 488170.759131761617027, 6206573.735426312312484 ] ] ] } },
{ "type": "Feature", "properties": { "h3_id": "880b9a2b61fffff", "h3_resolution": 8, "center_lat": 56.070606177118584, "center_lng": 92.879735874078008, "district_name": "Центральный район", "total_levels": 23.0, "district_total_levels": 8464.0, "population_2020": 86061, "population_estimated": 234, "pvz_count": 0, "pvz_per_10k_people": 0.0 }, "geometry": { "type": "Polygon", "coordinates": [ [ [ 492083.273240067414008, 6214300.763213964179158 ], [ 492009.248661298537627, 6213752.836015970446169 ], [ 492439.054337603098247, 6213396.501612874679267 ], [ 492942.861572993861046, 6213588.10106863360852 ], [ 493016.869691127561964, 6214136.01141045987606 ], [ 492587.087032957002521, 6214492.339150781743228 ], [ 492083.273240067414008, 6214300.763213964179158 ] ] ] } },
{ "type": "Feature", "properties": { "h3_id": "880b9a7429fffff", "h3_resolution": 8, "center_lat": 55.972363990872303, "center_lng": 92.879353274133138, "district_name": "Свердловский район", "total_levels": 70.0, "district_total_levels": 8998.0, "population_2020": 163470, "population_estimated": 1272, "pvz_count": 0, "pvz_per_10k_people": 0.0 }, "geometry": { "type": "Polygon", "coordinates": [ [ [ 492040.260191671724897, 6203366.656236405484378 ], [ 491966.218753389955964, 6202818.441685660742223 ], [ 492396.126610769133549, 6202462.137401429004967 ], [ 492900.052906073571648, 6202654.054180797189474 ], [ 492974.078010672295932, 6203202.251807596534491 ], [ 492544.193152106192429, 6203558.549577053636312 ], [ 492040.260191671724897, 6203366.656236405484378 ] ] ] } },
{ "type": "Feature", "properties": { "h3_id": "880b9a0cb5fffff", "h3_resolution": 8, "center_lat": 56.004580102449104, "center_lng": 92.703051683907347, "district_name": "Октябрьский район", "total_levels": 13.0, "district_total_levels": 17839.0, "population_2020": 186772, "population_estimated": 136, "pvz_count": 0, "pvz_per_10k_people": 0.0 }, "geometry": { "type": "Polygon", "coordinates": [ [ [ 481052.02929788682377, 6206985.605107241310179 ], [ 480977.797626682498958, 6206437.235489534214139 ], [ 481407.979364386061206, 6206080.756031963974237 ], [ 481912.36973293608753, 6206272.652760281227529 ], [ 481986.584996531775687, 6206821.005461525171995 ], [ 481556.426297636819072, 6207177.478348995558918 ], [ 481052.02929788682377, 6206985.605107241310179 ] ] ] } },
{ "type": "Feature", "properties": { "h3_id": "880b9a7465fffff", "h3_resolution": 8, "center_lat": 55.959043675430785, "center_lng": 92.860878791790753, "district_name": "Свердловский район", "total_levels": 0.0, "district_total_levels": 8998.0, "population_2020": 163470, "population_estimated": 0, "pvz_count": 0, "pvz_per_10k_people": 0.0 }, "geometry": { "type": "Polygon", "coordinates": [ [ [ 490884.197045314882416, 6201886.330399992875755 ], [ 490810.132947897072881, 6201338.051067353226244 ], [ 491240.086804230988491, 6200981.733782676979899 ], [ 491744.081756738305558, 6201173.70232408773154 ], [ 491818.129534356237855, 6201721.964722060598433 ], [ 491388.198677721840795, 6202078.275511366315186 ], [ 490884.197045314882416, 6201886.330399992875755 ] ] ] } },
{ "type": "Feature", "properties": { "h3_id": "880b9a2963fffff", "h3_resolution": 8, "center_lat": 56.066948777815192, "center_lng": 92.993962390809642, "district_name": "Советский район", "total_levels": 0.0, "district_total_levels": 14302.0, "population_2020": 368563, "population_estimated": 0, "pvz_count": 0, "pvz_per_10k_people": 0.0 }, "geometry": { "type": "Polygon", "coordinates": [ [ [ 499194.495297029556241, 6213887.089061092585325 ], [ 499120.59733591141412, 6213339.312412882223725 ], [ 499550.207878281187732, 6212983.085776128806174 ], [ 500053.693384597077966, 6213174.642438711598516 ], [ 500127.57491065049544, 6213722.402237799949944 ], [ 499697.98736390756676, 6214078.622221515513957 ], [ 499194.495297029556241, 6213887.089061092585325 ] ] ] } },
{ "type": "Feature", "properties": { "h3_id": "880b9a2b35fffff", "h3_resolution": 8, "center_lat": 56.087618402785537, "center_lng": 92.937536055433014, "district_name": "Советский район", "total_levels": 0.0, "district_total_levels": 14302.0, "population_2020": 368563, "population_estimated": 0, "pvz_count": 0, "pvz_per_10k_people": 0.0 }, "geometry": { "type": "Polygon", "coordinates": [ [ [ 495683.398592036275659, 6216189.392108830623329 ], [ 495609.441332937392872, 6215641.596422410570085 ], [ 496039.128842210280709, 6215285.310915540903807 ], [ 496542.750598575046752, 6215476.827779384329915 ], [ 496616.691385644720867, 6216024.606626217253506 ], [ 496187.026886829757132, 6216380.885446879081428 ], [ 495683.398592036275659, 6216189.392108830623329 ] ] ] } },
{ "type": "Feature", "properties": { "h3_id": "880b9a7663fffff", "h3_resolution": 8, "center_lat": 55.984008786793318, "center_lng": 92.759549496056124, "district_name": "Октябрьский район", "total_levels": 114.0, "district_total_levels": 17839.0, "population_2020": 186772, "population_estimated": 1194, "pvz_count": 0, "pvz_per_10k_people": 0.0 }, "geometry": { "type": "Polygon", "coordinates": [ [ [ 484567.354659608216025, 6204682.324915580451488 ], [ 484493.182385695166886, 6204133.974964234046638 ], [ 484923.287338974536397, 6203777.554825905710459 ], [ 485427.541540625097696, 6203969.491173868998885 ], [ 485501.697443926939741, 6204517.824199263006449 ], [ 485071.615514640929177, 6204874.237800723873079 ], [ 484567.354659608216025, 6204682.324915580451488 ] ] ] } },
{ "type": "Feature", "properties": { "h3_id": "880b9a7491fffff", "h3_resolution": 8, "center_lat": 56.056609325291483, "center_lng": 92.945448429143838, "district_name": "Советский район", "total_levels": 441.0, "district_total_levels": 14302.0, "population_2020": 368563, "population_estimated": 11365, "pvz_count": 2, "pvz_per_10k_people": 1.759788825340959 }, "geometry": { "type": "Polygon", "coordinates": [ [ [ 496173.014135640230961, 6212737.691831321455538 ], [ 496099.060348428261932, 6212189.816350775770843 ], [ 496528.766121308028232, 6211833.547542392276227 ], [ 497032.402677005389705, 6212025.160851893015206 ], [ 497106.340033659012988, 6212573.019472108222544 ], [ 496676.657263627741486, 6212929.28164123557508 ], [ 496173.014135640230961, 6212737.691831321455538 ] ] ] } },
{ "type": "Feature", "properties": { "h3_id": "880b9a3937fffff", "h3_resolution": 8, "center_lat": 56.057927519705324, "center_lng": 92.776949888753265, "district_name": "Октябрьский район", "total_levels": 34.0, "district_total_levels": 17839.0, "population_2020": 186772, "population_estimated": 356, "pvz_count": 0, "pvz_per_10k_people": 0.0 }, "geometry": { "type": "Polygon", "coordinates": [ [ [ 485679.689860067795962, 6212905.650994976982474 ], [ 485605.548754684103187, 6212357.541702559217811 ], [ 486035.546194457041565, 6212001.115077236667275 ], [ 486539.661702851357404, 6212192.80439002905041 ], [ 486613.786345151776914, 6212740.896808956749737 ], [ 486183.811940590676386, 6213097.316786664538085 ], [ 485679.689860067795962, 6212905.650994976982474 ] ] ] } },
{ "type": "Feature", "properties": { "h3_id": "880b9a2937fffff", "h3_resolution": 8, "center_lat": 56.083903488287376, "center_lng": 93.05176909203999, "district_name": "Советский район", "total_levels": 0.0, "district_total_levels": 14302.0, "population_2020": 368563, "population_estimated": 0, "pvz_count": 0, "pvz_per_10k_people": 0.0 }, "geometry": { "type": "Polygon", "coordinates": [ [ [ 502792.241278311586939, 6215775.268177278339863 ], [ 502718.410764900152571, 6215227.622947920113802 ], [ 503147.903076030488592, 6214871.445163477212191 ], [ 503651.202911097498145, 6215062.919282940216362 ], [ 503725.016978091385681, 6215610.547679742798209 ], [ 503295.547654888126999, 6215966.71878772508353 ], [ 502792.241278311586939, 6215775.268177278339863 ] ] ] } },
{ "type": "Feature", "properties": { "h3_id": "880b9a6663fffff", "h3_resolution": 8, "center_lat": 56.010086698898164, "center_lng": 93.033906823642241, "district_name": "Ленинский район", "total_levels": 19.0, "district_total_levels": 4826.0, "population_2020": 156777, "population_estimated": 617, "pvz_count": 0, "pvz_per_10k_people": 0.0 }, "geometry": { "type": "Polygon", "coordinates": [ [ [ 501684.551941310055554, 6207558.901292788796127 ], [ 501610.688399075297639, 6207011.015153452754021 ], [ 502040.287170388852246, 6206654.843422999605536 ], [ 502543.72650566365337, 6206846.564395987428725 ], [ 502617.573693501821253, 6207394.43365038279444 ], [ 502187.997898914676625, 6207750.598814815282822 ], [ 501684.551941310055554, 6207558.901292788796127 ] ] ] } },
{ "type": "Feature", "properties": { "h3_id": "880b9a74bdfffff", "h3_resolution": 8, "center_lat": 56.032244831880327, "center_lng": 92.962609430122825, "district_name": "Советский район", "total_levels": 0.0, "district_total_levels": 14302.0, "population_2020": 368563, "population_estimated": 0, "pvz_count": 0, "pvz_per_10k_people": 0.0 }, "geometry": { "type": "Polygon", "coordinates": [ [ [ 497240.280138422036543, 6210025.23541148006916 ], [ 497166.341240508307237, 6209477.31294472515583 ], [ 497596.042124709638301, 6209121.067642315290868 ], [ 498099.658910510712303, 6209312.751406687311828 ], [ 498173.581412459316198, 6209860.656997745856643 ], [ 497743.903523022076115, 6210216.8956982139498 ], [ 497240.280138422036543, 6210025.23541148006916 ] ] ] } },
{ "type": "Feature", "properties": { "h3_id": "880b9a3963fffff", "h3_resolution": 8, "center_lat": 56.040826396855067, "center_lng": 92.719206804870993, "district_name": "Октябрьский район", "total_levels": 8.0, "district_total_levels": 17839.0, "population_2020": 186772, "population_estimated": 84, "pvz_count": 0, "pvz_per_10k_people": 0.0 }, "geometry": { "type": "Polygon", "coordinates": [ [ [ 482075.925880941271316, 6211015.501118066720665 ], [ 482001.717827650951222, 6210467.260338194668293 ], [ 482431.833407807163894, 6210110.784890098497272 ], [ 482936.133996859309264, 6210302.55684407427907 ], [ 483010.32559858460445, 6210850.780733853578568 ], [ 482580.233061272185296, 6211207.249557830393314 ], [ 482075.925880941271316, 6211015.501118066720665 ] ] ] } },
{ "type": "Feature", "properties": { "h3_id": "880b9a290bfffff", "h3_resolution": 8, "center_lat": 56.089834565010037, "center_lng": 92.991804731553742, "district_name": "Советский район", "total_levels": 0.0, "district_total_levels": 14302.0, "population_2020": 368563, "population_estimated": 0, "pvz_count": 0, "pvz_per_10k_people": 0.0 }, "geometry": { "type": "Polygon", "coordinates": [ [ [ 499060.481641173013486, 6216434.270460568368435 ], [ 498986.585295669967309, 6215886.557898622006178 ], [ 499416.176058897282928, 6215530.322383116930723 ], [ 499919.640165534394328, 6215721.806115193292499 ], [ 499993.520046053687111, 6216269.501843636855483 ], [ 499563.952283370541409, 6216625.730671598576009 ], [ 499060.481641173013486, 6216434.270460568368435 ] ] ] } },
{ "type": "Feature", "properties": { "h3_id": "880b9a74e9fffff", "h3_resolution": 8, "center_lat": 56.015232590736098, "center_lng": 92.90488179989201, "district_name": "Советский район", "total_levels": 0.0, "district_total_levels": 14302.0, "population_2020": 368563, "population_estimated": 0, "pvz_count": 0, "pvz_per_10k_people": 0.0 }, "geometry": { "type": "Polygon", "coordinates": [ [ [ 493640.208256167068612, 6208135.311335973441601 ], [ 493566.202309502288699, 6207587.257620910182595 ], [ 493996.021476139780134, 6207230.963644312694669 ], [ 494499.823585465084761, 6207422.729959308169782 ], [ 494573.81314764067065, 6207970.766782099381089 ], [ 494144.016983431240078, 6208327.054180252365768 ], [ 493640.208256167068612, 6208135.311335973441601 ] ] ] } },
{ "type": "Feature", "properties": { "h3_id": "880b9a76e7fffff", "h3_resolution": 8, "center_lat": 56.02254514777951, "center_lng": 92.829959636571189, "district_name": "Железнодорожный район", "total_levels": 383.0, "district_total_levels": 3954.0, "population_2020": 100946, "population_estimated": 9778, "pvz_count": 1, "pvz_per_10k_people": 1.0227040294538761 }, "geometry": { "type": "Polygon", "coordinates": [ [ [ 488971.199393659771886, 6208958.214626989327371 ], [ 488897.111455169680994, 6208410.076446860097349 ], [ 489327.053687641222496, 6208053.710142707452178 ], [ 489831.060838886594865, 6208245.488609036430717 ], [ 489905.132369758386631, 6208793.609895661473274 ], [ 489475.213155456178356, 6209149.969607541337609 ], [ 488971.199393659771886, 6208958.214626989327371 ] ] ] } },
{ "type": "Feature", "properties": { "h3_id": "880b9a660bfffff", "h3_resolution": 8, "center_lat": 56.032976842244985, "center_lng": 93.031773952119352, "district_name": "Ленинский район", "total_levels": 49.0, "district_total_levels": 4826.0, "population_2020": 156777, "population_estimated": 1592, "pvz_count": 1, "pvz_per_10k_people": 6.2814070351758797 }, "geometry": { "type": "Polygon", "coordinates": [ [ [ 501550.412047547695693, 6210106.46700428891927 ], [ 501476.550184579158667, 6209558.644528186880052 ], [ 501906.129415410803631, 6209202.463628407567739 ], [ 502409.547525985457469, 6209394.111803368665278 ], [ 502483.393004611949436, 6209941.917410115711391 ], [ 502053.836755460419226, 6210298.091709339059889 ], [ 501550.412047547695693, 6210106.46700428891927 ] ] ] } },
{ "type": "Feature", "properties": { "h3_id": "880b9a0dd7fffff", "h3_resolution": 8, "center_lat": 55.968322293818453, "center_lng": 92.686922663794888, "district_name": "Свердловский район", "total_levels": 0.0, "district_total_levels": 8998.0, "population_2020": 163470, "population_estimated": 0, "pvz_count": 0, "pvz_per_10k_people": 0.0 }, "geometry": { "type": "Polygon", "coordinates": [ [ [ 480027.878108184086159, 6202954.683660977520049 ], [ 479953.622952921781689, 6202406.185597579926252 ], [ 480383.870756855409127, 6202049.702425799332559 ], [ 480888.350679763476364, 6202241.723831522278488 ], [ 480962.589471448154654, 6202790.204952112399042 ], [ 480532.364702255174052, 6203146.681607861071825 ], [ 480027.878108184086159, 6202954.683660977520049 ] ] ] } },
{ "type": "Feature", "properties": { "h3_id": "880b9a754bfffff", "h3_resolution": 8, "center_lat": 55.936138655414396, "center_lng": 92.863101507062495, "district_name": "Свердловский район", "total_levels": 0.0, "district_total_levels": 8998.0, "population_2020": 163470, "population_estimated": 0, "pvz_count": 0, "pvz_per_10k_people": 0.0 }, "geometry": { "type": "Polygon", "coordinates": [ [ [ 491017.9032020639861, 6199336.801716630347073 ], [ 490943.837796429055743, 6198788.459198256023228 ], [ 491373.811250265454873, 6198432.151470184326172 ], [ 491877.827113477222156, 6198624.192719293758273 ], [ 491951.876229383633472, 6199172.518287435173988 ], [ 491521.925770263071172, 6199528.819554772228003 ], [ 491017.9032020639861, 6199336.801716630347073 ] ] ] } },
{ "type": "Feature", "properties": { "h3_id": "880b9a7713fffff", "h3_resolution": 8, "center_lat": 55.970080210287271, "center_lng": 92.825208623863901, "district_name": "Свердловский район", "total_levels": 21.0, "district_total_levels": 8998.0, "population_2020": 163470, "population_estimated": 382, "pvz_count": 0, "pvz_per_10k_people": 0.0 }, "geometry": { "type": "Polygon", "coordinates": [ [ [ 488660.231995671638288, 6203119.749829170294106 ], [ 488586.130214101402089, 6202571.452092329971492 ], [ 489016.13506525097182, 6202215.097854426130652 ], [ 489520.218687718792353, 6202407.04786479845643 ], [ 489594.30412870447617, 6202955.328671577386558 ], [ 489164.322286261769477, 6203311.67639612685889 ], [ 488660.231995671638288, 6203119.749829170294106 ] ] ] } },
{ "type": "Feature", "properties": { "h3_id": "880b9a771dfffff", "h3_resolution": 8, "center_lat": 55.956749689360109, "center_lng": 92.80674688450884, "district_name": "Свердловский район", "total_levels": 0.0, "district_total_levels": 8998.0, "population_2020": 163470, "population_estimated": 0, "pvz_count": 0, "pvz_per_10k_people": 0.0 }, "geometry": { "type": "Polygon", "coordinates": [ [ [ 487503.733602583233733, 6201639.191145117394626 ], [ 487429.609226816508453, 6201090.828617107123137 ], [ 487859.660096707288176, 6200734.461381611414254 ], [ 488363.812331226945389, 6200926.463166148401797 ], [ 488437.920380309864413, 6201474.808753373101354 ], [ 488007.892520009540021, 6201831.169494925998151 ], [ 487503.733602583233733, 6201639.191145117394626 ] ] ] } },
{ "type": "Feature", "properties": { "h3_id": "880b9a7541fffff", "h3_resolution": 8, "center_lat": 55.928016624336983, "center_lng": 92.868826134744708, "district_name": "Свердловский район", "total_levels": 2.0, "district_total_levels": 8998.0, "population_2020": 163470, "population_estimated": 36, "pvz_count": 0, "pvz_per_10k_people": 0.0 }, "geometry": { "type": "Polygon", "coordinates": [ [ [ 491373.811250265454873, 6198432.151470184326172 ], [ 491299.750836263119709, 6197883.793578716926277 ], [ 491729.722565182484686, 6197527.493893617764115 ], [ 492233.731714563502464, 6197719.558546325191855 ], [ 492307.775850399513729, 6198267.89948246255517 ], [ 491877.827113477222156, 6198624.192719293758273 ], [ 491373.811250265454873, 6198432.151470184326172 ] ] ] } },
{ "type": "Feature", "properties": { "h3_id": "880b9a6601fffff", "h3_resolution": 8, "center_lat": 56.02485293060117, "center_lng": 93.037474457140931, "district_name": "Ленинский район", "total_levels": 0.0, "district_total_levels": 4826.0, "population_2020": 156777, "population_estimated": 0, "pvz_count": 1, "pvz_per_10k_people": 0.0 }, "geometry": { "type": "Polygon", "coordinates": [ [ [ 501906.129415410803631, 6209202.463628407567739 ], [ 501832.272451029042713, 6208654.625537680462003 ], [ 502261.849971585790627, 6208298.452498306520283 ], [ 502765.261476003390271, 6208490.12413586396724 ], [ 502839.102067566360347, 6209037.945352117531002 ], [ 502409.547525985457469, 6209394.111803368665278 ], [ 501906.129415410803631, 6209202.463628407567739 ] ] ] } },
{ "type": "Feature", "properties": { "h3_id": "880b9a76c5fffff", "h3_resolution": 8, "center_lat": 56.033576030924962, "center_lng": 92.794222646826, "district_name": "Железнодорожный район", "total_levels": 104.0, "district_total_levels": 3954.0, "population_2020": 100946, "population_estimated": 2655, "pvz_count": 2, "pvz_per_10k_people": 7.5329566854990579 }, "geometry": { "type": "Polygon", "coordinates": [ [ [ 486747.269658055913169, 6210192.019646706990898 ], [ 486673.143816307885572, 6209643.863314855843782 ], [ 487103.136742068862077, 6209287.460206835530698 ], [ 487607.232480877544731, 6209479.220039007253945 ], [ 487681.34189420187613, 6210027.359481984749436 ], [ 487251.371995589521248, 6210383.755979743786156 ], [ 486747.269658055913169, 6210192.019646706990898 ] ] ] } },
{ "type": "Feature", "properties": { "h3_id": "880b9a396dfffff", "h3_resolution": 8, "center_lat": 56.02748436029011, "center_lng": 92.70073756280874, "district_name": "Октябрьский район", "total_levels": 115.0, "district_total_levels": 17839.0, "population_2020": 186772, "population_estimated": 1204, "pvz_count": 0, "pvz_per_10k_people": 0.0 }, "geometry": { "type": "Polygon", "coordinates": [ [ [ 480918.781023443618324, 6209535.412311402149498 ], [ 480844.550356416031718, 6208987.106428689323366 ], [ 481274.712023609026801, 6208630.617761436849833 ], [ 481779.081312536378391, 6208822.44157971162349 ], [ 481853.295541871804744, 6209370.730561587959528 ], [ 481423.156918423308525, 6209727.212624105624855 ], [ 480918.781023443618324, 6209535.412311402149498 ] ] ] } },
{ "type": "Feature", "properties": { "h3_id": "880b9a74c7fffff", "h3_resolution": 8, "center_lat": 56.03000703251017, "center_lng": 92.908407502980751, "district_name": "Советский район", "total_levels": 407.0, "district_total_levels": 14302.0, "population_2020": 368563, "population_estimated": 10488, "pvz_count": 4, "pvz_per_10k_people": 3.8138825324180017 }, "geometry": { "type": "Polygon", "coordinates": [ [ [ 493862.213271081156563, 6209779.376287470571697 ], [ 493788.213738517893944, 6209231.3706766795367 ], [ 494218.011527363560162, 6208875.075407982803881 ], [ 494721.785842554818373, 6209066.792348735965788 ], [ 494795.768972174089868, 6209614.781077737919986 ], [ 494365.994188000855502, 6209971.06974586378783 ], [ 493862.213271081156563, 6209779.376287470571697 ] ] ] } },
{ "type": "Feature", "properties": { "h3_id": "880b9a6759fffff", "h3_resolution": 8, "center_lat": 55.987194231420887, "center_lng": 93.036037381874607, "district_name": "Ленинский район", "total_levels": 0.0, "district_total_levels": 4826.0, "population_2020": 156777, "population_estimated": 0, "pvz_count": 0, "pvz_per_10k_people": 0.0 }, "geometry": { "type": "Polygon", "coordinates": [ [ [ 501818.704642915865406, 6205011.090384478680789 ], [ 501744.83942405343987, 6204463.140747777186334 ], [ 502174.457662674889434, 6204106.978304229676723 ], [ 502677.918146857758984, 6204298.772026929073036 ], [ 502751.767041286511812, 6204846.704763120040298 ], [ 502322.1717744236812, 6205202.860675200819969 ], [ 501818.704642915865406, 6205011.090384478680789 ] ] ] } },
{ "type": "Feature", "properties": { "h3_id": "880b9a662dfffff", "h3_resolution": 8, "center_lat": 56.00047913823628, "center_lng": 93.054561926064736, "district_name": "Ленинский район", "total_levels": 45.0, "district_total_levels": 4826.0, "population_2020": 156777, "population_estimated": 1462, "pvz_count": 0, "pvz_per_10k_people": 0.0 }, "geometry": { "type": "Polygon", "coordinates": [ [ [ 502973.300558582996018, 6206490.407121033407748 ], [ 502899.458248699607793, 6205942.522317593917251 ], [ 503329.030544254172128, 6205586.3729466535151 ], [ 503832.422177292057313, 6205778.114928059279919 ], [ 503906.248148926824797, 6206325.98284169845283 ], [ 503476.698824230581522, 6206682.125661814585328 ], [ 502973.300558582996018, 6206490.407121033407748 ] ] ] } },
{ "type": "Feature", "properties": { "h3_id": "880b9a2901fffff", "h3_resolution": 8, "center_lat": 56.081713071965943, "center_lng": 92.997521667269197, "district_name": "Советский район", "total_levels": 0.0, "district_total_levels": 14302.0, "population_2020": 368563, "population_estimated": 0, "pvz_count": 0, "pvz_per_10k_people": 0.0 }, "geometry": { "type": "Polygon", "coordinates": [ [ [ 499416.176058897282928, 6215530.322383116930723 ], [ 499342.284660076082218, 6214982.594053613953292 ], [ 499771.873822910769377, 6214626.366296732798219 ], [ 500275.331385160970967, 6214817.873542563989758 ], [ 500349.206330512941349, 6215365.585033435374498 ], [ 499919.640165534394328, 6215721.806115193292499 ], [ 499416.176058897282928, 6215530.322383116930723 ] ] ] } },
{ "type": "Feature", "properties": { "h3_id": "880b9a7599fffff", "h3_resolution": 8, "center_lat": 56.001228908881629, "center_lng": 92.970492267318804, "district_name": "Кировский район", "total_levels": 126.0, "district_total_levels": 5412.0, "population_2020": 125182, "population_estimated": 2914, "pvz_count": 1, "pvz_per_10k_people": 3.4317089910775564 }, "geometry": { "type": "Polygon", "coordinates": [ [ [ 497730.013887922395952, 6206572.983035973273218 ], [ 497656.078391729388386, 6206024.981330689042807 ], [ 498085.797232990909833, 6205668.753110222518444 ], [ 498589.428581789834425, 6205860.533148065209389 ], [ 498663.347723528800998, 6206408.517956952564418 ], [ 498233.651869376248214, 6206764.739622470922768 ], [ 497730.013887922395952, 6206572.983035973273218 ] ] ] } },
{ "type": "Feature", "properties": { "h3_id": "880b9a6659fffff", "h3_resolution": 8, "center_lat": 56.044060647655037, "center_lng": 92.996117706636198, "district_name": "Советский район", "total_levels": 0.0, "district_total_levels": 14302.0, "population_2020": 368563, "population_estimated": 0, "pvz_count": 0, "pvz_per_10k_people": 0.0 }, "geometry": { "type": "Polygon", "coordinates": [ [ [ 499328.522254078823607, 6211339.660481751896441 ], [ 499254.622680022439454, 6210791.819912916049361 ], [ 499684.252928422531113, 6210435.602272455580533 ], [ 500187.759758642991073, 6210627.231817437335849 ], [ 500261.642927570734173, 6211175.055521545931697 ], [ 499832.035669862991199, 6211531.266543487086892 ], [ 499328.522254078823607, 6211339.660481751896441 ] ] ] } },
{ "type": "Feature", "properties": { "h3_id": "880b9a749bfffff", "h3_resolution": 8, "center_lat": 56.064730128851913, "center_lng": 92.939723392326911, "district_name": "Советский район", "total_levels": 622.0, "district_total_levels": 14302.0, "population_2020": 368563, "population_estimated": 16029, "pvz_count": 6, "pvz_per_10k_people": 3.7432154220475393 }, "geometry": { "type": "Polygon", "coordinates": [ [ [ 495817.265528667659964, 6213641.828220685943961 ], [ 495743.306764613371342, 6213093.968445932492614 ], [ 496173.014135640230961, 6212737.691831321455538 ], [ 496676.657263627741486, 6212929.28164123557508 ], [ 496750.599585593212396, 6213477.12456077709794 ], [ 496320.915220109862275, 6213833.394523703493178 ], [ 495817.265528667659964, 6213641.828220685943961 ] ] ] } },
{ "type": "Feature", "properties": { "h3_id": "880b9a75c5fffff", "h3_resolution": 8, "center_lat": 55.966500512737639, "center_lng": 92.939202907389614, "district_name": "Свердловский район", "total_levels": 149.0, "district_total_levels": 8998.0, "population_2020": 163470, "population_estimated": 2707, "pvz_count": 0, "pvz_per_10k_people": 0.0 }, "geometry": { "type": "Polygon", "coordinates": [ [ [ 495775.137274723849259, 6202709.110703529790044 ], [ 495701.161143475910649, 6202160.96384705696255 ], [ 496130.970216020767111, 6201804.717473974451423 ], [ 496634.732432076707482, 6201996.624459181912243 ], [ 496708.692248101579025, 6202544.754392717033625 ], [ 496278.906161750725005, 6202900.994262059219182 ], [ 495775.137274723849259, 6202709.110703529790044 ] ] ] } },
{ "type": "Feature", "properties": { "h3_id": "880b9a292dfffff", "h3_resolution": 8, "center_lat": 56.057346511919029, "center_lng": 93.014658372277736, "district_name": "Ленинский район", "total_levels": 142.0, "district_total_levels": 4826.0, "population_2020": 156777, "population_estimated": 4613, "pvz_count": 0, "pvz_per_10k_people": 0.0 }, "geometry": { "type": "Polygon", "coordinates": [ [ [ 500483.279299553541932, 6212818.430242704227567 ], [ 500409.402699578087777, 6212270.654741588979959 ], [ 500838.986967049131636, 6211914.450347826816142 ], [ 501342.424843170971144, 6212106.028091113083065 ], [ 501416.285024237004109, 6212653.786738224327564 ], [ 500986.723746543517336, 6213009.98449414037168 ], [ 500483.279299553541932, 6212818.430242704227567 ] ] ] } },
{ "type": "Feature", "properties": { "h3_id": "880b9a2b2bfffff", "h3_resolution": 8, "center_lat": 56.082441440075151, "center_lng": 92.913265661931817, "district_name": "Центральный район", "total_levels": 0.0, "district_total_levels": 8464.0, "population_2020": 86061, "population_estimated": 0, "pvz_count": 0, "pvz_per_10k_people": 0.0 }, "geometry": { "type": "Polygon", "coordinates": [ [ [ 494172.362647819973063, 6215614.855430749244988 ], [ 494098.37743969989242, 6215067.010287958197296 ], [ 494528.112524984462652, 6214710.703662629239261 ], [ 495031.809802770090755, 6214902.248857502825558 ], [ 495105.778541103529278, 6215450.077155102044344 ], [ 494676.066469887387939, 6215806.377101107500494 ], [ 494172.362647819973063, 6215614.855430749244988 ] ] ] } },
{ "type": "Feature", "properties": { "h3_id": "880b9a766dfffff", "h3_resolution": 8, "center_lat": 55.970667771779155, "center_lng": 92.741096029348526, "district_name": "Свердловский район", "total_levels": 56.0, "district_total_levels": 8998.0, "population_2020": 163470, "population_estimated": 1017, "pvz_count": 0, "pvz_per_10k_people": 0.0 }, "geometry": { "type": "Polygon", "coordinates": [ [ [ 483410.374199546175078, 6203201.689083629287779 ], [ 483336.179377678432502, 6202653.274264576844871 ], [ 483766.330380272585899, 6202296.841081626713276 ], [ 484270.653178308042698, 6202488.829233264550567 ], [ 484344.831643472192809, 6203037.227115633897483 ], [ 483914.703665755339898, 6203393.653781124390662 ], [ 483410.374199546175078, 6203201.689083629287779 ] ] ] } },
{ "type": "Feature", "properties": { "h3_id": "880b9a7641fffff", "h3_resolution": 8, "center_lat": 55.995019845388235, "center_lng": 92.723813721668975, "district_name": "Октябрьский район", "total_levels": 0.0, "district_total_levels": 17839.0, "population_2020": 186772, "population_estimated": 0, "pvz_count": 0, "pvz_per_10k_people": 0.0 }, "geometry": { "type": "Polygon", "coordinates": [ [ [ 482342.526924063626211, 6205916.187784567475319 ], [ 482268.316781207802705, 6205367.819520983844995 ], [ 482698.472448821528815, 6205011.362471599131823 ], [ 483202.815224768943153, 6205203.280238747596741 ], [ 483277.008976209326647, 6205751.631581001915038 ], [ 482846.876341569295619, 6206108.082075516693294 ], [ 482342.526924063626211, 6205916.187784567475319 ] ] ] } },
{ "type": "Feature", "properties": { "h3_id": "880b9a0cabfffff", "h3_resolution": 8, "center_lat": 55.999346764011044, "center_lng": 92.678828067903211, "district_name": "Октябрьский район", "total_levels": 0.0, "district_total_levels": 17839.0, "population_2020": 186772, "population_estimated": 0, "pvz_count": 0, "pvz_per_10k_people": 0.0 }, "geometry": { "type": "Polygon", "coordinates": [ [ [ 479538.687783273635432, 6206409.92866253387183 ], [ 479464.428438454284333, 6205861.509633458219469 ], [ 479894.657755204942077, 6205505.009130196645856 ], [ 480399.123372837959323, 6205696.934217263944447 ], [ 480473.366312384896446, 6206245.336324259638786 ], [ 480043.160038022208028, 6206601.830264350399375 ], [ 479538.687783273635432, 6206409.92866253387183 ] ] ] } },
{ "type": "Feature", "properties": { "h3_id": "880b9a7443fffff", "h3_resolution": 8, "center_lat": 55.991525875019505, "center_lng": 92.837942554350988, "district_name": "Свердловский район", "total_levels": 0.0, "district_total_levels": 8998.0, "population_2020": 163470, "population_estimated": 0, "pvz_count": 0, "pvz_per_10k_people": 0.0 }, "geometry": { "type": "Polygon", "coordinates": [ [ [ 489460.671561594761442, 6205504.64181618578732 ], [ 489386.587392516608816, 6204956.424437682144344 ], [ 489816.547854518750682, 6204600.075293035246432 ], [ 490320.569473527837545, 6204791.95007018558681 ], [ 490394.637276581139304, 6205340.150534462183714 ], [ 489964.699825099960435, 6205696.493133896961808 ], [ 489460.671561594761442, 6205504.64181618578732 ] ] ] } },
{ "type": "Feature", "properties": { "h3_id": "880b9a66d5fffff", "h3_resolution": 8, "center_lat": 56.080927683784665, "center_lng": 93.081738014542992, "district_name": "Советский район", "total_levels": 3.0, "district_total_levels": 14302.0, "population_2020": 368563, "population_estimated": 77, "pvz_count": 0, "pvz_per_10k_people": 0.0 }, "geometry": { "type": "Polygon", "coordinates": [ [ [ 504657.726963980996516, 6215445.839209387078881 ], [ 504583.929338764632121, 6214898.227644897066057 ], [ 505013.372364789131097, 6214542.078722059726715 ], [ 505516.590032871288713, 6214733.548032727092505 ], [ 505590.371220952423755, 6215281.142765138298273 ], [ 505160.951176538481377, 6215637.285017054527998 ], [ 504657.726963980996516, 6215445.839209387078881 ] ] ] } },
{ "type": "Feature", "properties": { "h3_id": "880b9a761dfffff", "h3_resolution": 8, "center_lat": 56.013580566980814, "center_lng": 92.76650260063748, "district_name": "Октябрьский район", "total_levels": 321.0, "district_total_levels": 17839.0, "population_2020": 186772, "population_estimated": 3361, "pvz_count": 1, "pvz_per_10k_people": 2.9753049687592976 }, "geometry": { "type": "Polygon", "coordinates": [ [ [ 485012.344843180675525, 6207972.088533589616418 ], [ 484938.184994246228598, 6207423.834645164199173 ], [ 485368.247004152857699, 6207067.411764486692846 ], [ 485872.445832946861628, 6207259.249351509846747 ], [ 485946.589274253114127, 6207807.486334955319762 ], [ 485516.55029284383636, 6208163.902634439058602 ], [ 485012.344843180675525, 6207972.088533589616418 ] ] ] } },
{ "type": "Feature", "properties": { "h3_id": "880b9a7615fffff", "h3_resolution": 8, "center_lat": 56.012129223018327, "center_lng": 92.781495290392371, "district_name": "Октябрьский район", "total_levels": 400.0, "district_total_levels": 17839.0, "population_2020": 186772, "population_estimated": 4188, "pvz_count": 0, "pvz_per_10k_people": 0.0 }, "geometry": { "type": "Polygon", "coordinates": [ [ [ 485946.589274253114127, 6207807.486334955319762 ], [ 485872.445832946861628, 6207259.249351509846747 ], [ 486302.483272834622767, 6206902.840945174917579 ], [ 486806.641127123555634, 6207094.676098793745041 ], [ 486880.768165422952734, 6207642.896177507936954 ], [ 486450.753750892938115, 6207999.298005414195359 ], [ 485946.589274253114127, 6207807.486334955319762 ] ] ] } },
{ "type": "Feature", "properties": { "h3_id": "880b9a7417fffff", "h3_resolution": 8, "center_lat": 56.008577796906074, "center_lng": 92.895631280629658, "district_name": "Центральный район", "total_levels": 90.0, "district_total_levels": 8464.0, "population_2020": 86061, "population_estimated": 915, "pvz_count": 1, "pvz_per_10k_people": 10.928961748633879 }, "geometry": { "type": "Polygon", "coordinates": [ [ [ 493062.359181299980264, 6207395.488874821923673 ], [ 492988.341843494214118, 6206847.402683828026056 ], [ 493418.184013007616159, 6206491.102138472720981 ], [ 493922.020515903714113, 6206682.894350958056748 ], [ 493996.021476139780134, 6207230.963644312694669 ], [ 493566.202309502288699, 6207587.257620910182595 ], [ 493062.359181299980264, 6207395.488874821923673 ] ] ] } },
{ "type": "Feature", "properties": { "h3_id": "880b9a744bfffff", "h3_resolution": 8, "center_lat": 55.992983207770024, "center_lng": 92.82296336532545, "district_name": "Железнодорожный район", "total_levels": 29.0, "district_total_levels": 3954.0, "population_2020": 100946, "population_estimated": 740, "pvz_count": 0, "pvz_per_10k_people": 0.0 }, "geometry": { "type": "Polygon", "coordinates": [ [ [ 488526.64023220539093, 6205669.145134055987 ], [ 488452.539692483027466, 6205120.910841081291437 ], [ 488882.524780247767922, 6204764.547219864092767 ], [ 489386.587392516608816, 6204956.424437682144344 ], [ 489460.671561594761442, 6205504.64181618578732 ], [ 489030.709487500309478, 6205860.998889420181513 ], [ 488526.64023220539093, 6205669.145134055987 ] ] ] } },
{ "type": "Feature", "properties": { "h3_id": "880b9a0ca3fffff", "h3_resolution": 8, "center_lat": 55.99790617709337, "center_lng": 92.693825447012031, "district_name": "Октябрьский район", "total_levels": 0.0, "district_total_levels": 17839.0, "population_2020": 186772, "population_estimated": 0, "pvz_count": 0, "pvz_per_10k_people": 0.0 }, "geometry": { "type": "Polygon", "coordinates": [ [ [ 480473.366312384896446, 6206245.336324259638786 ], [ 480399.123372837959323, 6205696.934217263944447 ], [ 480829.328149793902412, 6205340.448199289850891 ], [ 481333.752825496019796, 6205532.37084679491818 ], [ 481407.979364386061206, 6206080.756031963974237 ], [ 480977.797626682498958, 6206437.235489534214139 ], [ 480473.366312384896446, 6206245.336324259638786 ] ] ] } },
{ "type": "Feature", "properties": { "h3_id": "880b9a7649fffff", "h3_resolution": 8, "center_lat": 55.996463870663369, "center_lng": 92.708820665462923, "district_name": "Октябрьский район", "total_levels": 0.0, "district_total_levels": 17839.0, "population_2020": 186772, "population_estimated": 0, "pvz_count": 0, "pvz_per_10k_people": 0.0 }, "geometry": { "type": "Polygon", "coordinates": [ [ [ 481407.979364386061206, 6206080.756031963974237 ], [ 481333.752825496019796, 6205532.37084679491818 ], [ 481763.933052736276295, 6205175.899313448928297 ], [ 482268.316781207802705, 6205367.819520983844995 ], [ 482342.526924063626211, 6205916.187784567475319 ], [ 481912.36973293608753, 6206272.652760281227529 ], [ 481407.979364386061206, 6206080.756031963974237 ] ] ] } },
{ "type": "Feature", "properties": { "h3_id": "880b9a75e9fffff", "h3_resolution": 8, "center_lat": 55.958377294872271, "center_lng": 92.94491488364342, "district_name": "Свердловский район", "total_levels": 0.0, "district_total_levels": 8998.0, "population_2020": 163470, "population_estimated": 0, "pvz_count": 0, "pvz_per_10k_people": 0.0 }, "geometry": { "type": "Polygon", "coordinates": [ [ [ 496130.970216020767111, 6201804.717473974451423 ], [ 496056.999029932077974, 6201256.555170561186969 ], [ 496486.806365117314272, 6200900.316782324574888 ], [ 496990.561901368200779, 6201092.24718685913831 ], [ 497064.516783783212304, 6201640.392562227323651 ], [ 496634.732432076707482, 6201996.624459181912243 ], [ 496130.970216020767111, 6201804.717473974451423 ] ] ] } },
{ "type": "Feature", "properties": { "h3_id": "880b9a2b23fffff", "h3_resolution": 8, "center_lat": 56.080970691247103, "center_lng": 92.928266255939675, "district_name": "Центральный район", "total_levels": 0.0, "district_total_levels": 8464.0, "population_2020": 86061, "population_estimated": 0, "pvz_count": 0, "pvz_per_10k_people": 0.0 }, "geometry": { "type": "Polygon", "coordinates": [ [ [ 495105.778541103529278, 6215450.077155102044344 ], [ 495031.809802770090755, 6214902.248857502825558 ], [ 495461.520322962780483, 6214545.956674080342054 ], [ 495965.176569020957686, 6214737.499462896957994 ], [ 496039.128842210280709, 6215285.310915540903807 ], [ 495609.441332937392872, 6215641.596422410570085 ], [ 495105.778541103529278, 6215450.077155102044344 ] ] ] } },
{ "type": "Feature", "properties": { "h3_id": "880b9a2925fffff", "h3_resolution": 8, "center_lat": 56.055864654414357, "center_lng": 93.029638763542238, "district_name": "Ленинский район", "total_levels": 127.0, "district_total_levels": 4826.0, "population_2020": 156777, "population_estimated": 4126, "pvz_count": 0, "pvz_per_10k_people": 0.0 }, "geometry": { "type": "Polygon", "coordinates": [ [ [ 501416.285024237004109, 6212653.786738224327564 ], [ 501342.424843170971144, 6212106.028091113083065 ], [ 501771.984460378531367, 6211749.838139555417001 ], [ 502275.381270486745052, 6211941.413468271493912 ], [ 502349.225037280644756, 6212489.155261623673141 ], [ 501919.688406692293938, 6212845.338578105904162 ], [ 501416.285024237004109, 6212653.786738224327564 ] ] ] } },
{ "type": "Feature", "properties": { "h3_id": "880b9a75bdfffff", "h3_resolution": 8, "center_lat": 55.97538226983891, "center_lng": 93.002569631595051, "district_name": "Кировский район", "total_levels": 0.0, "district_total_levels": 5412.0, "population_2020": 125182, "population_estimated": 0, "pvz_count": 0, "pvz_per_10k_people": 0.0 }, "geometry": { "type": "Polygon", "coordinates": [ [ [ 499730.682308034505695, 6203695.899469554424286 ], [ 499656.77791121014161, 6203147.868133769370615 ], [ 500086.466838733176701, 6202791.678187717683613 ], [ 500590.037185715511441, 6202983.526090384460986 ], [ 500663.925267315236852, 6203531.54051470104605 ], [ 500234.259315614006482, 6203887.723945902660489 ], [ 499730.682308034505695, 6203695.899469554424286 ] ] ] } },
{ "type": "Feature", "properties": { "h3_id": "880b9a74a3fffff", "h3_resolution": 8, "center_lat": 56.024122641699783, "center_lng": 92.968325065074112, "district_name": "Ленинский район", "total_levels": 22.0, "district_total_levels": 4826.0, "population_2020": 156777, "population_estimated": 715, "pvz_count": 0, "pvz_per_10k_people": 0.0 }, "geometry": { "type": "Polygon", "coordinates": [ [ [ 497596.042124709638301, 6209121.067642315290868 ], [ 497522.108176153269596, 6208573.129557220265269 ], [ 497951.807399376179092, 6208216.892119228839874 ], [ 498455.417577550397255, 6208408.599353917874396 ], [ 498529.335141674207989, 6208956.520558198913932 ], [ 498099.658910510712303, 6209312.751406687311828 ], [ 497596.042124709638301, 6209121.067642315290868 ] ] ] } },
{ "type": "Feature", "properties": { "h3_id": "880b9a6651fffff", "h3_resolution": 8, "center_lat": 56.042581383724048, "center_lng": 93.011095506109086, "district_name": "Ленинский район", "total_levels": 21.0, "district_total_levels": 4826.0, "population_2020": 156777, "population_estimated": 682, "pvz_count": 0, "pvz_per_10k_people": 0.0 }, "geometry": { "type": "Polygon", "coordinates": [ [ [ 500261.642927570734173, 6211175.055521545931697 ], [ 500187.759758642991073, 6210627.231817437335849 ], [ 500617.365350468782708, 6210271.0286247106269 ], [ 501120.831122140341904, 6210462.655749932862818 ], [ 501194.69789057050366, 6211010.462589557282627 ], [ 500765.115286282380112, 6211366.659166533499956 ], [ 500261.642927570734173, 6211175.055521545931697 ] ] ] } },
{ "type": "Feature", "properties": { "h3_id": "880b9a76a1fffff", "h3_resolution": 8, "center_lat": 56.027744815391756, "center_lng": 92.854196164101808, "district_name": "Центральный район", "total_levels": 398.0, "district_total_levels": 8464.0, "population_2020": 86061, "population_estimated": 4047, "pvz_count": 1, "pvz_per_10k_people": 2.4709661477637757 }, "geometry": { "type": "Polygon", "coordinates": [ [ [ 490483.165290974604432, 6209533.451227615587413 ], [ 490409.105135155317839, 6208985.362449784763157 ], [ 490838.99975919368444, 6208629.017201965674758 ], [ 491342.931522932776716, 6208820.767329252324998 ], [ 491416.97526883991668, 6209368.839219189248979 ], [ 490987.103659373242408, 6209725.177867819555104 ], [ 490483.165290974604432, 6209533.451227615587413 ] ] ] } },
{ "type": "Feature", "properties": { "h3_id": "880b9a7591fffff", "h3_resolution": 8, "center_lat": 55.999754001864531, "center_lng": 92.985457892462549, "district_name": "Кировский район", "total_levels": 56.0, "district_total_levels": 5412.0, "population_2020": 125182, "population_estimated": 1295, "pvz_count": 0, "pvz_per_10k_people": 0.0 }, "geometry": { "type": "Polygon", "coordinates": [ [ [ 498663.347723528800998, 6206408.517956952564418 ], [ 498589.428581789834425, 6205860.533148065209389 ], [ 499019.122727845679037, 6205504.319390596821904 ], [ 499522.713030145619996, 6205696.096992278471589 ], [ 499596.615822052524891, 6206244.064905013889074 ], [ 499166.944659948290791, 6206600.272110296413302 ], [ 498663.347723528800998, 6206408.517956952564418 ] ] ] } },
{ "type": "Feature", "properties": { "h3_id": "880b9a76cdfffff", "h3_resolution": 8, "center_lat": 56.035029542211497, "center_lng": 92.779223823858544, "district_name": "Октябрьский район", "total_levels": 252.0, "district_total_levels": 17839.0, "population_2020": 186772, "population_estimated": 2638, "pvz_count": 2, "pvz_per_10k_people": 7.5815011372251702 }, "geometry": { "type": "Polygon", "coordinates": [ [ [ 485813.131895241036545, 6210356.691853183321655 ], [ 485738.989620440232102, 6209808.518632217310369 ], [ 486169.007096894667484, 6209452.101057497784495 ], [ 486673.143816307885572, 6209643.863314855843782 ], [ 486747.269658055913169, 6210192.019646706990898 ], [ 486317.275211892672814, 6210548.430608398281038 ], [ 485813.131895241036545, 6210356.691853183321655 ] ] ] } },
{ "type": "Feature", "properties": { "h3_id": "880b9a7737fffff", "h3_resolution": 8, "center_lat": 55.944260342428692, "center_lng": 92.857374533895566, "district_name": "Свердловский район", "total_levels": 0.0, "district_total_levels": 8998.0, "population_2020": 163470, "population_estimated": 0, "pvz_count": 0, "pvz_per_10k_people": 0.0 }, "geometry": { "type": "Polygon", "coordinates": [ [ [ 490661.998443195130676, 6200241.444596472196281 ], [ 490587.928039044607431, 6199693.117473116144538 ], [ 491017.9032020639861, 6199336.801716630347073 ], [ 491521.925770263071172, 6199528.819554772228003 ], [ 491595.979873124277219, 6200077.129732999019325 ], [ 491166.027707531873602, 6200433.439016287215054 ], [ 490661.998443195130676, 6200241.444596472196281 ] ] ] } },
{ "type": "Feature", "properties": { "h3_id": "880b9a0d99fffff", "h3_resolution": 8, "center_lat": 55.974998511114073, "center_lng": 92.696141754732082, "district_name": "Октябрьский район", "total_levels": 62.0, "district_total_levels": 17839.0, "population_2020": 186772, "population_estimated": 649, "pvz_count": 0, "pvz_per_10k_people": 0.0 }, "geometry": { "type": "Polygon", "coordinates": [ [ [ 480606.60862191405613, 6203695.147238476201892 ], [ 480532.364702255174052, 6203146.681607861071825 ], [ 480962.589471448154654, 6202790.204952112399042 ], [ 481467.035124453308526, 6202982.200450801290572 ], [ 481541.262673565594014, 6203530.649143978022039 ], [ 481111.060938674374484, 6203887.119273981079459 ], [ 480606.60862191405613, 6203695.147238476201892 ] ] ] } },
{ "type": "Feature", "properties": { "h3_id": "880b9a0db3fffff", "h3_resolution": 8, "center_lat": 55.962549714542853, "center_lng": 92.746852079702123, "district_name": "Свердловский район", "total_levels": 0.0, "district_total_levels": 8998.0, "population_2020": 163470, "population_estimated": 0, "pvz_count": 0, "pvz_per_10k_people": 0.0 }, "geometry": { "type": "Polygon", "coordinates": [ [ [ 483766.330380272585899, 6202296.841081626713276 ], [ 483692.140651656372938, 6201748.410787944681942 ], [ 484122.290067751542665, 6201391.985589617863297 ], [ 484626.60618874168722, 6201583.997188035398722 ], [ 484700.77957222861005, 6202132.410539920441806 ], [ 484270.653178308042698, 6202488.829233264550567 ], [ 483766.330380272585899, 6202296.841081626713276 ] ] ] } },
{ "type": "Feature", "properties": { "h3_id": "880b9a74e1fffff", "h3_resolution": 8, "center_lat": 56.013764939726869, "center_lng": 92.919859678633202, "district_name": "Советский район", "total_levels": 0.0, "district_total_levels": 14302.0, "population_2020": 368563, "population_estimated": 0, "pvz_count": 0, "pvz_per_10k_people": 0.0 }, "geometry": { "type": "Polygon", "coordinates": [ [ [ 494573.81314764067065, 6207970.766782099381089 ], [ 494499.823585465084761, 6207422.729959308169782 ], [ 494929.61810931871878, 6207066.450446245260537 ], [ 495433.379194526234642, 6207258.214329735375941 ], [ 495507.352376836643089, 6207806.234260499477386 ], [ 495077.58085225825198, 6208162.507197883911431 ], [ 494573.81314764067065, 6207970.766782099381089 ] ] ] } },
{ "type": "Feature", "properties": { "h3_id": "880b9a76b3fffff", "h3_resolution": 8, "center_lat": 56.055833127296012, "center_lng": 92.876216236513542, "district_name": "Центральный район", "total_levels": 275.0, "district_total_levels": 8464.0, "population_2020": 86061, "population_estimated": 2796, "pvz_count": 0, "pvz_per_10k_people": 0.0 }, "geometry": { "type": "Polygon", "coordinates": [ [ [ 491861.193097529758234, 6212656.933307753875852 ], [ 491787.162115652870853, 6212108.957812362350523 ], [ 492216.98926180053968, 6211752.624566375277936 ], [ 492720.824372372590005, 6211944.273454532958567 ], [ 492794.838912055478431, 6212492.232083258219063 ], [ 492365.0347818104201, 6212848.55868858192116 ], [ 491861.193097529758234, 6212656.933307753875852 ] ] ] } },
{ "type": "Feature", "properties": { "h3_id": "880b9a7553fffff", "h3_resolution": 8, "center_lat": 55.956120530757062, "center_lng": 92.890802754383273, "district_name": "Свердловский район", "total_levels": 0.0, "district_total_levels": 8998.0, "population_2020": 163470, "population_estimated": 0, "pvz_count": 0, "pvz_per_10k_people": 0.0 }, "geometry": { "type": "Polygon", "coordinates": [ [ [ 492751.996335910225753, 6201557.611075554974377 ], [ 492677.964873476768844, 6201009.365611995570362 ], [ 493107.869344489532523, 6200653.07729525398463 ], [ 493611.782283000880852, 6200845.04093000292778 ], [ 493685.797434862353839, 6201393.269459405913949 ], [ 493255.915957239805721, 6201749.551286292262375 ], [ 492751.996335910225753, 6201557.611075554974377 ] ] ] } },
{ "type": "Feature", "properties": { "h3_id": "880b9a74b5fffff", "h3_resolution": 8, "center_lat": 56.030769871001141, "center_lng": 92.977586831988006, "district_name": "Ленинский район", "total_levels": 0.0, "district_total_levels": 4826.0, "population_2020": 156777, "population_estimated": 0, "pvz_count": 0, "pvz_per_10k_people": 0.0 }, "geometry": { "type": "Polygon", "coordinates": [ [ [ 498173.581412459316198, 6209860.656997745856643 ], [ 498099.658910510712303, 6209312.751406687311828 ], [ 498529.335141674207989, 6208956.520558198913932 ], [ 499032.910881630436052, 6209148.201898032799363 ], [ 499106.816992242471315, 6209696.090613642707467 ], [ 498677.163752689084504, 6210052.314862951636314 ], [ 498173.581412459316198, 6209860.656997745856643 ] ] ] } },
{ "type": "Feature", "properties": { "h3_id": "880b9a7751fffff", "h3_resolution": 8, "center_lat": 55.959653130019269, "center_lng": 92.776803814803841, "district_name": "Свердловский район", "total_levels": 19.0, "district_total_levels": 8998.0, "population_2020": 163470, "population_estimated": 345, "pvz_count": 0, "pvz_per_10k_people": 0.0 }, "geometry": { "type": "Polygon", "coordinates": [ [ [ 485635.163183379743714, 6201967.99203731585294 ], [ 485561.006140412879176, 6201419.595626974478364 ], [ 485991.106303184817079, 6201063.199411394074559 ], [ 486495.340491492766887, 6201255.206103689037263 ], [ 486569.481198554858565, 6201803.585572740994394 ], [ 486139.404051667079329, 6202159.975288860499859 ], [ 485635.163183379743714, 6201967.99203731585294 ] ] ] } },
{ "type": "Feature", "properties": { "h3_id": "880b9a6613fffff", "h3_resolution": 8, "center_lat": 56.052895810705124, "center_lng": 93.059592928843401, "district_name": "Ленинский район", "total_levels": 0.0, "district_total_levels": 4826.0, "population_2020": 156777, "population_estimated": 0, "pvz_count": 0, "pvz_per_10k_people": 0.0 }, "geometry": { "type": "Polygon", "coordinates": [ [ [ 503282.099323638074566, 6212324.535811830312014 ], [ 503208.2719664813485, 6211776.810871999710798 ], [ 503637.782253646175377, 6211420.649802880361676 ], [ 504141.096916119102389, 6211612.220301222987473 ], [ 504214.907868271926418, 6212159.928387776017189 ], [ 503785.420561409962829, 6212516.082827351987362 ], [ 503282.099323638074566, 6212324.535811830312014 ] ] ] } },
{ "type": "Feature", "properties": { "h3_id": "880b9a7687fffff", "h3_resolution": 8, "center_lat": 56.043982864820741, "center_lng": 92.84271132313124, "district_name": "Центральный район", "total_levels": 0.0, "district_total_levels": 8464.0, "population_2020": 86061, "population_estimated": 0, "pvz_count": 0, "pvz_per_10k_people": 0.0 }, "geometry": { "type": "Polygon", "coordinates": [ [ [ 489771.50676392018795, 6211342.295916530303657 ], [ 489697.436531614453997, 6210794.238435429520905 ], [ 490127.334285019489471, 6210437.877477953210473 ], [ 490631.279249225161038, 6210629.580623750574887 ], [ 490705.333048526139464, 6211177.621227206662297 ], [ 490275.458315078169107, 6211533.975560597144067 ], [ 489771.50676392018795, 6211342.295916530303657 ] ] ] } },
{ "type": "Feature", "properties": { "h3_id": "880b9a7489fffff", "h3_resolution": 8, "center_lat": 56.036659445579183, "center_lng": 92.91766406015951, "district_name": "Советский район", "total_levels": 575.0, "district_total_levels": 14302.0, "population_2020": 368563, "population_estimated": 14818, "pvz_count": 7, "pvz_per_10k_people": 4.7239843433661761 }, "geometry": { "type": "Polygon", "coordinates": [ [ [ 494439.982301585027017, 6210519.042841169983149 ], [ 494365.994188000855502, 6209971.06974586378783 ], [ 494795.768972174089868, 6209614.781077737919986 ], [ 495299.508864164701663, 6209806.472113243304193 ], [ 495373.480567894002888, 6210354.42833212018013 ], [ 494943.728787939762697, 6210710.710390004329383 ], [ 494439.982301585027017, 6210519.042841169983149 ] ] ] } },
{ "type": "Feature", "properties": { "h3_id": "880b9a765bfffff", "h3_resolution": 8, "center_lat": 56.024594552301856, "center_lng": 92.730745107894023, "district_name": "Октябрьский район", "total_levels": 416.0, "district_total_levels": 17839.0, "population_2020": 186772, "population_estimated": 4355, "pvz_count": 4, "pvz_per_10k_people": 9.1848450057405273 }, "geometry": { "type": "Polygon", "coordinates": [ [ [ 482787.744595714902971, 6209206.060858152806759 ], [ 482713.546799444186036, 6208657.788776869885623 ], [ 483143.659422061929945, 6208301.329058703966439 ], [ 483647.946801930549555, 6208493.148019093088806 ], [ 483722.128169763309415, 6209041.403200027532876 ], [ 483292.038584615744185, 6209397.856319000944495 ], [ 482787.744595714902971, 6209206.060858152806759 ] ] ] } },
{ "type": "Feature", "properties": { "h3_id": "880b9a3903fffff", "h3_resolution": 8, "center_lat": 56.062279079983561, "center_lng": 92.731915424183669, "district_name": "Октябрьский район", "total_levels": 36.0, "district_total_levels": 17839.0, "population_2020": 186772, "population_estimated": 377, "pvz_count": 0, "pvz_per_10k_people": 0.0 }, "geometry": { "type": "Polygon", "coordinates": [ [ [ 482877.007567222986836, 6213399.985824033617973 ], [ 482802.817044790252112, 6212851.825909703038633 ], [ 483232.887989496230148, 6212495.355901337228715 ], [ 483737.126410460390616, 6212687.052461325190961 ], [ 483811.300455907941796, 6213235.195501442998648 ], [ 483381.252555827086326, 6213591.658853868953884 ], [ 482877.007567222986836, 6213399.985824033617973 ] ] ] } },
{ "type": "Feature", "properties": { "h3_id": "880b9a745dfffff", "h3_resolution": 8, "center_lat": 55.999645557612823, "center_lng": 92.83220261458608, "district_name": "Железнодорожный район", "total_levels": 0.0, "district_total_levels": 3954.0, "population_2020": 100946, "population_estimated": 0, "pvz_count": 0, "pvz_per_10k_people": 0.0 }, "geometry": { "type": "Polygon", "coordinates": [ [ [ 489104.798691682051867, 6206409.200724619440734 ], [ 489030.709487500309478, 6205860.998889420181513 ], [ 489460.671561594761442, 6205504.64181618578732 ], [ 489964.699825099960435, 6205696.493133896961808 ], [ 490038.772651701874565, 6206244.678059985861182 ], [ 489608.833590830385219, 6206601.028575553558767 ], [ 489104.798691682051867, 6206409.200724619440734 ] ] ] } },
{ "type": "Feature", "properties": { "h3_id": "880b9a2913fffff", "h3_resolution": 8, "center_lat": 56.109754952331429, "center_lng": 93.019647946896569, "district_name": "Советский район", "total_levels": 0.0, "district_total_levels": 14302.0, "population_2020": 368563, "population_estimated": 0, "pvz_count": 0, "pvz_per_10k_people": 0.0 }, "geometry": { "type": "Polygon", "coordinates": [ [ [ 500792.409818289277609, 6218651.515251295641065 ], [ 500718.548076213162858, 6218103.900576654821634 ], [ 501148.069839200528804, 6217747.685152733698487 ], [ 501651.430343568441458, 6217939.091118028387427 ], [ 501725.275600047432818, 6218486.688975263386965 ], [ 501295.776836207660381, 6218842.897682700306177 ], [ 500792.409818289277609, 6218651.515251295641065 ] ] ] } },
{ "type": "Feature", "properties": { "h3_id": "880b9a75abfffff", "h3_resolution": 8, "center_lat": 55.968734230699731, "center_lng": 92.993317190324319, "district_name": "Кировский район", "total_levels": 1.0, "district_total_levels": 5412.0, "population_2020": 125182, "population_estimated": 23, "pvz_count": 0, "pvz_per_10k_people": 0.0 }, "geometry": { "type": "Polygon", "coordinates": [ [ [ 499153.166513348638546, 6202956.017785913310945 ], [ 499079.250709432468284, 6202407.954068097285926 ], [ 499508.962613222305663, 6202051.757616885006428 ], [ 500012.567343118367717, 6202243.631386730819941 ], [ 500086.466838733176701, 6202791.678187717683613 ], [ 499656.77791121014161, 6203147.868133769370615 ], [ 499153.166513348638546, 6202956.017785913310945 ] ] ] } },
{ "type": "Feature", "properties": { "h3_id": "880b9a666bfffff", "h3_resolution": 8, "center_lat": 56.011567612826994, "center_lng": 93.018943003525507, "district_name": "Ленинский район", "total_levels": 0.0, "district_total_levels": 4826.0, "population_2020": 156777, "population_estimated": 0, "pvz_count": 0, "pvz_per_10k_people": 0.0 }, "geometry": { "type": "Polygon", "coordinates": [ [ [ 500751.46442075347295, 6207723.380959804169834 ], [ 500677.584519497526344, 6207175.477935283444822 ], [ 501107.207999374950305, 6206819.291748674586415 ], [ 501610.688399075297639, 6207011.015153452754021 ], [ 501684.551941310055554, 6207558.901292788796127 ], [ 501254.951441319193691, 6207915.080910615622997 ], [ 500751.46442075347295, 6207723.380959804169834 ] ] ] } },
{ "type": "Feature", "properties": { "h3_id": "880b9a2b11fffff", "h3_resolution": 8, "center_lat": 56.113447621445054, "center_lng": 92.905323694672717, "district_name": "Советский район", "total_levels": 558.0, "district_total_levels": 14302.0, "population_2020": 368563, "population_estimated": 14380, "pvz_count": 3, "pvz_per_10k_people": 2.0862308762169679 }, "geometry": { "type": "Polygon", "coordinates": [ [ [ 493682.846103542251512, 6219066.478627453558147 ], [ 493608.85733427311061, 6218518.713546368293464 ], [ 494038.573964310693555, 6218162.390399925410748 ], [ 494542.256340412772261, 6218353.839058925397694 ], [ 494616.228598428191617, 6218901.587315588258207 ], [ 494186.534990042971913, 6219257.903735765255988 ], [ 493682.846103542251512, 6219066.478627453558147 ] ] ] } },
{ "type": "Feature", "properties": { "h3_id": "880b9a7431fffff", "h3_resolution": 8, "center_lat": 55.992335292525318, "center_lng": 92.907083321459567, "district_name": "Свердловский район", "total_levels": 210.0, "district_total_levels": 8998.0, "population_2020": 163470, "population_estimated": 3815, "pvz_count": 1, "pvz_per_10k_people": 2.6212319790301439 }, "geometry": { "type": "Polygon", "coordinates": [ [ [ 493774.012190059060231, 6205586.707750597968698 ], [ 493700.004827573429793, 6205038.590458456426859 ], [ 494129.843689854489639, 6204682.305747635662556 ], [ 494633.666915603622328, 6204874.144870896823704 ], [ 494707.657923609367572, 6205422.2452551741153 ], [ 494277.842058799869847, 6205778.523422139696777 ], [ 493774.012190059060231, 6205586.707750597968698 ] ] ] } },
{ "type": "Feature", "properties": { "h3_id": "880b9a75d7fffff", "h3_resolution": 8, "center_lat": 55.994579365902794, "center_lng": 92.961237683326999, "district_name": "Кировский район", "total_levels": 468.0, "district_total_levels": 5412.0, "population_2020": 125182, "population_estimated": 10825, "pvz_count": 2, "pvz_per_10k_people": 1.8475750577367207 }, "geometry": { "type": "Polygon", "coordinates": [ [ [ 497152.406001650320832, 6205833.198857096023858 ], [ 497078.459091309283394, 6205285.164714095182717 ], [ 497508.20092012808891, 6204928.929948365315795 ], [ 498011.866670186456759, 6205120.735868981108069 ], [ 498085.797232990909833, 6205668.753110222518444 ], [ 497656.078391729388386, 6206024.981330689042807 ], [ 497152.406001650320832, 6205833.198857096023858 ] ] ] } },
{ "type": "Feature", "properties": { "h3_id": "880b9a0cbdfffff", "h3_resolution": 8, "center_lat": 56.006021983334897, "center_lng": 92.688052976292525, "district_name": "Октябрьский район", "total_levels": 0.0, "district_total_levels": 17839.0, "population_2020": 186772, "population_estimated": 0, "pvz_count": 0, "pvz_per_10k_people": 0.0 }, "geometry": { "type": "Polygon", "coordinates": [ [ [ 480117.408121453423519, 6207150.216798765584826 ], [ 480043.160038022208028, 6206601.830264350399375 ], [ 480473.366312384896446, 6206245.336324259638786 ], [ 480977.797626682498958, 6206437.235489534214139 ], [ 481052.02929788682377, 6206985.605107241310179 ], [ 480621.846065470483154, 6207342.092474460601807 ], [ 480117.408121453423519, 6207150.216798765584826 ] ] ] } },
{ "type": "Feature", "properties": { "h3_id": "880b9a0c91fffff", "h3_resolution": 8, "center_lat": 56.03036728432361, "center_lng": 92.670721359898991, "district_name": "Октябрьский район", "total_levels": 103.0, "district_total_levels": 17839.0, "population_2020": 186772, "population_estimated": 1078, "pvz_count": 0, "pvz_per_10k_people": 0.0 }, "geometry": { "type": "Polygon", "coordinates": [ [ [ 479049.555653707357123, 6209864.811954474076629 ], [ 478975.292097419442143, 6209316.47226934786886 ], [ 479405.502769498329144, 6208959.954650372266769 ], [ 479909.953946301597171, 6209151.783324879594147 ], [ 479984.201055647747125, 6209700.106108673848212 ], [ 479554.013433579180855, 6210056.617117376066744 ], [ 479049.555653707357123, 6209864.811954474076629 ] ] ] } },
{ "type": "Feature", "properties": { "h3_id": "880b9a2b3dfffff", "h3_resolution": 8, "center_lat": 56.089090448961301, "center_lng": 92.922534153693661, "district_name": "Центральный район", "total_levels": 0.0, "district_total_levels": 8464.0, "population_2020": 86061, "population_estimated": 0, "pvz_count": 0, "pvz_per_10k_people": 0.0 }, "geometry": { "type": "Polygon", "coordinates": [ [ [ 494750.040205661789514, 6216354.189627350308001 ], [ 494676.066469887387939, 6215806.377101107500494 ], [ 495105.778541103529278, 6215450.077155102044344 ], [ 495609.441332937392872, 6215641.596422410570085 ], [ 495683.398592036275659, 6216189.392108830623329 ], [ 495253.709534428373445, 6216545.685365853831172 ], [ 494750.040205661789514, 6216354.189627350308001 ] ] ] } },
{ "type": "Feature", "properties": { "h3_id": "880b9a7405fffff", "h3_resolution": 8, "center_lat": 55.980485203194313, "center_lng": 92.873625012328787, "district_name": "Свердловский район", "total_levels": 187.0, "district_total_levels": 8998.0, "population_2020": 163470, "population_estimated": 3397, "pvz_count": 2, "pvz_per_10k_people": 5.8875478363261706 }, "geometry": { "type": "Polygon", "coordinates": [ [ [ 491684.397101222013589, 6204271.167544024065137 ], [ 491610.350664696714375, 6203722.96848254557699 ], [ 492040.260191671724897, 6203366.656236405484378 ], [ 492544.193152106192429, 6203558.549577053636312 ], [ 492618.22324339451734, 6204106.731719695962965 ], [ 492188.336717940168455, 6204463.037438604980707 ], [ 491684.397101222013589, 6204271.167544024065137 ] ] ] } },
{ "type": "Feature", "properties": { "h3_id": "880b9a7603fffff", "h3_resolution": 8, "center_lat": 56.005462917612213, "center_lng": 92.772258857464195, "district_name": "Октябрьский район", "total_levels": 217.0, "district_total_levels": 17839.0, "population_2020": 186772, "population_estimated": 2272, "pvz_count": 1, "pvz_per_10k_people": 4.401408450704225 }, "geometry": { "type": "Polygon", "coordinates": [ [ [ 485368.247004152857699, 6207067.411764486692846 ], [ 485294.092243433056865, 6206519.142290376126766 ], [ 485724.152709124202374, 6206162.727315305732191 ], [ 486228.344908181403298, 6206354.588381161913276 ], [ 486302.483272834622767, 6206902.840945174917579 ], [ 485872.445832946861628, 6207259.249351509846747 ], [ 485368.247004152857699, 6207067.411764486692846 ] ] ] } },
{ "type": "Feature", "properties": { "h3_id": "880b9a296bfffff", "h3_resolution": 8, "center_lat": 56.068426798918566, "center_lng": 92.978974093040719, "district_name": "Советский район", "total_levels": 663.0, "district_total_levels": 14302.0, "population_2020": 368563, "population_estimated": 17086, "pvz_count": 0, "pvz_per_10k_people": 0.0 }, "geometry": { "type": "Polygon", "coordinates": [ [ [ 498261.350016372860409, 6214051.787915299646556 ], [ 498187.43561555078486, 6213503.994417726062238 ], [ 498617.070775481755845, 6213147.753339568153024 ], [ 499120.59733591141412, 6213339.312412882223725 ], [ 499194.495297029556241, 6213887.089061092585325 ], [ 498764.88313587824814, 6214243.323483442887664 ], [ 498261.350016372860409, 6214051.787915299646556 ] ] ] } }
]
}
